player_draftyear,player_id,year,draft_round,pick,draft_team,player_name,made_hall_of_fame,position_sub,position_standard,age,all_pros_made,pro_bowls_made,g,cmp,pass_att,pass_yds,pass_td,pass_int,rush_att,rush_yds,rush_tds,rec,rec_yds,rec_tds,tackles,interceptions,sacks,college_univ,state_code
2015Jameis Winston,WinsJa00,2015,1,1,TAM,Jameis Winston,No,QB,QB,21,0,1,26,540,913,6722,42,25,86,311,7,0,0,0,0,0,0,Florida St.,FL
2015Marcus Mariota,MariMa01,2015,1,2,TEN,Marcus Mariota,No,QB,QB,21,0,0,23,458,725,5590,42,18,79,516,4,1,41,1,0,0,0,Oregon,TN
2015Dante Fowler,FowlDa00,2015,1,3,JAX,Dante Fowler,No,OLB,LB,21,0,0,10,0,0,0,0,0,0,0,0,0,0,0,16,0,2.5,Florida,FL
2015Amari Cooper,CoopAm00,2015,1,4,OAK,Amari Cooper,No,WR,WR,21,0,1,26,0,0,0,0,0,3,-3,0,134,1970,9,0,0,0,Alabama,CA
2015Brandon Scherff,ScheBr00,2015,1,5,WAS,Brandon Scherff,No,T,T,23,0,0,27,0,0,0,0,0,0,0,0,0,0,0,0,0,0,Iowa,DC
2015Leonard Williams,WillLe02,2015,1,6,NYJ,Leonard Williams,No,DE,DE,21,0,0,26,0,0,0,0,0,0,0,0,0,0,0,56,0,9,USC,NY
2015Kevin White,WhitKe00,2015,1,7,CHI,Kevin White,No,WR,WR,23,0,0,4,0,0,0,0,0,1,9,0,19,187,0,0,0,0,West Virginia,IL
2015Vic Beasley,BeasVi00,2015,1,8,ATL,Vic Beasley,No,OLB,LB,23,0,0,26,0,0,0,0,0,0,0,0,0,0,0,44,1,13.5,Clemson,GA
2015Ereck Flowers,FlowEr00,2015,1,9,NYG,Ereck Flowers,No,T,T,21,0,0,25,0,0,0,0,0,0,0,0,1,-11,0,0,0,0,Miami (FL),NY
2015Todd Gurley,GurlTo01,2015,1,10,STL,Todd Gurley,No,RB,RB,21,0,1,23,0,0,0,0,0,416,1697,14,47,390,0,0,0,0,Georgia,MO
2015Trae Waynes,WaynTr00,2015,1,11,MIN,Trae Waynes,No,CB,DB,23,0,0,26,0,0,0,0,0,0,0,0,0,0,0,54,2,0,Michigan St.,MN
2015Danny Shelton,ShelDa01,2015,1,12,CLE,Danny Shelton,No,NT,DT,22,0,0,27,0,0,0,0,0,0,0,0,0,0,0,42,0,1.5,Washington,OH
2015Andrus Peat,PeatAn00,2015,1,13,NOR,Andrus Peat,No,T,T,21,0,0,21,0,0,0,0,0,0,0,0,0,0,0,0,0,0,Stanford,LA
2015DeVante Parker,ParkDe01,2015,1,14,MIA,DeVante Parker,No,WR,WR,22,0,0,24,0,0,0,0,0,0,0,0,64,979,5,0,0,0,Louisville,FL
2015Melvin Gordon,GordMe00,2015,1,15,SDG,Melvin Gordon,No,RB,RB,22,0,0,24,0,0,0,0,0,401,1479,9,66,538,2,0,0,0,Wisconsin,CA
2015Kevin Johnson,JohnKe04,2015,1,16,HOU,Kevin Johnson,No,CB,DB,23,0,0,22,0,0,0,0,0,0,0,0,0,0,0,65,1,0,Wake Forest,TX
2015Arik Armstead,ArmsAr01,2015,1,17,SFO,Arik Armstead,No,DT,DT,21,0,0,24,0,0,0,0,0,0,0,0,0,0,0,23,0,4.5,Oregon,CA
2015Marcus Peters,PeteMa00,2015,1,18,KAN,Marcus Peters,No,CB,DB,22,0,1,25,0,0,0,0,0,0,0,0,0,0,0,79,13,0,Washington,MO
2015Cameron Erving,ErviCa00,2015,1,19,CLE,Cameron Erving,No,C,C,23,0,0,24,0,0,0,0,0,0,0,0,0,0,0,0,0,0,Florida St.,OH
2015Nelson Agholor,AghoNe00,2015,1,20,PHI,Nelson Agholor,No,WR,WR,22,0,0,23,0,0,0,0,0,1,5,0,50,547,2,0,0,0,USC,PA
2015Cedric Ogbuehi,OgbuCe00,2015,1,21,CIN,Cedric Ogbuehi,No,T,T,23,0,0,15,0,0,0,0,0,0,0,0,0,0,0,0,0,0,Texas A&M,OH
2015Bud Dupree,DuprAl00,2015,1,22,PIT,Bud Dupree,No,OLB,LB,22,0,0,18,0,0,0,0,0,0,0,0,0,0,0,19,0,4,Kentucky,PA
2015Shane Ray,RayxSh00,2015,1,23,DEN,Shane Ray,No,DE,DE,22,0,0,24,0,0,0,0,0,0,0,0,0,0,0,33,0,8,Missouri,CO
2015D.J. Humphries,HumpD.00,2015,1,24,ARI,D.J. Humphries,No,T,T,21,0,0,10,0,0,0,0,0,0,0,0,0,0,0,0,0,0,Florida,AZ
2015Shaq Thompson,ThomSh01,2015,1,25,CAR,Shaq Thompson,No,OLB,LB,21,0,0,22,0,0,0,0,0,0,0,0,0,0,0,48,0,1,Washington,NC
2015Breshad Perriman,PerrBr02,2015,1,26,BAL,Breshad Perriman,No,WR,WR,22,0,0,10,0,0,0,0,0,1,2,0,20,280,1,0,0,0,Central Florida,MD
2015Byron Jones,JoneBy00,2015,1,27,DAL,Byron Jones,No,CB,DB,23,0,0,27,0,0,0,0,0,0,0,0,0,0,0,92,0,0,Connecticut,TX
2015Laken Tomlinson,TomlLa01,2015,1,28,DET,Laken Tomlinson,No,G,G,23,0,0,27,0,0,0,0,0,0,0,0,0,0,0,0,0,0,Duke,MI
2015Phillip Dorsett,DorsPh00,2015,1,29,IND,Phillip Dorsett,No,WR,WR,22,0,0,21,0,0,0,0,0,4,20,0,42,620,2,0,0,0,Miami (FL),IN
2015Damarious Randall,RandDa00,2015,1,30,GNB,Damarious Randall,No,FS,DB,23,0,0,19,0,0,0,0,0,0,0,0,0,0,0,66,4,0,Arizona St.,WI
2015Stephone Anthony,AnthSt00,2015,1,31,NOR,Stephone Anthony,No,ILB,LB,23,0,0,23,0,0,0,0,0,0,0,0,0,0,0,74,1,1,Clemson,LA
2015Malcom Brown,BrowMa01,2015,1,32,NWE,Malcom Brown,No,DT,DT,21,0,0,26,0,0,0,0,0,0,0,0,0,0,0,47,0,5,Texas,MA
2015Landon Collins,CollLa00,2015,2,33,NYG,Landon Collins,No,SS,DB,21,0,0,26,0,0,0,0,0,0,0,0,0,0,0,146,6,3,Alabama,NY
2015Donovan Smith,SmitDo02,2015,2,34,TAM,Donovan Smith,No,T,T,22,0,0,26,0,0,0,0,0,0,0,0,0,0,0,0,0,0,Penn St.,FL
2015Mario Edwards,EdwaMa01,2015,2,35,OAK,Mario Edwards,No,DT,DT,21,0,0,14,0,0,0,0,0,0,0,0,0,0,0,33,0,2,Florida St.,CA
2015T.J. Yeldon,YeldT.00,2015,2,36,JAX,T.J. Yeldon,No,RB,RB,21,0,0,22,0,0,0,0,0,265,1041,3,70,496,2,0,0,0,Alabama,FL
2015Devin Smith,SmitDe04,2015,2,37,NYJ,Devin Smith,No,WR,WR,23,0,0,10,0,0,0,0,0,0,0,0,9,115,1,0,0,0,Ohio St.,NY
2015Preston Smith,SmitPr00,2015,2,38,WAS,Preston Smith,No,DE,DE,22,0,0,27,0,0,0,0,0,0,0,0,0,0,0,37,1,11.5,Mississippi St.,DC
2015Eddie Goldman,GoldEd00,2015,2,39,CHI,Eddie Goldman,No,DT,DT,21,0,0,18,0,0,0,0,0,0,0,0,0,0,0,22,0,6,Florida St.,IL
2015Dorial Green-Beckham,GreeDo00,2015,2,40,TEN,Dorial Green-Beckham,No,WR,WR,22,0,0,26,0,0,0,0,0,0,0,0,55,797,6,0,0,0,Oklahoma,TN
2015Devin Funchess,FuncDe00,2015,2,41,CAR,Devin Funchess,No,TE,TE,21,0,0,26,0,0,0,0,0,0,0,0,47,739,8,0,0,0,Michigan,NC
2015Jalen Collins,CollJa02,2015,2,42,ATL,Jalen Collins,No,CB,DB,22,0,0,19,0,0,0,0,0,0,0,0,0,0,0,19,0,0,LSU,GA
2015Benardrick McKinney,McKiBe00,2015,2,43,HOU,Benardrick McKinney,No,ILB,LB,22,0,0,24,0,0,0,0,0,0,0,0,0,0,0,88,0,4,Mississippi St.,TX
2015Hau'oli Kikaha,KikaHa00,2015,2,44,NOR,Hau'oli Kikaha,No,OLB,LB,23,0,0,15,0,0,0,0,0,0,0,0,0,0,0,32,0,4,Washington,LA
2015Eric Kendricks,KendEr00,2015,2,45,MIN,Eric Kendricks,No,ILB,LB,23,0,0,24,0,0,0,0,0,0,0,0,0,0,0,115,1,4,UCLA,MN
2015Jaquiski Tartt,TartJa00,2015,2,46,SFO,Jaquiski Tartt,No,SS,DB,23,0,0,24,0,0,0,0,0,0,0,0,0,0,0,62,1,2,Samford,CA
2015Eric Rowe,RoweEr00,2015,2,47,PHI,Eric Rowe,No,CB,DB,22,0,0,20,0,0,0,0,0,0,0,0,0,0,0,35,1,0,Utah,PA
2015Denzel Perryman,PerrDe00,2015,2,48,SDG,Denzel Perryman,No,ILB,LB,21,0,0,21,0,0,0,0,0,0,0,0,0,0,0,83,1,3,Miami (FL),CA
2015Mitch Morse,MorsMi00,2015,2,49,KAN,Mitch Morse,No,G,G,23,0,0,25,0,0,0,0,0,0,0,0,0,0,0,0,0,0,Missouri,MO
2015Ronald Darby,DarbRo00,2015,2,50,BUF,Ronald Darby,No,CB,DB,21,0,0,24,0,0,0,0,0,0,0,0,0,0,0,98,2,0,Florida St.,NY
2015Nate Orchard,OrchNa00,2015,2,51,CLE,Nate Orchard,No,DE,DE,22,0,0,18,0,0,0,0,0,0,0,0,0,0,0,26,1,3,Utah,OH
2015Jordan Phillips,PhilJo01,2015,2,52,MIA,Jordan Phillips,No,NT,DT,23,0,0,25,0,0,0,0,0,0,0,0,0,0,0,21,1,2.5,Oklahoma,FL
2015Jake Fisher,FishJa00,2015,2,53,CIN,Jake Fisher,No,T,T,22,0,0,23,0,0,0,0,0,0,0,0,1,31,0,0,0,0,Oregon,OH
2015Ameer Abdullah,AbduAm00,2015,2,54,DET,Ameer Abdullah,No,RB,RB,22,0,0,19,0,0,0,0,0,161,698,2,30,240,2,0,0,0,Nebraska,MI
2015Maxx Williams,WillMa04,2015,2,55,BAL,Maxx Williams,No,TE,TE,21,0,0,18,0,0,0,0,0,0,0,0,32,268,1,0,0,0,Minnesota,MD
2015Senquez Golson,GolsSe00,2015,2,56,PIT,Senquez Golson,No,CB,DB,22,0,0,0,0,0,0,0,0,0,0,0,0,0,0,0,0,0,Mississippi,PA
2015Rob Havenstein,HaveRo00,2015,2,57,STL,Rob Havenstein,No,T,T,23,0,0,23,0,0,0,0,0,0,0,0,0,0,0,0,0,0,Wisconsin,MO
2015Markus Golden,GoldMa00,2015,2,58,ARI,Markus Golden,No,DE,DE,24,0,0,25,0,0,0,0,0,0,0,0,0,0,0,45,0,10,Missouri,AZ
2015Ty Sambrailo,SambTy00,2015,2,59,DEN,Ty Sambrailo,No,T,T,23,0,0,9,0,0,0,0,0,0,0,0,0,0,0,0,0,0,Colorado St.,CO
2015Randy Gregory,GregRa00,2015,2,60,DAL,Randy Gregory,No,OLB,LB,22,0,0,12,0,0,0,0,0,0,0,0,0,0,0,7,0,0,Nebraska,TX
2015Ali Marpet,MarpAl00,2015,2,61,TAM,Ali Marpet,No,C,C,22,0,0,23,0,0,0,0,0,0,0,0,0,0,0,0,0,0,Hobart,FL
2015Quinten Rollins,RollQu00,2015,2,62,GNB,Quinten Rollins,No,CB,DB,23,0,0,21,0,0,0,0,0,0,0,0,0,0,0,39,2,1,Miami (OH),WI
2015Frank Clark,ClarFr01,2015,2,63,SEA,Frank Clark,No,DE,DE,22,0,0,24,0,0,0,0,0,0,0,0,0,0,0,31,0,10.5,Michigan,WA
2015Jordan Richards,RichJo00,2015,2,64,NWE,Jordan Richards,No,SS,DB,22,0,0,23,0,0,0,0,0,0,0,0,0,0,0,16,0,0,Stanford,MA
2015D'Joun Smith,SmitDJ00,2015,3,65,IND,D'Joun Smith,No,CB,DB,23,0,0,4,0,0,0,0,0,0,0,0,0,0,0,0,0,0,Florida Atlantic,IN
2015Jeremiah Poutasi,PoutJe00,2015,3,66,TEN,Jeremiah Poutasi,No,G,G,21,0,0,11,0,0,0,0,0,0,0,0,0,0,0,0,0,0,Utah,TN
2015A.J. Cann,CannA.00,2015,3,67,JAX,A.J. Cann,No,G,G,23,0,0,24,0,0,0,0,0,0,0,0,0,0,0,0,0,0,South Carolina,FL
2015Clive Walford,WalfCl00,2015,3,68,OAK,Clive Walford,No,TE,TE,23,0,0,25,0,0,0,0,0,0,0,0,51,556,4,0,0,0,Miami (FL),CA
2015Tyler Lockett,LockTy00,2015,3,69,SEA,Tyler Lockett,No,WR,WR,23,1,1,26,0,0,0,0,0,7,35,0,74,989,6,0,0,0,Kansas St.,WA
2015Jaelen Strong,StroJa01,2015,3,70,HOU,Jaelen Strong,No,WR,WR,21,0,0,18,0,0,0,0,0,0,0,0,28,292,3,0,0,0,Arizona St.,TX
2015Hroniss Grasu,GrasHr00,2015,3,71,CHI,Hroniss Grasu,No,C,C,24,0,0,8,0,0,0,0,0,0,0,0,0,0,0,0,0,0,Oregon,IL
2015Jamon Brown,BrowJa04,2015,3,72,STL,Jamon Brown,No,T,T,22,0,0,14,0,0,0,0,0,0,0,0,0,0,0,0,0,0,Louisville,MO
2015Tevin Coleman,ColeTe01,2015,3,73,ATL,Tevin Coleman,No,RB,RB,22,0,0,19,0,0,0,0,0,146,626,6,21,344,1,0,0,0,Indiana,GA
2015Owamagbe Odighizuwa,OdigOw00,2015,3,74,NYG,Owamagbe Odighizuwa,No,DE,DE,23,0,0,14,0,0,0,0,0,0,0,0,0,0,0,3,0,0,UCLA,NY
2015Garrett Grayson,GrayGa00,2015,3,75,NOR,Garrett Grayson,No,QB,QB,24,0,0,1,0,0,0,0,0,0,0,0,0,0,0,0,0,0,Colorado St.,LA
2015Chris Conley,ConlCh00,2015,3,76,KAN,Chris Conley,No,WR,WR,22,0,0,26,0,0,0,0,0,0,0,0,48,553,1,0,0,0,Georgia,MO
2015Duke Johnson,JohnDu00,2015,3,77,CLE,Duke Johnson,No,RB,RB,22,0,0,27,0,0,0,0,0,155,636,1,103,918,2,0,0,0,Miami (FL),OH
2015P.J. Williams,WillP.00,2015,3,78,NOR,P.J. Williams,No,CB,DB,22,0,0,2,0,0,0,0,0,0,0,0,0,0,0,5,0,0,Florida St.,LA
2015Eli Harold,HaroEl00,2015,3,79,SFO,Eli Harold,No,OLB,LB,21,0,0,26,0,0,0,0,0,0,0,0,0,0,0,24,0,1,Virginia,CA
2015Alex Carter,CartAl01,2015,3,80,DET,Alex Carter,No,CB,DB,20,0,0,0,0,0,0,0,0,0,0,0,0,0,0,0,0,0,Stanford,MI
2015John Miller,MillJo04,2015,3,81,BUF,John Miller,No,G,G,22,0,0,22,0,0,0,0,0,0,0,0,0,0,0,0,0,0,Louisville,NY
2015Lorenzo Mauldin,MaulLo00,2015,3,82,NYJ,Lorenzo Mauldin,No,OLB,LB,22,0,0,25,0,0,0,0,0,0,0,0,0,0,0,13,1,6.5,Louisville,NY
2015Craig Mager,MageCr00,2015,3,83,SDG,Craig Mager,No,CB,DB,23,0,0,18,0,0,0,0,0,0,0,0,0,0,0,21,1,0,Texas St.,CA
2015Jordan Hicks,HickJo00,2015,3,84,PHI,Jordan Hicks,No,OLB,LB,23,0,0,18,0,0,0,0,0,0,0,0,0,0,0,77,4,2,Texas,PA
2015Tyler Kroft,KrofTy00,2015,3,85,CIN,Tyler Kroft,No,TE,TE,22,0,0,26,0,0,0,0,0,0,0,0,21,221,1,0,0,0,Rutgers,OH
2015David Johnson,JohnDa08,2015,3,86,ARI,David Johnson,No,RB,RB,23,0,0,26,0,0,0,0,0,322,1444,18,83,967,6,0,0,0,Northern Iowa,AZ
2015Sammie Coates,CoatSa00,2015,3,87,PIT,Sammie Coates,No,WR,WR,22,0,0,18,0,0,0,0,0,2,5,0,21,436,2,0,0,0,Auburn,PA
2015Danielle Hunter,HuntDa01,2015,3,88,MIN,Danielle Hunter,No,DE,DE,20,0,0,25,0,0,0,0,0,0,0,0,0,0,0,42,0,13.5,LSU,MN
2015Sean Mannion,MannSe00,2015,3,89,STL,Sean Mannion,No,QB,QB,23,0,0,1,6,7,31,0,0,0,0,0,0,0,0,0,0,0,Oregon St.,MO
2015Carl Davis,DaviCa01,2015,3,90,BAL,Carl Davis,No,DT,DT,23,0,0,13,0,0,0,0,0,0,0,0,0,0,0,4,0,0,Iowa,MD
2015Chaz Green,GreeCh02,2015,3,91,DAL,Chaz Green,No,T,T,23,0,0,4,0,0,0,0,0,0,0,0,0,0,0,0,0,0,Florida,TX
2015Jeff Heuerman,HeueJe00,2015,3,92,DEN,Jeff Heuerman,No,TE,TE,22,0,0,7,0,0,0,0,0,0,0,0,2,48,0,0,0,0,Ohio St.,CO
2015Henry Anderson,AndeHe00,2015,3,93,IND,Henry Anderson,No,DE,DE,24,0,0,15,0,0,0,0,0,0,0,0,0,0,0,21,0,1,Stanford,IN
2015Ty Montgomery,MontTy01,2015,3,94,GNB,Ty Montgomery,No,WR,WR,22,0,0,15,0,0,0,0,0,31,159,0,43,376,2,0,0,0,Stanford,WI
2015Matt Jones,JoneMa04,2015,3,95,WAS,Matt Jones,No,RB,RB,22,0,0,20,0,0,0,0,0,243,950,6,27,377,1,0,0,0,Florida,DC
2015Xavier Cooper,CoopXa00,2015,3,96,CLE,Xavier Cooper,No,DT,DT,23,0,0,23,0,0,0,0,0,0,0,0,0,0,0,20,0,1.5,Washington St.,OH
2015Geneo Grissom,GrisGe00,2015,3,97,NWE,Geneo Grissom,No,DE,DE,23,0,0,20,0,0,0,0,0,0,0,0,0,0,0,3,0,1,Oklahoma,MA
2015Steven Nelson,NelsSt01,2015,3,98,KAN,Steven Nelson,No,CB,DB,22,0,0,22,0,0,0,0,0,0,0,0,0,0,0,39,0,0,Oregon St.,MO
2015Paul Dawson,DawsPa00,2015,3,99,CIN,Paul Dawson,No,ILB,LB,22,0,0,11,0,0,0,0,0,0,0,0,0,0,0,3,0,0,TCU,OH
2015Angelo Blackson,BlacAn00,2015,4,100,TEN,Angelo Blackson,No,DT,DT,22,0,0,27,0,0,0,0,0,0,0,0,0,0,0,12,0,2.5,Auburn,TN
2015Trey Flowers,FlowTr00,2015,4,101,NWE,Trey Flowers,No,DE,DE,22,0,0,11,0,0,0,0,0,0,0,0,0,0,0,14,0,4,Arkansas,MA
2015Daryl Williams,WillDa06,2015,4,102,CAR,Daryl Williams,No,G,G,23,0,0,20,0,0,0,0,0,0,0,0,0,0,0,0,0,0,Oklahoma,NC
2015Bryce Petty,PettBr01,2015,4,103,NYJ,Bryce Petty,No,QB,QB,24,0,0,2,21,34,182,1,1,0,0,0,0,0,0,0,0,0,Baylor,NY
2015James Sample,SampJa00,2015,4,104,JAX,James Sample,No,SS,DB,23,0,0,4,0,0,0,0,0,0,0,0,0,0,0,8,0,0,Louisville,FL
2015Jamison Crowder,CrowJa00,2015,4,105,WAS,Jamison Crowder,No,WR,WR,22,0,0,27,0,1,0,0,0,4,0,0,114,1329,8,0,0,0,Duke,DC
2015Jeremy Langford,LangJe00,2015,4,106,CHI,Jeremy Langford,No,RB,RB,23,0,0,22,0,0,0,0,0,187,677,9,35,357,1,0,0,0,Michigan St.,IL
2015Justin Hardy,HardJu00,2015,4,107,ATL,Justin Hardy,No,WR,WR,23,0,0,19,0,0,0,0,0,0,0,0,31,277,2,0,0,0,East Carolina,GA
2015Jalston Fowler,FowlJa00,2015,4,108,TEN,Jalston Fowler,No,FB,FB,25,0,0,27,0,0,0,0,0,7,13,1,6,58,1,0,0,0,Alabama,TN
2015Clayton Geathers,GeatCl00,2015,4,109,IND,Clayton Geathers,No,SS,DB,23,0,0,24,0,0,0,0,0,0,0,0,0,0,0,71,0,0,Central Florida,IN
2015T.J. Clemmings,ClemT.00,2015,4,110,MIN,T.J. Clemmings,No,T,T,23,0,0,26,0,0,0,0,0,0,0,0,0,0,0,0,0,0,Pittsburgh,MN
2015Tre' Jackson,JackTr00,2015,4,111,NWE,Tre' Jackson,No,G,G,22,0,0,13,0,0,0,0,0,0,0,0,0,0,0,0,0,0,Florida St.,MA
2015Arie Kouandjio,KouaAr00,2015,4,112,WAS,Arie Kouandjio,No,G,G,23,0,0,6,0,0,0,0,0,0,0,0,0,0,0,0,0,0,Alabama,DC
2015Gabe Wright,WrigGa00,2015,4,113,DET,Gabe Wright,No,DT,DT,23,0,0,10,0,0,0,0,0,0,0,0,0,0,0,7,0,0,Auburn,MI
2015Jamil Douglas,DougJa00,2015,4,114,MIA,Jamil Douglas,No,G,G,23,0,0,17,0,0,0,0,0,0,0,0,0,0,0,0,0,0,Arizona St.,FL
2015Ibraheim Campbell,CampIb00,2015,4,115,CLE,Ibraheim Campbell,No,SS,DB,23,0,0,24,0,0,0,0,0,0,0,0,0,0,0,31,0,0,Northwestern,OH
2015Rodney Gunter,GuntRo00,2015,4,116,ARI,Rodney Gunter,No,DT,DT,23,0,0,26,0,0,0,0,0,0,0,0,0,0,0,19,0,1,Delaware St.,AZ
2015Blake Bell,BellBl00,2015,4,117,SFO,Blake Bell,No,TE,TE,24,0,0,23,0,0,0,0,0,0,0,0,17,196,0,0,0,0,Oklahoma,CA
2015Ramik Wilson,WilsRa00,2015,4,118,KAN,Ramik Wilson,No,ILB,LB,23,0,0,16,0,0,0,0,0,0,0,0,0,0,0,35,1,0,Georgia,MO
2015Andrew Donnal,DonnAn00,2015,4,119,STL,Andrew Donnal,No,T,T,23,0,0,15,0,0,0,0,0,0,0,0,0,0,0,0,0,0,Iowa,MO
2015Josh Shaw,ShawJo00,2015,4,120,CIN,Josh Shaw,No,CB,DB,23,0,0,25,0,0,0,0,0,0,0,0,0,0,0,35,1,0,USC,OH
2015Doran Grant,GranDo00,2015,4,121,PIT,Doran Grant,No,CB,DB,22,0,0,3,0,0,0,0,0,0,0,0,0,0,0,0,0,0,Ohio St.,PA
2015Za'Darius Smith,SmitZa00,2015,4,122,BAL,Za'Darius Smith,No,DE,DE,23,0,0,25,0,0,0,0,0,0,0,0,0,0,0,29,0,6.5,Kentucky,MD
2015Vince Mayle,MaylVi00,2015,4,123,CLE,Vince Mayle,No,WR,WR,24,0,0,3,0,0,0,0,0,0,0,0,0,0,0,0,0,0,Washington St.,OH
2015Kwon Alexander,AlexKw00,2015,4,124,TAM,Kwon Alexander,No,OLB,LB,21,0,0,22,0,0,0,0,0,0,0,0,0,0,0,130,3,5,LSU,FL
2015Javorius Allen,AlleJa01,2015,4,125,BAL,Javorius Allen,No,RB,RB,24,0,0,23,0,0,0,0,0,146,548,1,48,368,2,0,0,0,USC,MD
2015Mike Davis,DaviMi01,2015,4,126,SFO,Mike Davis,No,RB,RB,22,0,0,14,0,0,0,0,0,54,108,1,10,63,0,0,0,0,South Carolina,CA
2015Damien Wilson,WilsDa02,2015,4,127,DAL,Damien Wilson,No,ILB,LB,22,0,0,27,0,0,0,0,0,0,0,0,0,0,0,17,0,0.5,Minnesota,TX
2015Jon Feliciano,FeliJo00,2015,4,128,OAK,Jon Feliciano,No,G,G,23,0,0,16,0,0,0,0,0,0,0,0,0,0,0,0,0,0,Miami (FL),CA
2015Jake Ryan,RyanJa00,2015,4,129,GNB,Jake Ryan,No,OLB,LB,23,0,0,23,0,0,0,0,0,0,0,0,0,0,0,71,0,0,Michigan,WI
2015Terry Poole,PoolTe00,2015,4,130,SEA,Terry Poole,No,G,G,23,0,0,0,0,0,0,0,0,0,0,0,0,0,0,0,0,0,San Diego St.,WA
2015Shaq Mason,MasoSh01,2015,4,131,NWE,Shaq Mason,No,C,C,22,0,0,24,0,0,0,0,0,0,0,0,0,0,0,0,0,0,Georgia Tech,MA
2015DeAndre Smelter,SmelDe00,2015,4,132,SFO,DeAndre Smelter,No,WR,WR,23,0,0,0,0,0,0,0,0,0,0,0,0,0,0,0,0,0,Georgia Tech,CA
2015Max Garcia,GarcMa00,2015,4,133,DEN,Max Garcia,No,C,C,23,0,0,25,0,0,0,0,0,0,0,0,0,0,0,0,0,0,Florida,CO
2015Mark Glowinski,GlowMa00,2015,4,134,SEA,Mark Glowinski,No,G,G,23,0,0,19,0,0,0,0,0,0,0,0,0,0,0,0,0,0,West Virginia,WA
2015Marcus Hardison,HardMa00,2015,4,135,CIN,Marcus Hardison,No,DE,DE,23,0,0,0,0,0,0,0,0,0,0,0,0,0,0,0,0,0,Arizona St.,OH
2015Tray Walker,WalkTr00,2015,4,136,BAL,Tray Walker,No,CB,DB,23,0,0,8,0,0,0,0,0,0,0,0,0,0,0,1,0,0,Texas Southern,MD
2015Grady Jarrett,JarrGr00,2015,5,137,ATL,Grady Jarrett,No,NT,DT,22,0,0,25,0,0,0,0,0,0,0,0,0,0,0,27,0,3,Clemson,GA
2015David Cobb,CobbDa00,2015,5,138,TEN,David Cobb,No,RB,RB,22,0,0,7,0,0,0,0,0,52,146,1,1,-2,0,0,0,0,Minnesota,TN
2015Rashad Greene,GreeRa00,2015,5,139,JAX,Rashad Greene,No,WR,WR,23,0,0,16,0,0,0,0,0,0,0,0,24,125,2,0,0,0,Florida St.,FL
2015Ben Heeney,HeenBe00,2015,5,140,OAK,Ben Heeney,No,ILB,LB,22,0,0,19,0,0,0,0,0,0,0,0,0,0,0,38,0,2.5,Kansas,CA
2015Martrell Spaight,SpaiMa00,2015,5,141,WAS,Martrell Spaight,No,OLB,LB,22,0,0,10,0,0,0,0,0,0,0,0,0,0,0,0,1,0,Arkansas,DC
2015Adrian Amos,AmosAd00,2015,5,142,CHI,Adrian Amos,No,FS,DB,22,0,0,26,0,0,0,0,0,0,0,0,0,0,0,97,0,1,Penn St.,IL
2015MyCole Pruitt,PruiMy00,2015,5,143,MIN,MyCole Pruitt,No,TE,TE,23,0,0,18,0,0,0,0,0,0,0,0,11,96,0,0,0,0,Southern Illinois,MN
2015Mykkele Thompson,ThomMy00,2015,5,144,NYG,Mykkele Thompson,No,S,DB,22,0,0,1,0,0,0,0,0,0,0,0,0,0,0,0,0,0,Texas,NY
2015Bobby McCain,McCaBo01,2015,5,145,MIA,Bobby McCain,No,CB,DB,22,0,0,26,0,0,0,0,0,0,0,0,0,0,0,36,1,1,Memphis,FL
2015Stefon Diggs,DiggSt00,2015,5,146,MIN,Stefon Diggs,No,WR,WR,21,0,0,22,0,0,0,0,0,6,23,0,119,1467,6,0,0,0,Maryland,MN
2015Brett Hundley,HundBr00,2015,5,147,GNB,Brett Hundley,No,QB,QB,22,0,0,2,2,7,17,0,1,1,0,0,0,0,0,0,0,0,UCLA,WI
2015Davis Tull,TullDa00,2015,5,148,NOR,Davis Tull,No,OLB,LB,23,0,0,0,0,0,0,0,0,0,0,0,0,0,0,0,0,0,Tenn-Chattanooga,LA
2015Jay Ajayi,AjayJa00,2015,5,149,MIA,Jay Ajayi,No,RB,RB,22,0,0,18,0,0,0,0,0,193,989,7,22,166,0,0,0,0,Boise St.,FL
2015Cedric Thompson,ThomCe00,2015,5,150,MIA,Cedric Thompson,No,FS,DB,22,0,0,0,0,0,0,0,0,0,0,0,0,0,0,0,0,0,Minnesota,FL
2015David Parry,ParrDa00,2015,5,151,IND,David Parry,No,NT,DT,23,0,0,27,0,0,0,0,0,0,0,0,0,0,0,40,0,3,Stanford,IN
2015Jarvis Harrison,HarrJa02,2015,5,152,NYJ,Jarvis Harrison,No,G,G,23,0,0,0,0,0,0,0,0,0,0,0,0,0,0,0,0,0,Texas A&M,NY
2015Kyle Emanuel,EmanKy00,2015,5,153,SDG,Kyle Emanuel,No,OLB,LB,24,0,0,25,0,0,0,0,0,0,0,0,0,0,0,27,1,1,North Dakota St.,CA
2015Tyeler Davison,DaviTy01,2015,5,154,NOR,Tyeler Davison,No,DT,DT,23,0,0,25,0,0,0,0,0,0,0,0,0,0,0,18,0,1.5,Fresno St.,LA
2015Karlos Williams,WillKa01,2015,5,155,BUF,Karlos Williams,No,RB,RB,22,0,0,11,0,0,0,0,0,93,517,7,11,96,2,0,0,0,Florida St.,NY
2015Tony Lippett,LippTo00,2015,5,156,MIA,Tony Lippett,No,WR,WR,23,0,0,19,0,0,0,0,0,0,0,0,0,0,0,35,2,0,Michigan St.,FL
2015C.J. Uzomah,UzomC.00,2015,5,157,CIN,C.J. Uzomah,No,TE,TE,22,0,0,13,0,0,0,0,0,0,0,0,18,197,0,0,0,0,Auburn,OH
2015Shaquille Riddick,RiddSh00,2015,5,158,ARI,Shaquille Riddick,No,DE,DE,22,0,0,0,0,0,0,0,0,0,0,0,0,0,0,0,0,0,West Virginia,AZ
2015JJ Nelson,NelsJJ00,2015,5,159,ARI,JJ Nelson,No,WR,WR,23,0,0,20,0,0,0,0,0,4,27,0,29,542,4,0,0,0,Ala-Birmingham,AZ
2015Jesse James,JameJe00,2015,5,160,PIT,Jesse James,No,TE,TE,21,0,0,19,0,0,0,0,0,0,0,0,37,292,4,0,0,0,Penn St.,PA
2015Neiron Ball,BallNe00,2015,5,161,OAK,Neiron Ball,No,OLB,LB,23,0,0,6,0,0,0,0,0,0,0,0,0,0,0,4,0,1,Florida,CA
2015Kenny Bell,BellKe02,2015,5,162,TAM,Kenny Bell,No,WR,WR,23,0,0,0,0,0,0,0,0,0,0,0,0,0,0,0,0,0,Nebraska,FL
2015Ryan Russell,RussRy00,2015,5,163,DAL,Ryan Russell,No,DE,DE,23,0,0,3,0,0,0,0,0,0,0,0,0,0,0,1,0,0,Purdue,TX
2015Lorenzo Doss,DossLo00,2015,5,164,DEN,Lorenzo Doss,No,CB,DB,21,0,0,10,0,0,0,0,0,0,0,0,0,0,0,3,0,0,Tulane,CO
2015Bradley Pinion,PiniBr00,2015,5,165,SFO,Bradley Pinion,No,P,P,21,0,0,26,0,0,0,0,0,0,0,0,0,0,0,0,0,0,Clemson,CA
2015Joe Cardona,CardJo00,2015,5,166,NWE,Joe Cardona,No,LS,LS,23,0,0,26,0,0,0,0,0,0,0,0,0,0,0,0,0,0,Navy,MA
2015Damian Swann,SwanDa02,2015,5,167,NOR,Damian Swann,No,CB,DB,22,0,0,7,0,0,0,0,0,0,0,0,0,0,0,20,0,0,Georgia,LA
2015Michael Burton,BurtMi00,2015,5,168,DET,Michael Burton,No,FB,FB,23,0,0,27,0,0,0,0,0,4,2,0,6,39,1,0,0,0,Rutgers,MI
2015David Mayo,MayoDa00,2015,5,169,CAR,David Mayo,No,LB,LB,22,0,0,22,0,0,0,0,0,0,0,0,0,0,0,2,0,0,Texas St.,NC
2015Tye Smith,SmitTy01,2015,5,170,SEA,Tye Smith,No,CB,DB,22,0,0,4,0,0,0,0,0,0,0,0,0,0,0,0,0,0,Towson,WA
2015Nick Boyle,BoylNi00,2015,5,171,BAL,Nick Boyle,No,TE,TE,22,0,0,11,0,0,0,0,0,0,0,0,18,153,0,0,0,0,Delaware,MD
2015D.J. Alexander,AlexD.00,2015,5,172,KAN,D.J. Alexander,No,OLB,LB,24,0,0,26,0,0,0,0,0,0,0,0,0,0,0,1,0,0,Oregon St.,MO
2015James O'Shaughnessy,O'ShJa00,2015,5,173,KAN,James O'Shaughnessy,No,TE,TE,23,0,0,17,0,0,0,0,0,0,0,0,7,87,0,0,0,0,Illinois St.,MO
2015Cameron Artis-Payne,ArtiCa00,2015,5,174,CAR,Cameron Artis-Payne,No,RB,RB,25,0,0,10,0,0,0,0,0,81,327,3,6,69,0,0,0,0,Auburn,NC
2015Keith Mumphery,MumpKe00,2015,5,175,HOU,Keith Mumphery,No,WR,WR,23,0,0,21,0,0,0,0,0,0,0,0,16,141,0,0,0,0,Michigan St.,TX
2015Robert Myers,MyerRo01,2015,5,176,BAL,Robert Myers,No,G,G,23,0,0,0,0,0,0,0,0,0,0,0,0,0,0,0,0,0,Tennessee St.,MD
2015Deiontrez Mount,MounDe00,2015,6,177,TEN,Deiontrez Mount,No,OLB,LB,22,0,0,4,0,0,0,0,0,0,0,0,0,0,0,0,1,0,Louisville,TN
2015Matthew Wells,WellMa00,2015,6,178,NWE,Matthew Wells,No,LB,LB,24,0,0,0,0,0,0,0,0,0,0,0,0,0,0,0,0,0,Mississippi St.,MA
2015Max Valles,VallMa00,2015,6,179,OAK,Max Valles,No,OLB,LB,21,0,0,0,0,0,0,0,0,0,0,0,0,0,0,0,0,0,Virginia,CA
2015Michael Bennett,BennMi01,2015,6,180,JAX,Michael Bennett,No,DT,DT,22,0,0,13,0,0,0,0,0,0,0,0,0,0,0,7,0,0.5,Ohio St.,FL
2015Kyshoen Jarrett,JarrKy00,2015,6,181,WAS,Kyshoen Jarrett,No,SS,DB,22,0,0,16,0,0,0,0,0,0,0,0,0,0,0,38,0,0,Virginia Tech,DC
2015Tevin Mitchel,MitcTe01,2015,6,182,WAS,Tevin Mitchel,No,CB,DB,23,0,0,0,0,0,0,0,0,0,0,0,0,0,0,0,0,0,Arkansas,DC
2015Tayo Fabuluje,FabuTa00,2015,6,183,CHI,Tayo Fabuluje,No,T,T,24,0,0,4,0,0,0,0,0,0,0,0,0,0,0,0,0,0,TCU,IL
2015Kaelin Clay,ClayKa00,2015,6,184,TAM,Kaelin Clay,No,WR,WR,23,0,0,7,0,0,0,0,0,0,0,0,0,0,0,0,0,0,Utah,FL
2015Tyrus Thompson,ThomTy01,2015,6,185,MIN,Tyrus Thompson,No,T,T,23,0,0,0,0,0,0,0,0,0,0,0,0,0,0,0,0,0,Oklahoma,MN
2015Geremy Davis,DaviGe00,2015,6,186,NYG,Geremy Davis,No,WR,WR,23,0,0,10,0,0,0,0,0,0,0,0,2,21,0,0,0,0,Connecticut,NY
2015Evan Spencer,SpenEv00,2015,6,187,WAS,Evan Spencer,No,WR,WR,0,0,0,1,0,0,0,0,0,0,0,0,0,0,0,0,0,0,Ohio St.,DC
2015Tony Steward,StewTo01,2015,6,188,BUF,Tony Steward,No,OLB,LB,23,0,0,7,0,0,0,0,0,0,0,0,0,0,0,1,0,0,Clemson,NY
2015Charles Gaines,GainCh00,2015,6,189,CLE,Charles Gaines,No,CB,DB,22,0,0,6,0,0,0,0,0,0,0,0,0,0,0,15,0,0,Louisville,OH
2015Ian Silberman,SilbIa00,2015,6,190,SFO,Ian Silberman,No,G,G,22,0,0,1,0,0,0,0,0,0,0,0,0,0,0,0,0,0,Boston Col.,CA
2015JaCorey Shepherd,ShepJa00,2015,6,191,PHI,JaCorey Shepherd,No,CB,DB,0,0,0,4,0,0,0,0,0,0,0,0,0,0,0,0,0,0,Kansas,PA
2015Darius Philon,PhilDa01,2015,6,192,SDG,Darius Philon,No,DT,DT,21,0,0,16,0,0,0,0,0,0,0,0,0,0,0,9,0,0,Arkansas,CA
2015B.J. Dubose,DuboB.00,2015,6,193,MIN,B.J. Dubose,No,DE,DE,23,0,0,0,0,0,0,0,0,0,0,0,0,0,0,0,0,0,Louisville,MN
2015Nick O'Leary,OLeaNi00,2015,6,194,BUF,Nick O'Leary,No,TE,TE,23,0,0,14,0,0,0,0,0,0,0,0,8,131,0,0,0,0,Florida St.,NY
2015Malcolm Johnson,JohnMa06,2015,6,195,CLE,Malcolm Johnson,No,TE,TE,23,0,0,19,0,0,0,0,0,1,2,0,9,59,0,0,0,0,Mississippi St.,OH
2015Randall Evans,EvanRa00,2015,6,196,PHI,Randall Evans,No,CB,DB,23,0,0,1,0,0,0,0,0,0,0,0,0,0,0,0,0,0,Kansas St.,PA
2015Derron Smith,SmitDe05,2015,6,197,CIN,Derron Smith,No,FS,DB,23,0,0,26,0,0,0,0,0,0,0,0,0,0,0,2,0,0,Fresno St.,OH
2015Randall Telfer,TelfRa00,2015,6,198,CLE,Randall Telfer,No,TE,TE,23,0,0,9,0,0,0,0,0,0,0,0,1,-3,0,0,0,0,USC,OH
2015Leterrius Walton,WaltLe00,2015,6,199,PIT,Leterrius Walton,No,DT,DT,23,0,0,10,0,0,0,0,0,0,0,0,0,0,0,0,0,0,Central Michigan,PA
2015Quandre Diggs,DiggQu00,2015,6,200,DET,Quandre Diggs,No,CB,DB,23,0,0,27,0,0,0,0,0,0,0,0,0,0,0,65,0,0,Texas,MI
2015Bud Sasser,SassBu00,2015,6,201,STL,Bud Sasser,No,WR,WR,0,0,0,0,0,0,0,0,0,0,0,0,0,0,0,0,0,0,Missouri,MO
2015A.J. Derby,DerbA.00,2015,6,202,NWE,A.J. Derby,No,TE,TE,24,0,0,6,0,0,0,0,0,0,0,0,2,22,0,0,0,0,Arkansas,MA
2015Darius Kilgo,KilgDa01,2015,6,203,DEN,Darius Kilgo,No,NT,DT,23,0,0,18,0,0,0,0,0,0,0,0,0,0,0,7,0,0,Maryland,CO
2015Darren Waller,WallDa01,2015,6,204,BAL,Darren Waller,No,WR,WR,23,0,0,12,0,0,0,0,0,0,0,0,6,49,1,0,0,0,Georgia Tech,MD
2015Josh Robinson,RobiJo02,2015,6,205,IND,Josh Robinson,No,RB,RB,23,0,0,5,0,0,0,0,0,17,39,0,6,33,0,0,0,0,Mississippi St.,IN
2015Aaron Ripkowski,RipkAa00,2015,6,206,GNB,Aaron Ripkowski,No,FB,FB,22,0,0,25,0,0,0,0,0,16,72,0,5,30,0,0,0,0,Oklahoma,WI
2015Amarlo Herrera,HerrAm00,2015,6,207,IND,Amarlo Herrera,No,ILB,LB,24,0,0,3,0,0,0,0,0,0,0,0,0,0,0,0,0,0,Georgia,IN
2015Andy Gallik,GallAn00,2015,6,208,TEN,Andy Gallik,No,C,C,24,0,0,11,0,0,0,0,0,0,0,0,0,0,0,0,0,0,Boston Col.,TN
2015Obum Gwacham,GwacOb00,2015,6,209,SEA,Obum Gwacham,No,DE,DE,24,0,0,10,0,0,0,0,0,0,0,0,0,0,0,3,0,2.5,Oregon St.,WA
2015Christian Ringo,RingCh00,2015,6,210,GNB,Christian Ringo,No,DE,DE,23,0,0,4,0,0,0,0,0,0,0,0,0,0,0,1,0,0,La-Lafayette,WI
2015Reshard Cliett,ClieRe00,2015,6,211,HOU,Reshard Cliett,No,OLB,LB,23,0,0,0,0,0,0,0,0,0,0,0,0,0,0,0,0,0,South Florida,TX
2015Anthony Chickillo,ChicAn00,2015,6,212,PIT,Anthony Chickillo,No,DE,DE,22,0,0,18,0,0,0,0,0,0,0,0,0,0,0,19,0,2.5,Miami (FL),PA
2015Kennard Backman,BackKe00,2015,6,213,GNB,Kennard Backman,No,TE,TE,22,0,0,7,0,0,0,0,0,0,0,0,0,0,0,0,0,0,Ala-Birmingham,WI
2015Kristjan Sokoli,SokoKr00,2015,6,214,SEA,Kristjan Sokoli,No,DT,DT,24,0,0,1,0,0,0,0,0,0,0,0,0,0,0,0,0,0,Buffalo,WA
2015Cody Wichmann,WichCo00,2015,6,215,STL,Cody Wichmann,No,G,G,23,0,0,21,0,0,0,0,0,0,0,0,0,0,0,0,0,0,Fresno St.,MO
2015Christian Covington,CoviCh00,2015,6,216,HOU,Christian Covington,No,DT,DT,21,0,0,25,0,0,0,0,0,0,0,0,0,0,0,15,0,2,Rice,TX
2015Rakeem Nunez-Roches,NuneRa00,2015,6,217,KAN,Rakeem Nunez-Roches,No,DT,DT,22,0,0,12,0,0,0,0,0,0,0,0,0,0,0,9,0,0,Southern Miss,MO
2015Anthony Morris,MorrAn00,2015,7,218,OAK,Anthony Morris,No,OL,G,23,0,0,0,0,0,0,0,0,0,0,0,0,0,0,0,0,0,Tennessee St.,CA
2015Hayes Pullard,PullHa00,2015,7,219,CLE,Hayes Pullard,No,ILB,LB,0,0,0,18,0,0,0,0,0,0,0,0,0,0,0,14,0,0,USC,OH
2015Neal Sterling,SterNe00,2015,7,220,JAX,Neal Sterling,No,WR,WR,23,0,0,15,0,0,0,0,0,0,0,0,1,10,0,0,0,0,Monmouth,FL
2015Andre Debose,DeboAn00,2015,7,221,OAK,Andre Debose,No,WR,WR,0,0,0,0,0,0,0,0,0,0,0,0,0,0,0,0,0,0,Florida,CA
2015Austin Reiter,ReitAu00,2015,7,222,WAS,Austin Reiter,No,C,C,23,0,0,1,0,0,0,0,0,0,0,0,0,0,0,0,0,0,South Florida,DC
2015Deon Simon,SimoDe00,2015,7,223,NYJ,Deon Simon,No,NT,DT,25,0,0,10,0,0,0,0,0,0,0,0,0,0,0,3,0,0,NW State (LA),NY
2015Bryce Hager,HageBr00,2015,7,224,STL,Bryce Hager,No,ILB,LB,23,0,0,26,0,0,0,0,0,0,0,0,0,0,0,0,0,0,Baylor,MO
2015Jake Rodgers,RodgJa02,2015,7,225,ATL,Jake Rodgers,No,T,T,0,0,0,0,0,0,0,0,0,0,0,0,0,0,0,0,0,0,East. Washington,GA
2015Bobby Hart,HartBo00,2015,7,226,NYG,Bobby Hart,No,G,G,21,0,0,18,0,0,0,0,0,0,0,0,0,0,0,0,0,0,Florida St.,NY
2015Martin Ifedi,IfedMa00,2015,7,227,STL,Martin Ifedi,No,DE,DE,24,0,0,0,0,0,0,0,0,0,0,0,0,0,0,0,0,0,Memphis,MO
2015Austin Shepherd,ShepAu00,2015,7,228,MIN,Austin Shepherd,No,T,T,23,0,0,14,0,0,0,0,0,0,0,0,0,0,0,0,0,0,Alabama,MN
2015Ben Koyack,KoyaBe00,2015,7,229,JAX,Ben Koyack,No,TE,TE,22,0,0,8,0,0,0,0,0,0,0,0,8,76,0,0,0,0,Notre Dame,FL
2015Marcus Murphy,MurpMa03,2015,7,230,NOR,Marcus Murphy,No,RB,RB,23,0,0,16,0,0,0,0,0,1,0,0,1,3,0,0,0,0,Missouri,LA
2015Joey Iosefa,IoseJo00,2015,7,231,TAM,Joey Iosefa,No,FB,FB,24,0,0,2,0,0,0,0,0,15,51,0,0,0,0,0,0,0,Hawaii,FL
2015Edmond Robinson,RobiEd00,2015,7,232,MIN,Edmond Robinson,No,OLB,LB,23,0,0,17,0,0,0,0,0,0,0,0,0,0,0,4,0,0,Newberry,MN
2015Da'Ron Brown,BrowDa03,2015,7,233,KAN,Da'Ron Brown,No,WR,WR,23,0,0,0,0,0,0,0,0,0,0,0,0,0,0,0,0,0,Northern Illinois,MO
2015Dezmin Lewis,LewiDe02,2015,7,234,BUF,Dezmin Lewis,No,WR,WR,22,0,0,1,0,0,0,0,0,0,0,0,0,0,0,0,0,0,Central Arkansas,NY
2015Kenny Hilliard,HillKe01,2015,7,235,HOU,Kenny Hilliard,No,RB,RB,23,0,0,0,0,0,0,0,0,0,0,0,0,0,0,0,0,0,LSU,TX
2015Mark Nzeocha,NzeoMa00,2015,7,236,DAL,Mark Nzeocha,No,OLB,LB,25,0,0,4,0,0,0,0,0,0,0,0,0,0,0,0,0,0,Wyoming,TX
2015Brian Mihalik,MihaBr00,2015,7,237,PHI,Brian Mihalik,No,DE,DE,23,0,0,0,0,0,0,0,0,0,0,0,0,0,0,0,0,0,Boston Col.,PA
2015Mario Alford,AlfoMa00,2015,7,238,CIN,Mario Alford,No,WR,WR,23,0,0,1,0,0,0,0,0,0,0,0,1,15,0,0,0,0,West Virginia,OH
2015Gerod Holliman,HollGe00,2015,7,239,PIT,Gerod Holliman,No,FS,DB,21,0,0,0,0,0,0,0,0,0,0,0,0,0,0,0,0,0,Louisville,PA
2015Corey Robinson,RobiCo00,2015,7,240,DET,Corey Robinson,No,T,T,23,0,0,10,0,0,0,0,0,0,0,0,0,0,0,0,0,0,South Carolina,MI
2015Ifo Ekpre-Olomu,EkprIf00,2015,7,241,CLE,Ifo Ekpre-Olomu,No,CB,DB,22,0,0,0,0,0,0,0,0,0,0,0,0,0,0,0,0,0,Oregon,OH
2015Dexter McDonald,McDoDe02,2015,7,242,OAK,Dexter McDonald,No,CB,DB,23,0,0,7,0,0,0,0,0,0,0,0,0,0,0,4,0,0,Kansas,CA
2015Laurence Gibson,GibsLa00,2015,7,243,DAL,Laurence Gibson,No,T,T,24,0,0,0,0,0,0,0,0,0,0,0,0,0,0,0,0,0,Virginia Tech,TX
2015Trenton Brown,BrowTr02,2015,7,244,SFO,Trenton Brown,No,G,G,22,0,0,16,0,0,0,0,0,0,0,0,0,0,0,0,0,0,Florida,CA
2015Tre McBride,McBrTr00,2015,7,245,TEN,Tre McBride,No,WR,WR,22,0,0,7,0,0,0,0,0,1,8,0,2,8,1,0,0,0,William & Mary,TN
2015Geoff Swaim,SwaiGe00,2015,7,246,DAL,Geoff Swaim,No,TE,TE,24,0,0,13,0,0,0,0,0,0,0,0,7,69,0,0,0,0,Texas,TX
2015Darryl Roberts,RobeDa00,2015,7,247,NWE,Darryl Roberts,No,CB,DB,24,0,0,6,0,0,0,0,0,0,0,0,0,0,0,10,0,0,Marshall,MA
2015Ryan Murphy,MurpRy00,2015,7,248,SEA,Ryan Murphy,No,DB,DB,22,0,0,0,0,0,0,0,0,0,0,0,0,0,0,0,0,0,Oregon St.,WA
2015Akeem King,KingAk00,2015,7,249,ATL,Akeem King,No,DB,DB,22,0,0,5,0,0,0,0,0,0,0,0,0,0,0,0,0,0,San Jose St.,GA
2015Trevor Siemian,SiemTr00,2015,7,250,DEN,Trevor Siemian,No,QB,QB,22,0,0,10,175,291,2028,12,7,21,34,0,0,0,0,0,0,0,Northwestern,CO
2015Taurean Nixon,NixoTa00,2015,7,251,DEN,Taurean Nixon,No,DB,DB,24,0,0,1,0,0,0,0,0,0,0,0,0,0,0,1,0,0,Tulane,CO
2015Josh Furman,FurmJo00,2015,7,252,DEN,Josh Furman,No,DB,DB,0,0,0,0,0,0,0,0,0,0,0,0,0,0,0,0,0,0,Oklahoma St.,CO
2015Xzavier Dickson,DickXz00,2015,7,253,NWE,Xzavier Dickson,No,OLB,LB,0,0,0,0,0,0,0,0,0,0,0,0,0,0,0,0,0,0,Alabama,MA
2015Rory 'Busta' Anderson,AndeRo02,2015,7,254,SFO,Rory 'Busta' Anderson,No,TE,TE,22,0,0,0,0,0,0,0,0,0,0,0,0,0,0,0,0,0,South Carolina,CA
2015Denzell Goode,GoodDe01,2015,7,255,IND,Denzell Goode,No,T,T,24,0,0,15,0,0,0,0,0,0,0,0,0,0,0,0,0,0,Mars Hill,IN
2015Gerald Christian,ChriGe00,2015,7,256,ARI,Gerald Christian,No,TE,TE,24,0,0,2,0,0,0,0,0,0,0,0,0,0,0,0,0,0,Louisville,AZ
2014Jadeveon Clowney,ClowJa00,2014,1,1,HOU,Jadeveon Clowney,No,DE,DE,21,0,0,27,0,0,0,0,0,0,0,0,0,0,0,65,0,7.5,South Carolina,TX
2014Greg Robinson,RobiGr01,2014,1,2,STL,Greg Robinson,No,T,T,21,0,0,42,0,0,0,0,0,0,0,0,0,0,0,2,0,0,Auburn,MO
2014Blake Bortles,BortBl00,2014,1,3,JAX,Blake Bortles,No,QB,QB,22,0,0,40,885,1496,9959,64,48,145,942,3,0,0,0,2,0,0,Central Florida,FL
2014Sammy Watkins,WatkSa00,2014,1,4,BUF,Sammy Watkins,No,WR,WR,21,0,0,31,0,0,0,0,0,3,9,0,131,2092,15,3,0,0,Clemson,NY
2014Khalil Mack,MackKh00,2014,1,5,OAK,Khalil Mack,No,LB,LB,23,1,1,42,0,0,0,0,0,0,0,0,0,0,0,148,0,27,Buffalo,CA
2014Jake Matthews,MattJa00,2014,1,6,ATL,Jake Matthews,No,T,T,22,0,0,41,0,0,0,0,0,0,0,0,0,0,0,1,0,0,Texas A&M,GA
2014Mike Evans,EvanMi00,2014,1,7,TAM,Mike Evans,No,WR,WR,21,0,0,40,0,0,0,0,0,0,0,0,207,3173,23,4,0,0,Texas A&M,FL
2014Justin Gilbert,GilbJu00,2014,1,8,CLE,Justin Gilbert,No,DB,DB,22,0,0,31,0,0,0,0,0,0,0,0,0,0,0,30,1,0,Oklahoma St.,OH
2014Anthony Barr,BarrAn00,2014,1,9,MIN,Anthony Barr,No,LB,LB,22,0,1,37,0,0,0,0,0,0,0,0,0,0,0,138,1,9.5,UCLA,MN
2014Eric Ebron,EbroEr00,2014,1,10,DET,Eric Ebron,No,TE,TE,21,0,0,35,0,0,0,0,0,1,1,1,107,1236,7,0,0,0,North Carolina,MI
2014Taylor Lewan,LewaTa00,2014,1,11,TEN,Taylor Lewan,No,T,T,23,0,0,37,0,0,0,0,0,0,0,0,1,10,1,0,0,0,Michigan,TN
2014Odell Beckham,BeckOd00,2014,1,12,NYG,Odell Beckham,No,WR,WR,21,0,2,37,0,1,0,0,0,8,38,0,246,3574,31,3,0,0,LSU,NY
2014Aaron Donald,DonaAa00,2014,1,13,STL,Aaron Donald,No,DT,DT,23,1,2,42,0,0,0,0,0,0,0,0,0,0,0,105,0,25,Pittsburgh,MO
2014Kyle Fuller,FullKy00,2014,1,14,CHI,Kyle Fuller,No,DB,DB,22,0,0,32,0,0,0,0,0,0,0,0,0,0,0,96,6,0,Virginia Tech,IL
2014Ryan Shazier,ShazRy00,2014,1,15,PIT,Ryan Shazier,No,LB,LB,22,0,0,29,0,0,0,0,0,0,0,0,0,0,0,113,2,5,Ohio St.,PA
2014Zack Martin,MartZa00,2014,1,16,DAL,Zack Martin,No,G,G,23,1,2,43,0,0,0,0,0,0,0,0,0,0,0,1,0,0,Notre Dame,TX
2014C.J. Mosley,MoslC.00,2014,1,17,BAL,C.J. Mosley,No,LB,LB,22,0,1,40,0,0,0,0,0,0,0,0,0,0,0,212,5,7,Alabama,MD
2014Calvin Pryor,PryoCa00,2014,1,18,NYJ,Calvin Pryor,No,DB,DB,22,0,0,39,0,0,0,0,0,0,0,0,0,0,0,118,2,0.5,Louisville,NY
2014Ja'Wuan James,JameJa01,2014,1,19,MIA,Ja'Wuan James,No,T,T,22,0,0,33,0,0,0,0,0,0,0,0,0,0,0,1,0,0,Tennessee,FL
2014Brandin Cooks,CookBr00,2014,1,20,NOR,Brandin Cooks,No,WR,WR,21,0,0,36,0,0,0,0,0,20,117,1,188,2424,18,2,0,0,Oregon St.,LA
2014Ha Ha Clinton-Dix,ClinHa00,2014,1,21,GNB,Ha Ha Clinton-Dix,No,DB,DB,21,0,0,42,0,0,0,0,0,0,0,0,0,0,0,193,5,4.5,Alabama,WI
2014Johnny Manziel,ManzJo00,2014,1,22,CLE,Johnny Manziel,No,QB,QB,21,0,0,15,147,258,1675,7,7,46,259,1,0,0,0,0,0,0,Texas A&M,OH
2014Dee Ford,FordDe00,2014,1,23,KAN,Dee Ford,No,LB,LB,23,0,0,40,0,0,0,0,0,0,0,0,0,0,0,46,0,15.5,Auburn,MO
2014Darqueze Dennard,DennDa00,2014,1,24,CIN,Darqueze Dennard,No,DB,DB,22,0,0,33,0,0,0,0,0,0,0,0,0,0,0,47,1,1,Michigan St.,OH
2014Jason Verrett,VerrJa00,2014,1,25,SDG,Jason Verrett,No,DB,DB,23,0,1,24,0,0,0,0,0,0,0,0,0,0,0,71,5,0,TCU,CA
2014Marcus Smith,SmitMa03,2014,1,26,PHI,Marcus Smith,No,LB,LB,22,0,0,31,0,0,0,0,0,0,0,0,0,0,0,9,0,3,Louisville,PA
2014Deone Bucannon,BucaDe00,2014,1,27,ARI,Deone Bucannon,No,DB,DB,22,0,0,42,0,0,0,0,0,0,0,0,0,0,0,209,1,5,Washington St.,AZ
2014Kelvin Benjamin,BenjKe00,2014,1,28,CAR,Kelvin Benjamin,No,WR,WR,23,0,0,26,0,0,0,0,0,0,0,0,119,1691,13,2,0,0,Florida St.,NC
2014Dominique Easley,EaslDo00,2014,1,29,NWE,Dominique Easley,No,DT,DT,22,0,0,32,0,0,0,0,0,0,0,0,0,0,0,29,1,5.5,Florida,MA
2014Jimmie Ward,WardJi01,2014,1,30,SFO,Jimmie Ward,No,DB,DB,23,0,0,31,0,0,0,0,0,0,0,0,0,0,0,92,1,1,Northern Illinois,CA
2014Bradley Roby,RobyBr00,2014,1,31,DEN,Bradley Roby,No,DB,DB,22,0,0,42,0,0,0,0,0,0,0,0,0,0,0,126,4,2,Ohio St.,CO
2014Teddy Bridgewater,BridTe00,2014,1,32,MIN,Teddy Bridgewater,No,QB,QB,21,0,1,29,551,849,6150,28,21,91,401,4,0,0,0,1,0,0,Louisville,MN
2014Xavier Su'a-Filo,Sua-Xa00,2014,2,33,HOU,Xavier Su'a-Filo,No,G,G,23,0,0,34,0,0,0,0,0,0,0,0,0,0,0,0,0,0,UCLA,TX
2014Demarcus Lawrence,LawrDe00,2014,2,34,DAL,Demarcus Lawrence,No,DE,DE,22,0,0,30,0,0,0,0,0,0,0,0,0,0,0,52,0,9,Boise St.,TX
2014Joel Bitonio,BitoJo00,2014,2,35,CLE,Joel Bitonio,No,G,G,22,0,0,31,0,0,0,0,0,0,0,0,0,0,0,2,0,0,Nevada,OH
2014Derek Carr,CarrDe02,2014,2,36,OAK,Derek Carr,No,QB,QB,23,0,1,42,953,1557,10057,73,29,86,292,0,0,0,0,1,0,0,Fresno St.,CA
2014Ra'Shede Hageman,HageRa00,2014,2,37,ATL,Ra'Shede Hageman,No,DT,DT,24,0,0,39,0,0,0,0,0,0,0,0,0,0,0,34,0,2,Minnesota,GA
2014Austin Seferian-Jenkins,SefeAu00,2014,2,38,TAM,Austin Seferian-Jenkins,No,TE,TE,22,0,0,20,0,0,0,0,0,0,0,0,47,620,7,1,0,0,Washington,FL
2014Marqise Lee,LeexMa00,2014,2,39,JAX,Marqise Lee,No,WR,WR,22,0,0,33,0,0,0,0,0,11,70,0,94,1157,3,2,0,0,USC,FL
2014Kyle Van Noy,VanNKy00,2014,2,40,DET,Kyle Van Noy,No,LB,LB,24,0,0,31,0,0,0,0,0,0,0,0,0,0,0,33,0,2,BYU,MI
2014Lamarcus Joyner,JoynLa00,2014,2,41,STL,Lamarcus Joyner,No,DB,DB,23,0,0,36,0,0,0,0,0,0,0,0,0,0,0,132,0,4,Florida St.,MO
2014Jordan Matthews,MattJo00,2014,2,42,PHI,Jordan Matthews,No,WR,WR,22,0,0,42,0,0,0,0,0,0,0,0,205,2508,19,0,0,0,Vanderbilt,PA
2014Weston Richburg,RichWe00,2014,2,43,NYG,Weston Richburg,No,OL,C,23,0,0,41,0,0,0,0,0,0,0,0,0,0,0,0,0,0,Colorado St.,NY
2014Cyrus Kouandjio,KouaCy00,2014,2,44,BUF,Cyrus Kouandjio,No,T,T,21,0,0,19,0,0,0,0,0,0,0,0,0,0,0,0,0,0,Alabama,NY
2014Paul Richardson,RichPa01,2014,2,45,SEA,Paul Richardson,No,WR,WR,22,0,0,26,0,0,0,0,0,0,0,0,42,500,1,1,0,0,Colorado,WA
2014Stephon Tuitt,TuitSt00,2014,2,46,PIT,Stephon Tuitt,No,DE,DE,21,0,0,41,0,0,0,0,0,0,0,0,0,0,0,77,1,10.5,Notre Dame,PA
2014Trent Murphy,MurpTr00,2014,2,47,WAS,Trent Murphy,No,LB,LB,23,0,0,42,0,0,0,0,0,0,0,0,0,0,0,52,0,13,Stanford,DC
2014Timmy Jernigan,JernTi00,2014,2,48,BAL,Timmy Jernigan,No,DT,DT,22,0,0,37,0,0,0,0,0,0,0,0,0,0,0,44,1,13,Florida St.,MD
2014Jace Amaro,AmarJa00,2014,2,49,NYJ,Jace Amaro,No,TE,TE,22,0,0,16,0,0,0,0,0,0,0,0,41,404,2,0,0,0,Texas Tech,NY
2014Jeremiah Attaochu,AttaJe00,2014,2,50,SDG,Jeremiah Attaochu,No,LB,LB,21,0,0,33,0,0,0,0,0,0,0,0,0,0,0,57,0,10,Georgia Tech,CA
2014Ego Ferguson,FergEg00,2014,2,51,CHI,Ego Ferguson,No,DT,DT,23,0,0,20,0,0,0,0,0,0,0,0,0,0,0,13,0,2,LSU,IL
2014Troy Niklas,NiklTr00,2014,2,52,ARI,Troy Niklas,No,TE,TE,22,0,0,26,0,0,0,0,0,0,0,0,8,71,2,2,0,0,Notre Dame,AZ
2014Davante Adams,AdamDa01,2014,2,53,GNB,Davante Adams,No,WR,WR,21,0,0,39,0,0,0,0,0,0,0,0,141,1592,10,1,0,0,Fresno St.,WI
2014Bishop Sankey,SankBi00,2014,2,54,TEN,Bishop Sankey,No,RB,RB,22,0,0,29,0,0,0,0,0,199,762,3,32,272,1,1,0,0,Washington,TN
2014Jeremy Hill,HillJe01,2014,2,55,CIN,Jeremy Hill,No,RB,RB,21,0,0,42,0,0,0,0,0,580,2541,26,51,356,1,5,0,0,LSU,OH
2014Cody Latimer,LatiCo00,2014,2,56,DEN,Cody Latimer,No,WR,WR,21,0,0,29,0,0,0,0,0,2,1,0,11,104,1,0,0,0,Indiana,CO
2014Carlos Hyde,HydeCa00,2014,2,57,SFO,Carlos Hyde,No,RB,RB,23,0,0,29,0,0,0,0,0,339,1332,13,39,211,0,0,0,0,Ohio St.,CA
2014Stanley Jean-Baptiste,JeanSt00,2014,2,58,NOR,Stanley Jean-Baptiste,No,DB,DB,24,0,0,4,0,0,0,0,0,0,0,0,0,0,0,0,0,0,Nebraska,LA
2014Jack Mewhort,MewhJa00,2014,2,59,IND,Jack Mewhort,No,T,T,23,0,0,38,0,0,0,0,0,0,0,0,0,0,0,2,0,0,Ohio St.,IN
2014Kony Ealy,EalyKo00,2014,2,60,CAR,Kony Ealy,No,DE,DE,22,0,0,41,0,0,0,0,0,0,0,0,0,0,0,34,1,11,Missouri,NC
2014Allen Robinson,RobiAl02,2014,2,61,JAX,Allen Robinson,No,WR,WR,21,0,1,36,0,0,0,0,0,0,0,0,179,2515,22,2,0,0,Penn St.,FL
2014Jimmy Garoppolo,GaroJi00,2014,2,62,NWE,Jimmy Garoppolo,No,QB,QB,22,0,0,15,62,91,684,5,0,22,12,0,1,3,0,0,0,0,East. Illinois,MA
2014Jarvis Landry,LandJa00,2014,2,63,MIA,Jarvis Landry,No,WR,WR,21,0,1,42,1,2,9,0,0,23,127,1,254,2601,11,4,0,0,LSU,FL
2014Justin Britt,BritJu00,2014,2,64,SEA,Justin Britt,No,T,T,23,0,0,42,0,0,0,0,0,0,0,0,0,0,0,0,0,0,Missouri,WA
2014C.J. Fiedorowicz,FiedC.00,2014,3,65,HOU,C.J. Fiedorowicz,No,TE,TE,22,0,0,41,0,0,0,0,0,0,0,0,56,582,5,1,0,0,Iowa,TX
2014Morgan Moses,MoseMo00,2014,3,66,WAS,Morgan Moses,No,OL,T,23,0,0,35,0,0,0,0,0,0,0,0,0,0,0,1,0,0,Virginia,DC
2014Billy Turner,TurnBi00,2014,3,67,MIA,Billy Turner,No,T,T,22,0,0,20,0,0,0,0,0,0,0,0,0,0,0,0,0,0,North Dakota St.,FL
2014Dezmen Southward,SoutDe00,2014,3,68,ATL,Dezmen Southward,No,DB,DB,23,0,0,19,0,0,0,0,0,0,0,0,0,0,0,17,1,1,Wisconsin,GA
2014Charles Sims,SimsCh00,2014,3,69,TAM,Charles Sims,No,RB,RB,24,0,0,28,0,0,0,0,0,214,830,2,84,863,5,1,0,0,West Virginia,FL
2014Marcus Martin,MartMa01,2014,3,70,SFO,Marcus Martin,No,C,C,20,0,0,25,0,0,0,0,0,0,0,0,0,0,0,1,0,0,USC,CA
2014Christian Kirksey,KirkCh00,2014,3,71,CLE,Christian Kirksey,No,LB,LB,22,0,0,43,0,0,0,0,0,0,0,0,0,0,0,146,0,7,Iowa,OH
2014Scott Crichton,CricSc00,2014,3,72,MIN,Scott Crichton,No,DE,DE,22,0,0,21,0,0,0,0,0,0,0,0,0,0,0,5,0,0,Oregon St.,MN
2014Preston Brown,BrowPr00,2014,3,73,BUF,Preston Brown,No,LB,LB,21,0,0,42,0,0,0,0,0,0,0,0,0,0,0,173,3,1,Louisville,NY
2014Jay Bromley,BromJa00,2014,3,74,NYG,Jay Bromley,No,DT,DT,22,0,0,34,0,0,0,0,0,0,0,0,0,0,0,28,0,1,Syracuse,NY
2014Tre Mason,MasoTr00,2014,3,75,STL,Tre Mason,No,RB,RB,21,0,0,25,0,0,0,0,0,254,972,5,34,236,1,1,0,0,Auburn,MO
2014Travis Swanson,SwanTr00,2014,3,76,DET,Travis Swanson,No,C,C,23,0,0,41,0,0,0,0,0,0,0,0,0,0,0,1,0,0,Arkansas,MI
2014Chris Borland,BorlCh00,2014,3,77,SFO,Chris Borland,No,LB,LB,23,0,0,14,0,0,0,0,0,0,0,0,0,0,0,84,2,1,Wisconsin,CA
2014Spencer Long,LongSp00,2014,3,78,WAS,Spencer Long,No,G,G,23,0,0,29,0,0,0,0,0,0,0,0,0,0,0,1,0,0,Nebraska,DC
2014Terrence Brooks,BrooTe00,2014,3,79,BAL,Terrence Brooks,No,DB,DB,23,0,0,28,0,0,0,0,0,0,0,0,0,0,0,22,0,0,Florida St.,MD
2014Dexter McDougle,McDoDe00,2014,3,80,NYJ,Dexter McDougle,No,DB,DB,23,0,0,15,0,0,0,0,0,0,0,0,0,0,0,1,0,0,Maryland,NY
2014Gabe Jackson,JackGa00,2014,3,81,OAK,Gabe Jackson,No,G,G,23,0,0,39,0,0,0,0,0,0,0,0,2,-5,0,0,0,0,Mississippi St.,CA
2014Will Sutton,SuttWi00,2014,3,82,CHI,Will Sutton,No,DT,DT,22,0,0,36,0,0,0,0,0,0,0,0,0,0,0,39,0,0,Arizona St.,IL
2014Louis Nix,NixILo00,2014,3,83,HOU,Louis Nix,No,DT,DT,23,0,0,4,0,0,0,0,0,0,0,0,0,0,0,0,0,0,Notre Dame,TX
2014Kareem Martin,MartKa00,2014,3,84,ARI,Kareem Martin,No,DE,DE,22,0,0,34,0,0,0,0,0,0,0,0,0,0,0,13,0,2.5,North Carolina,AZ
2014Khyri Thornton,ThorKh00,2014,3,85,GNB,Khyri Thornton,No,DT,DT,24,0,0,16,0,0,0,0,0,0,0,0,0,0,0,12,0,1,Southern Miss,WI
2014Josh Huff,HuffJo00,2014,3,86,PHI,Josh Huff,No,WR,WR,22,0,0,34,0,1,0,0,0,4,17,0,48,482,4,2,0,0,Oregon,PA
2014Phillip Gaines,GainPh00,2014,3,87,KAN,Phillip Gaines,No,DB,DB,23,0,0,24,0,0,0,0,0,0,0,0,0,0,0,60,1,0,Rice,MO
2014Will Clarke,ClarWi00,2014,3,88,CIN,Will Clarke,No,DE,DE,23,0,0,29,0,0,0,0,0,0,0,0,0,0,0,12,0,3.5,West Virginia,OH
2014Chris Watt,WattCh00,2014,3,89,SDG,Chris Watt,No,G,G,24,0,0,17,0,0,0,0,0,0,0,0,0,0,0,1,0,0,Notre Dame,CA
2014Donte Moncrief,MoncDo00,2014,3,90,IND,Donte Moncrief,No,WR,WR,21,0,0,38,0,0,0,0,0,5,16,0,120,1428,14,3,0,0,Mississippi,IN
2014John Brown,BrowJo02,2014,3,91,ARI,John Brown,No,WR,WR,24,0,0,40,0,0,0,0,0,7,26,0,143,2079,13,3,0,0,Pittsburg St.,AZ
2014Trai Turner,TurnTr01,2014,3,92,CAR,Trai Turner,No,OL,G,21,0,1,39,0,0,0,0,0,0,0,0,0,0,0,1,0,0,LSU,NC
2014Brandon Linder,LindBr00,2014,3,93,JAX,Brandon Linder,No,OL,C,22,0,0,27,0,0,0,0,0,0,0,0,0,0,0,0,0,0,Miami (FL),FL
2014Terrance West,WestTe00,2014,3,94,CLE,Terrance West,No,RB,RB,23,0,0,32,0,0,0,0,0,373,1456,8,28,173,1,1,0,0,Towson,OH
2014Michael Schofield,SchoMi00,2014,3,95,DEN,Michael Schofield,No,OL,G,23,0,0,23,0,0,0,0,0,0,0,0,0,0,0,0,0,0,Michigan,CO
2014Jerick McKinnon,McKiJe00,2014,3,96,MIN,Jerick McKinnon,No,RB,RB,22,0,0,37,0,0,0,0,0,271,1125,3,63,396,1,1,0,0,Georgia Southern,MN
2014Dri Archer,ArchDr00,2014,3,97,PIT,Dri Archer,No,WR,WR,23,0,0,20,0,0,0,0,0,10,40,0,7,23,0,0,0,0,Kent St.,PA
2014Richard Rodgers,RodgRi00,2014,3,98,GNB,Richard Rodgers,No,TE,TE,22,0,0,42,0,0,0,0,0,1,11,0,101,938,11,1,0,0,California,WI
2014Crockett Gillmore,GillCr00,2014,3,99,BAL,Crockett Gillmore,No,TE,TE,22,0,0,32,0,0,0,0,0,0,0,0,51,604,6,1,0,0,Colorado St.,MD
2014Brandon Thomas,ThomBr02,2014,3,100,SFO,Brandon Thomas,No,OL,G,23,0,0,0,0,0,0,0,0,0,0,0,0,0,0,0,0,0,Clemson,CA
2014Jaylen Watkins,WatkJa01,2014,4,101,PHI,Jaylen Watkins,No,DB,DB,21,0,0,18,0,0,0,0,0,0,0,0,0,0,0,14,0,0,Florida,PA
2014Bashaud Breeland,BreeBa00,2014,4,102,WAS,Bashaud Breeland,No,DB,DB,22,0,0,40,0,0,0,0,0,0,0,0,0,0,0,155,5,0,Clemson,DC
2014Devonta Freeman,FreeDe00,2014,4,103,ATL,Devonta Freeman,No,RB,RB,22,0,1,41,0,0,0,0,0,475,1973,15,134,1055,6,3,0,0,Florida St.,GA
2014Jalen Saunders,SaunJa00,2014,4,104,NYJ,Jalen Saunders,No,WR,WR,22,0,0,15,0,0,0,0,0,0,0,0,1,7,0,1,0,0,Oklahoma,NY
2014Bryan Stork,StorBr00,2014,4,105,NWE,Bryan Stork,No,C,C,23,0,0,21,0,0,0,0,0,0,0,0,0,0,0,0,0,0,Florida St.,MA
2014Bruce Ellington,ElliBr00,2014,4,106,SFO,Bruce Ellington,No,WR,WR,23,0,0,26,0,0,0,0,0,7,35,1,19,215,2,1,0,0,South Carolina,CA
2014Justin Ellis,ElliJu01,2014,4,107,OAK,Justin Ellis,No,DT,DT,23,0,0,38,0,0,0,0,0,0,0,0,0,0,0,43,0,0,Louisiana Tech,CA
2014Cassius Marsh,MarsCa00,2014,4,108,SEA,Cassius Marsh,No,DE,DE,22,0,0,31,0,0,0,0,0,0,0,0,0,0,0,20,0,2,UCLA,WA
2014Ross Cockrell,CockRo00,2014,4,109,BUF,Ross Cockrell,No,DB,DB,23,0,0,33,0,0,0,0,0,0,0,0,0,0,0,68,2,0,Duke,NY
2014Maurice Alexander,AlexMa00,2014,4,110,STL,Maurice Alexander,No,DB,DB,23,0,0,33,0,0,0,0,0,0,0,0,0,0,0,57,1,3,Utah St.,MO
2014Russell Bodine,BodiRu00,2014,4,111,CIN,Russell Bodine,No,C,C,22,0,0,42,0,0,0,0,0,0,0,0,0,0,0,0,0,0,North Carolina,OH
2014DaQuan Jones,JoneDa04,2014,4,112,TEN,DaQuan Jones,No,DT,DT,22,0,0,34,0,0,0,0,0,0,0,0,0,0,0,44,0,2,Penn St.,TN
2014Andre Williams,WillAn00,2014,4,113,NYG,Andre Williams,No,RB,RB,22,0,0,32,0,0,0,0,0,305,978,8,19,137,0,1,0,0,Boston Col.,NY
2014Aaron Colvin,ColvAa00,2014,4,114,JAX,Aaron Colvin,No,DB,DB,22,0,0,28,0,0,0,0,0,0,0,0,0,0,0,100,0,5,Oklahoma,FL
2014Shaquelle Evans,EvanSh00,2014,4,115,NYJ,Shaquelle Evans,No,WR,WR,23,0,0,0,0,0,0,0,0,0,0,0,0,0,0,0,0,0,UCLA,NY
2014Keith McGill,McGiKe00,2014,4,116,OAK,Keith McGill,No,DB,DB,25,0,0,35,0,0,0,0,0,0,0,0,0,0,0,20,0,0,Utah,CA
2014Ka'Deem Carey,CareKa00,2014,4,117,CHI,Ka'Deem Carey,No,RB,RB,21,0,0,32,0,0,0,0,0,106,426,2,12,119,1,0,0,0,Arizona,IL
2014Martavis Bryant,BryaMa00,2014,4,118,PIT,Martavis Bryant,No,WR,WR,22,0,0,21,0,0,0,0,0,8,49,1,76,1314,14,0,0,0,Clemson,PA
2014Anthony Hitchens,HitcAn00,2014,4,119,DAL,Anthony Hitchens,No,LB,LB,22,0,0,43,0,0,0,0,0,0,0,0,0,0,0,128,1,2.5,Iowa,TX
2014Logan Thomas,ThomLo00,2014,4,120,ARI,Logan Thomas,No,QB,QB,23,0,0,2,1,9,81,1,0,0,0,0,0,0,0,0,0,0,Virginia Tech,AZ
2014Carl Bradford,BradCa01,2014,4,121,GNB,Carl Bradford,No,LB,LB,22,0,0,1,0,0,0,0,0,0,0,0,0,0,0,0,0,0,Arizona St.,WI
2014Marqueston Huff,HuffMa00,2014,4,122,TEN,Marqueston Huff,No,DB,DB,22,0,0,35,0,0,0,0,0,0,0,0,0,0,0,15,1,1,Wyoming,TN
2014Kevin Norwood,NorwKe00,2014,4,123,SEA,Kevin Norwood,No,WR,WR,25,0,0,10,0,0,0,0,0,0,0,0,9,102,0,2,0,0,Alabama,WA
2014De'Anthony Thomas,ThomDe05,2014,4,124,KAN,De'Anthony Thomas,No,RB,RB,21,0,0,28,0,0,0,0,0,25,149,2,44,322,1,0,0,0,Oregon,MO
2014Walt Aikens,AikeWa00,2014,4,125,MIA,Walt Aikens,No,DB,DB,23,0,0,40,0,0,0,0,0,0,0,0,0,0,0,29,1,0,Liberty,FL
2014Khairi Fortt,FortKh00,2014,4,126,NOR,Khairi Fortt,No,LB,LB,22,0,0,3,0,0,0,0,0,0,0,0,0,0,0,1,0,0,California,LA
2014Pierre Desir,DesiPi00,2014,4,127,CLE,Pierre Desir,No,DB,DB,24,0,0,24,0,0,0,0,0,0,0,0,0,0,0,41,0,0,Lindenwood,OH
2014Tre Boston,BostTr00,2014,4,128,CAR,Tre Boston,No,DB,DB,22,0,0,37,0,0,0,0,0,0,0,0,0,0,0,60,2,2,North Carolina,NC
2014Dontae Johnson,JohnDo02,2014,4,129,SFO,Dontae Johnson,No,DB,DB,22,0,0,42,0,0,0,0,0,0,0,0,0,0,0,52,1,0,North Carolina St.,CA
2014James White,WhitJa02,2014,4,130,NWE,James White,No,RB,RB,22,0,0,27,0,0,0,0,0,59,206,2,84,786,8,0,0,0,Wisconsin,MA
2014Brock Vereen,VereBr00,2014,4,131,CHI,Brock Vereen,No,DB,DB,22,0,0,19,0,0,0,0,0,0,0,0,0,0,0,30,1,0,Minnesota,IL
2014Kevin Pierre-Louis,PierKe00,2014,4,132,SEA,Kevin Pierre-Louis,No,LB,LB,22,0,0,28,0,0,0,0,0,0,0,0,0,0,0,13,0,0,Boston Col.,WA
2014Nevin Lawson,LawsNe00,2014,4,133,DET,Nevin Lawson,No,DB,DB,23,0,0,27,0,0,0,0,0,0,0,0,0,0,0,69,0,0,Utah St.,MI
2014Brent Urban,UrbaBr00,2014,4,134,BAL,Brent Urban,No,DT,DT,23,0,0,16,0,0,0,0,0,0,0,0,0,0,0,10,0,2,Virginia,MD
2014Tom Savage,SavaTo00,2014,4,135,HOU,Tom Savage,No,QB,QB,24,0,0,2,10,19,127,0,1,6,-6,0,0,0,0,0,0,0,Pittsburgh,TX
2014Larry Webster,WebsLa00,2014,4,136,DET,Larry Webster,No,DE,DE,24,0,0,0,0,0,0,0,0,0,0,0,0,0,0,0,0,0,Bloomsburg,MI
2014Dakota Dozier,DoziDa00,2014,4,137,NYJ,Dakota Dozier,No,OL,G,23,0,0,12,0,0,0,0,0,0,0,0,0,0,0,0,0,0,Furman,NY
2014Lorenzo Taliaferro,TaliLo00,2014,4,138,BAL,Lorenzo Taliaferro,No,RB,RB,22,0,0,19,0,0,0,0,0,82,339,5,16,153,0,3,0,0,Coastal Carolina,MD
2014Prince Shembo,ShemPr00,2014,4,139,ATL,Prince Shembo,No,LB,LB,22,0,0,16,0,0,0,0,0,0,0,0,0,0,0,32,0,0,Notre Dame,GA
2014Cameron Fleming,FlemCa00,2014,4,140,NWE,Cameron Fleming,No,T,T,22,0,0,29,0,0,0,0,0,0,0,0,0,0,0,0,0,0,Stanford,MA
2014Taylor Hart,HartTa00,2014,5,141,PHI,Taylor Hart,No,DE,DE,23,0,0,15,0,0,0,0,0,0,0,0,0,0,0,13,0,0,Oregon,PA
2014Ryan Grant,GranRy01,2014,5,142,WAS,Ryan Grant,No,WR,WR,23,0,0,43,0,0,0,0,0,0,0,0,34,367,2,1,0,0,Tulane,DC
2014Kadeem Edwards,EdwaKa00,2014,5,143,TAM,Kadeem Edwards,No,OL,G,23,0,0,0,0,0,0,0,0,0,0,0,0,0,0,0,0,0,Tennessee St.,FL
2014Telvin Smith,SmitTe01,2014,5,144,JAX,Telvin Smith,No,LB,LB,23,0,0,40,0,0,0,0,0,0,0,0,0,0,0,236,2,4.5,Florida St.,FL
2014David Yankey,YankDa00,2014,5,145,MIN,David Yankey,No,OL,G,22,0,0,0,0,0,0,0,0,0,0,0,0,0,0,0,0,0,Stanford,MN
2014Devin Street,StreDe00,2014,5,146,DAL,Devin Street,No,WR,WR,23,0,0,32,0,0,0,0,0,0,0,0,10,152,1,0,0,0,Pittsburgh,TX
2014Ricardo Allen,AlleRi00,2014,5,147,ATL,Ricardo Allen,No,DB,DB,22,0,0,25,0,0,0,0,0,0,0,0,0,0,0,97,4,1,Purdue,GA
2014Bene Benwikere,BenwBe00,2014,5,148,CAR,Bene Benwikere,No,DB,DB,23,0,0,27,0,0,0,0,0,0,0,0,0,0,0,78,2,1,San Jose St.,NC
2014Kevin Pamphile,PampKe00,2014,5,149,TAM,Kevin Pamphile,No,T,T,23,0,0,31,0,0,0,0,0,0,0,0,0,0,0,0,0,0,Purdue,FL
2014Aaron Lynch,LyncAa00,2014,5,150,SFO,Aaron Lynch,No,DE,DE,21,0,0,33,0,0,0,0,0,0,0,0,0,0,0,52,0,13.5,South Florida,CA
2014Avery Williamson,WillAv00,2014,5,151,TEN,Avery Williamson,No,LB,LB,22,0,0,42,0,0,0,0,0,0,0,0,0,0,0,167,2,8.5,Kentucky,TN
2014Nat Berhe,BerhNa00,2014,5,152,NYG,Nat Berhe,No,DB,DB,23,0,0,22,0,0,0,0,0,0,0,0,0,0,0,24,0,0,San Diego St.,NY
2014Cyril Richardson,RichCy00,2014,5,153,BUF,Cyril Richardson,No,G,G,23,0,0,12,0,0,0,0,0,0,0,0,0,0,0,0,0,0,Baylor,NY
2014Jeremiah George,GeorJe01,2014,5,154,NYJ,Jeremiah George,No,LB,LB,22,0,0,21,0,0,0,0,0,0,0,0,0,0,0,4,0,0,Iowa St.,NY
2014Arthur Lynch,LyncAr00,2014,5,155,MIA,Arthur Lynch,No,TE,TE,24,0,0,0,0,0,0,0,0,0,0,0,0,0,0,0,0,0,Georgia,FL
2014Lamin Barrow,BarrLa00,2014,5,156,DEN,Lamin Barrow,No,LB,LB,23,0,0,32,0,0,0,0,0,0,0,0,0,0,0,6,0,0,LSU,CO
2014Shaquille Richardson,RichSh01,2014,5,157,PIT,Shaquille Richardson,No,DB,DB,22,0,0,0,0,0,0,0,0,0,0,0,0,0,0,0,0,0,Arizona,PA
2014Caraun Reid,ReidCa00,2014,5,158,DET,Caraun Reid,No,DT,DT,22,0,0,33,0,0,0,0,0,0,0,0,0,0,0,28,0,3,Princeton,MI
2014Chris Smith,SmitCh03,2014,5,159,JAX,Chris Smith,No,DE,DE,22,0,0,16,0,0,0,0,0,0,0,0,0,0,0,15,0,4.5,Arkansas,FL
2014Ed Stinson,StinEd00,2014,5,160,ARI,Ed Stinson,No,DE,DE,24,0,0,29,0,0,0,0,0,0,0,0,0,0,0,22,0,1,Alabama,AZ
2014Corey Linsley,LinsCo00,2014,5,161,GNB,Corey Linsley,No,C,C,23,0,0,32,0,0,0,0,0,0,0,0,0,0,0,3,0,0,Ohio St.,WI
2014Ed Reynolds,ReynEd00,2014,5,162,PHI,Ed Reynolds,No,DB,DB,22,0,0,11,0,0,0,0,0,0,0,0,0,0,0,28,1,0,Stanford,PA
2014Aaron Murray,MurrAa00,2014,5,163,KAN,Aaron Murray,No,QB,QB,23,0,0,0,0,0,0,0,0,0,0,0,0,0,0,0,0,0,Georgia,MO
2014A.J. McCarron,McCaA.00,2014,5,164,CIN,A.J. McCarron,No,QB,QB,24,0,0,8,79,119,854,6,2,14,31,0,0,0,0,0,0,0,Alabama,OH
2014Ryan Carrethers,CarrRy00,2014,5,165,SDG,Ryan Carrethers,No,DT,DT,23,0,0,20,0,0,0,0,0,0,0,0,0,0,0,25,0,0,Arkansas St.,CA
2014Jonathan Newsome,NewsJo00,2014,5,166,IND,Jonathan Newsome,No,LB,LB,23,0,0,30,0,0,0,0,0,0,0,0,0,0,0,33,0,7.5,Ball St.,IN
2014Vinnie Sunseri,SunsVi00,2014,5,167,NOR,Vinnie Sunseri,No,DB,DB,22,0,0,9,0,0,0,0,0,0,0,0,0,0,0,3,0,0,Alabama,LA
2014Marquis Spruill,SpruMa00,2014,5,168,ATL,Marquis Spruill,No,LB,LB,23,0,0,0,0,0,0,0,0,0,0,0,0,0,0,0,0,0,Syracuse,GA
2014Ronald Powell,PoweRo01,2014,5,169,NOR,Ronald Powell,No,LB,LB,23,0,0,14,0,0,0,0,0,0,0,0,0,0,0,1,0,0,Florida,LA
2014Keith Reaser,ReasKe00,2014,5,170,SFO,Keith Reaser,No,DB,DB,23,0,0,22,0,0,0,0,0,0,0,0,0,0,0,18,0,0,Florida Atlantic,CA
2014Jordan Tripp,TripJo00,2014,5,171,MIA,Jordan Tripp,No,LB,LB,23,0,0,31,0,0,0,0,0,0,0,0,0,0,0,7,0,0,Montana,FL
2014Jimmy Staten,StatJi00,2014,5,172,SEA,Jimmy Staten,No,DT,DT,23,0,0,0,0,0,0,0,0,0,0,0,0,0,0,0,0,0,Middle Tenn. St.,WA
2014Wesley Johnson,JohnWe00,2014,5,173,PIT,Wesley Johnson,No,OL,C,23,0,0,21,0,0,0,0,0,0,0,0,1,-5,0,0,0,0,Vanderbilt,PA
2014Devon Kennard,KennDe00,2014,5,174,NYG,Devon Kennard,No,DE,DE,23,0,0,31,0,0,0,0,0,0,0,0,0,0,0,95,1,4.5,USC,NY
2014John Urschel,UrscJo00,2014,5,175,BAL,John Urschel,No,G,G,23,0,0,34,0,0,0,0,0,0,0,0,0,0,0,1,0,0,Penn St.,MD
2014Jared Abbrederis,AbbrJa00,2014,5,176,GNB,Jared Abbrederis,No,WR,WR,23,0,0,14,0,0,0,0,0,0,0,0,10,119,0,0,0,0,Wisconsin,WI
2014Jeoffrey Pagan,PagaJe00,2014,6,177,HOU,Jeoffrey Pagan,No,DE,DE,21,0,0,22,0,0,0,0,0,0,0,0,0,0,0,5,0,0,Alabama,TX
2014Zach Mettenberger,MettZa00,2014,6,178,TEN,Zach Mettenberger,No,QB,QB,23,0,0,14,208,345,2347,12,14,14,12,1,0,0,0,0,0,0,LSU,TN
2014Jon Halapio,HalaJo00,2014,6,179,NWE,Jon Halapio,No,OL,G,23,0,0,0,0,0,0,0,0,0,0,0,0,0,0,0,0,0,Florida,MA
2014Kenneth Acker,AckeKe00,2014,6,180,SFO,Kenneth Acker,No,DB,DB,22,0,0,21,0,0,0,0,0,0,0,0,0,0,0,63,3,0,SMU,CA
2014Alfred Blue,BlueAl00,2014,6,181,HOU,Alfred Blue,No,RB,RB,23,0,0,40,0,0,0,0,0,398,1451,4,31,226,2,3,0,0,LSU,TX
2014Antone Exum,ExumAn00,2014,6,182,MIN,Antone Exum,No,DB,DB,23,0,0,26,0,0,0,0,0,0,0,0,0,0,0,14,0,0,Virginia Tech,MN
2014David Fales,FaleDa00,2014,6,183,CHI,David Fales,No,QB,QB,23,0,0,0,0,0,0,0,0,0,0,0,0,0,0,0,0,0,San Jose St.,IL
2014Kendall James,JameKe00,2014,6,184,MIN,Kendall James,No,DB,DB,23,0,0,0,0,0,0,0,0,0,0,0,0,0,0,0,0,0,Maine,MN
2014Robert Herron,HerrRo00,2014,6,185,TAM,Robert Herron,No,WR,WR,22,0,0,8,0,0,0,0,0,1,0,0,6,58,1,1,0,0,Wyoming,FL
2014Lache Seastrunk,SeasLa00,2014,6,186,WAS,Lache Seastrunk,No,RB,RB,23,0,0,0,0,0,0,0,0,0,0,0,0,0,0,0,0,0,Baylor,DC
2014Bennett Jackson,JackBe00,2014,6,187,NYG,Bennett Jackson,No,DB,DB,23,0,0,0,0,0,0,0,0,0,0,0,0,0,0,0,0,0,Notre Dame,NY
2014E.J. Gaines,GainE.00,2014,6,188,STL,E.J. Gaines,No,DB,DB,22,0,0,22,0,0,0,0,0,0,0,0,0,0,0,93,2,0,Missouri,MO
2014T.J. Jones,JoneT.00,2014,6,189,DET,T.J. Jones,No,WR,WR,22,0,0,10,0,0,0,0,0,1,-3,0,10,132,1,0,0,0,Notre Dame,MI
2014Matt Hazel,HazeMa01,2014,6,190,MIA,Matt Hazel,No,WR,WR,22,0,0,5,0,0,0,0,0,0,0,0,0,0,0,0,0,0,Coastal Carolina,FL
2014Pat O'Donnell,ODonPa00,2014,6,191,CHI,Pat O'Donnell,No,P,P,23,0,0,41,0,0,0,0,0,1,-12,0,0,0,0,2,0,0,Miami (FL),IL
2014Jordan Zumwalt,ZumwJo00,2014,6,192,PIT,Jordan Zumwalt,No,LB,LB,22,0,0,0,0,0,0,0,0,0,0,0,0,0,0,0,0,0,UCLA,PA
2014Zach Fulton,FultZa00,2014,6,193,KAN,Zach Fulton,No,G,G,23,0,0,41,0,0,0,0,0,0,0,0,0,0,0,0,0,0,Tennessee,MO
2014Keith Wenning,WennKe00,2014,6,194,BAL,Keith Wenning,No,QB,QB,23,0,0,0,0,0,0,0,0,0,0,0,0,0,0,0,0,0,Ball St.,MD
2014Brandon Dixon,DixoBr00,2014,6,195,NYJ,Brandon Dixon,No,DB,DB,24,0,0,14,0,0,0,0,0,0,0,0,0,0,0,8,1,0,NW Missouri St.,NY
2014Walt Powell,PoweWa00,2014,6,196,ARI,Walt Powell,No,WR,WR,22,0,0,14,0,0,0,0,0,0,0,0,13,141,0,0,0,0,Murray St.,AZ
2014Demetri Goodson,GoodDe00,2014,6,197,GNB,Demetri Goodson,No,DB,DB,25,0,0,26,0,0,0,0,0,0,0,0,0,0,0,18,0,0,Baylor,WI
2014Zach Moore,MoorZa00,2014,6,198,NWE,Zach Moore,No,DE,DE,24,0,0,9,0,0,0,0,0,0,0,0,0,0,0,0,0,0.5,Concordia-St.Paul (MN),MA
2014Garrett Scott,ScotGa01,2014,6,199,SEA,Garrett Scott,No,OL,T,22,0,0,0,0,0,0,0,0,0,0,0,0,0,0,0,0,0,Marshall,WA
2014Laurent Duvernay-Tardif,DuveLa00,2014,6,200,KAN,Laurent Duvernay-Tardif,No,OL,G,23,0,0,24,0,0,0,0,0,0,0,0,0,0,0,0,0,0,McGill,MO
2014Marion Grice,GricMa00,2014,6,201,SDG,Marion Grice,No,RB,RB,23,0,0,10,0,1,0,0,0,15,41,1,7,29,0,0,0,0,Arizona St.,CA
2014Tavon Rooks,RookTa00,2014,6,202,NOR,Tavon Rooks,No,OL,T,24,0,0,0,0,0,0,0,0,0,0,0,0,0,0,0,0,0,Kansas St.,LA
2014Andrew Jackson,JackAn02,2014,6,203,IND,Andrew Jackson,No,LB,LB,22,0,0,13,0,0,0,0,0,0,0,0,0,0,0,10,0,1,West. Kentucky,IN
2014Tyler Gaffney,GaffTy00,2014,6,204,CAR,Tyler Gaffney,No,RB,RB,23,0,0,0,0,0,0,0,0,0,0,0,0,0,0,0,0,0,Stanford,NC
2014Luke Bowanko,BowaLu00,2014,6,205,JAX,Luke Bowanko,No,C,C,23,0,0,21,0,0,0,0,0,0,0,0,0,0,0,1,0,0,Virginia,FL
2014Jemea Thomas,ThomJe03,2014,6,206,NWE,Jemea Thomas,No,DB,DB,24,0,0,2,0,0,0,0,0,0,0,0,0,0,0,0,0,0,Georgia Tech,MA
2014Matt Paradis,ParaMa00,2014,6,207,DEN,Matt Paradis,No,OL,C,24,0,0,26,0,0,0,0,0,0,0,0,0,0,0,0,0,0,Boise St.,CO
2014Eric Pinkins,PinkEr00,2014,6,208,SEA,Eric Pinkins,No,DB,DB,23,0,0,6,0,0,0,0,0,0,0,0,0,0,0,0,0,0,San Diego St.,WA
2014Quincy Enunwa,EnunQu00,2014,6,209,NYJ,Quincy Enunwa,No,WR,WR,22,0,0,23,0,0,0,0,0,0,0,0,60,849,3,0,0,0,Nebraska,NY
2014IK Enemkpali,EnemIK00,2014,6,210,NYJ,IK Enemkpali,No,DT,DT,23,0,0,17,0,0,0,0,0,0,0,0,0,0,0,11,0,0,Louisiana Tech,NY
2014Jay Prosch,ProsJa00,2014,6,211,HOU,Jay Prosch,No,FB,FB,22,0,0,42,0,0,0,0,0,9,37,0,2,30,0,1,0,0,Auburn,TX
2014Marquis Flowers,FlowMa00,2014,6,212,CIN,Marquis Flowers,No,LB,LB,22,0,0,26,0,0,0,0,0,0,0,0,0,0,0,7,0,0,Arizona,OH
2014Tajh Boyd,BoydTa00,2014,6,213,NYJ,Tajh Boyd,No,QB,QB,24,0,0,0,0,0,0,0,0,0,0,0,0,0,0,0,0,0,Clemson,NY
2014Garrett Gilbert,GilbGa01,2014,6,214,STL,Garrett Gilbert,No,QB,QB,23,0,0,0,0,0,0,0,0,0,0,0,0,0,0,0,0,0,SMU,MO
2014Daniel McCullers,McCuDa00,2014,6,215,PIT,Daniel McCullers,No,DT,DT,22,0,0,32,0,0,0,0,0,0,0,0,0,0,0,9,0,0.5,Tennessee,PA
2014Andre Hal,HalxAn00,2014,7,216,HOU,Andre Hal,No,DB,DB,22,0,0,40,0,0,0,0,0,0,0,0,0,0,0,65,5,1,Vanderbilt,TX
2014Ted Bolser,BolsTe00,2014,7,217,WAS,Ted Bolser,No,TE,TE,23,0,0,0,0,0,0,0,0,0,0,0,0,0,0,0,0,0,Indiana,DC
2014Michael Campanaro,CampMi02,2014,7,218,BAL,Michael Campanaro,No,WR,WR,23,0,0,8,0,0,0,0,0,2,17,1,12,137,1,0,0,0,Wake Forest,MD
2014TJ Carrie,CarrTr00,2014,7,219,OAK,TJ Carrie,No,DB,DB,24,0,0,38,0,0,0,0,0,0,0,0,0,0,0,85,2,0,Ohio,CA
2014Shamar Stephen,StepSh00,2014,7,220,MIN,Shamar Stephen,No,DT,DT,23,0,0,32,0,0,0,0,0,0,0,0,0,0,0,26,0,0,Connecticut,MN
2014Randell Johnson,JohnRa01,2014,7,221,BUF,Randell Johnson,No,LB,LB,23,0,0,15,0,0,0,0,0,0,0,0,0,0,0,1,0,0,Florida Atlantic,NY
2014Storm Johnson,JohnSt03,2014,7,222,JAX,Storm Johnson,No,RB,RB,22,0,0,6,0,0,0,0,0,29,86,2,1,-4,0,0,0,0,Central Florida,FL
2014Brandon Watts,WattBr00,2014,7,223,MIN,Brandon Watts,No,LB,LB,23,0,0,9,0,0,0,0,0,0,0,0,0,0,0,3,0,0,Georgia Tech,MN
2014Beau Allen,AlleBe00,2014,7,224,PHI,Beau Allen,No,DT,DT,22,0,0,42,0,0,0,0,0,0,0,0,0,0,0,33,0,0.5,Wisconsin,PA
2014Jabari Price,PricJa00,2014,7,225,MIN,Jabari Price,No,DB,DB,22,0,0,14,0,0,0,0,0,0,0,0,0,0,0,9,0,0,North Carolina,MN
2014Mitchell Van Dyk,VanDMi00,2014,7,226,STL,Mitchell Van Dyk,No,OL,T,23,0,0,0,0,0,0,0,0,0,0,0,0,0,0,0,0,0,Portland St.,MO
2014Kiero Small,SmalKi00,2014,7,227,SEA,Kiero Small,No,RB,RB,25,0,0,3,0,0,0,0,0,0,0,0,0,0,0,0,0,0,Arkansas,WA
2014Zach Hocker,HockZa00,2014,7,228,WAS,Zach Hocker,No,K,K,23,0,0,8,0,0,0,0,0,0,0,0,0,0,0,0,0,0,Arkansas,DC
2014Nate Freese,FreeNa00,2014,7,229,DET,Nate Freese,No,K,K,24,0,0,3,0,0,0,0,0,0,0,0,0,0,0,0,0,0,Boston Col.,MI
2014Rob Blanchflower,BlanRo01,2014,7,230,PIT,Rob Blanchflower,No,TE,TE,24,0,0,0,0,0,0,0,0,0,0,0,0,0,0,0,0,0,Massachusetts,PA
2014Ben Gardner,GardBe00,2014,7,231,DAL,Ben Gardner,No,DE,DE,24,0,0,0,0,0,0,0,0,0,0,0,0,0,0,0,0,0,Stanford,TX
2014Ulrick John,JohnUl00,2014,7,232,IND,Ulrick John,No,OL,T,22,0,0,2,0,0,0,0,0,0,0,0,0,0,0,0,0,0,Georgia St.,IN
2014Trevor Reilly,ReilTr00,2014,7,233,NYJ,Trevor Reilly,No,LB,LB,26,0,0,29,0,0,0,0,0,0,0,0,0,0,0,10,0,1,Utah,NY
2014Terrence Fede,FedeTe00,2014,7,234,MIA,Terrence Fede,No,DE,DE,22,0,0,29,0,0,0,0,0,0,0,0,0,0,0,19,0,1,Marist,FL
2014Shelby Harris,HarrSh00,2014,7,235,OAK,Shelby Harris,No,DE,DE,23,0,0,8,0,0,0,0,0,0,0,0,0,0,0,10,0,1,Illinois St.,CA
2014Jeff Janis,JaniJe00,2014,7,236,GNB,Jeff Janis,No,WR,WR,23,0,0,29,0,0,0,0,0,0,0,0,13,173,1,0,0,0,Saginaw Valley St.,WI
2014Seantrel Henderson,HendSe00,2014,7,237,BUF,Seantrel Henderson,No,OL,T,22,0,0,27,0,0,0,0,0,0,0,0,0,0,0,0,0,0,Miami (FL),NY
2014Will Smith,SmitWi01,2014,7,238,DAL,Will Smith,No,LB,LB,22,0,0,0,0,0,0,0,0,0,0,0,0,0,0,0,0,0,Texas Tech,TX
2014James Wright,WrigJa03,2014,7,239,CIN,James Wright,No,WR,WR,22,0,0,19,0,0,0,0,0,5,24,0,11,141,0,6,0,0,LSU,OH
2014Tevin Reese,ReesTe00,2014,7,240,SDG,Tevin Reese,No,WR,WR,23,0,0,0,0,0,0,0,0,0,0,0,0,0,0,0,0,0,Baylor,CA
2014C.B. Bryant,BryaC.00,2014,7,241,STL,C.B. Bryant,No,DB,DB,22,0,0,11,0,0,0,0,0,0,0,0,0,0,0,0,0,0,Ohio St.,MO
2014Corey Nelson,NelsCo00,2014,7,242,DEN,Corey Nelson,No,LB,LB,22,0,0,42,0,0,0,0,0,0,0,0,0,0,0,34,0,1,Oklahoma,CO
2014Kaleb Ramsey,RamsKa00,2014,7,243,SFO,Kaleb Ramsey,No,DE,DE,25,0,0,0,0,0,0,0,0,0,0,0,0,0,0,0,0,0,Boston Col.,CA
2014Jeremy Gallon,GallJe00,2014,7,244,NWE,Jeremy Gallon,No,WR,WR,24,0,0,0,0,0,0,0,0,0,0,0,0,0,0,0,0,0,Michigan,MA
2014Trey Millard,MillTr00,2014,7,245,SFO,Trey Millard,No,FB,FB,23,0,0,0,0,0,0,0,0,0,0,0,0,0,0,0,0,0,Oklahoma,CA
2014Charles Leno,LenoCh00,2014,7,246,CHI,Charles Leno,No,T,T,22,0,0,32,0,0,0,0,0,0,0,0,0,0,0,0,0,0,Boise St.,IL
2014Jonathan Dowling,DowlJo00,2014,7,247,OAK,Jonathan Dowling,No,DB,DB,22,0,0,7,0,0,0,0,0,0,0,0,0,0,0,4,0,0,West. Kentucky,CA
2014Ahmad Dixon,DixoAh00,2014,7,248,DAL,Ahmad Dixon,No,DB,DB,23,0,0,11,0,0,0,0,0,0,0,0,0,0,0,2,0,0,Baylor,TX
2014Michael Sam,SamxMi00,2014,7,249,STL,Michael Sam,No,DE,DE,24,0,0,0,0,0,0,0,0,0,0,0,0,0,0,0,0,0,Missouri,MO
2014Demetrius Rhaney,RhanDe00,2014,7,250,STL,Demetrius Rhaney,No,OL,G,22,0,0,26,0,0,0,0,0,0,0,0,0,0,0,0,0,0,Tennessee St.,MO
2014Ken Bishop,BishKe01,2014,7,251,DAL,Ken Bishop,No,DT,DT,24,0,0,5,0,0,0,0,0,0,0,0,0,0,0,4,0,0,Northern Illinois,TX
2014Lavelle Westbrooks,WestLa00,2014,7,252,CIN,Lavelle Westbrooks,No,DB,DB,22,0,0,0,0,0,0,0,0,0,0,0,0,0,0,0,0,0,Georgia Southern,OH
2014Yawin Smallwood,SmalYa00,2014,7,253,ATL,Yawin Smallwood,No,LB,LB,22,0,0,0,0,0,0,0,0,0,0,0,0,0,0,0,0,0,Connecticut,GA
2014Terrance Mitchell,MitcTe00,2014,7,254,DAL,Terrance Mitchell,No,DB,DB,22,0,0,9,0,0,0,0,0,0,0,0,0,0,0,10,1,1,Oregon,TX
2014Tyler Starr,StarTy00,2014,7,255,ATL,Tyler Starr,No,LB,LB,23,0,0,1,0,0,0,0,0,0,0,0,0,0,0,0,0,0,South Dakota,GA
2014Lonnie Ballentine,BallLo00,2014,7,256,HOU,Lonnie Ballentine,No,DB,DB,21,0,0,4,0,0,0,0,0,0,0,0,0,0,0,3,0,0,Memphis,TX
2013Eric Fisher,FishEr00,2013,1,1,KAN,Eric Fisher,No,T,T,22,0,0,56,0,0,0,0,0,0,0,0,0,-5,0,2,0,0,Central Michigan,MO
2013Luke Joeckel,JoecLu00,2013,1,2,JAX,Luke Joeckel,No,T,T,21,0,0,39,0,0,0,0,0,0,0,0,0,0,0,2,0,0,Texas A&M,FL
2013Dion Jordan,JordDi00,2013,1,3,MIA,Dion Jordan,No,DE,DE,23,0,0,26,0,0,0,0,0,0,0,0,0,0,0,39,0,3,Oregon,FL
2013Lane Johnson,JohnLa01,2013,1,4,PHI,Lane Johnson,No,T,T,23,0,0,48,0,0,0,0,0,0,0,0,0,0,0,1,0,0,Oklahoma,PA
2013Ezekiel Ansah,AnsaEz00,2013,1,5,DET,Ezekiel Ansah,No,DE,DE,24,0,1,54,0,0,0,0,0,0,0,0,0,0,0,107,0,30,BYU,MI
2013Barkevious Mingo,MingBa00,2013,1,6,CLE,Barkevious Mingo,No,LB,LB,22,0,0,56,0,0,0,0,0,0,0,0,0,0,0,72,1,7,LSU,OH
2013Jonathan Cooper,CoopJo01,2013,1,7,ARI,Jonathan Cooper,No,G,G,23,0,0,26,0,0,0,0,0,0,0,0,0,0,0,0,0,0,North Carolina,AZ
2013Tavon Austin,AustTa00,2013,1,8,STL,Tavon Austin,No,WR,WR,22,0,0,54,0,1,0,0,0,115,890,7,163,1489,11,2,0,0,West Virginia,MO
2013Dee Milliner,MillDe00,2013,1,9,NYJ,Dee Milliner,No,DB,DB,22,0,0,21,0,0,0,0,0,0,0,0,0,0,0,50,3,0,Alabama,NY
2013Chance Warmack,WarmCh00,2013,1,10,TEN,Chance Warmack,No,G,G,22,0,0,48,0,0,0,0,0,0,0,0,0,0,0,1,0,0,Alabama,TN
2013D.J. Fluker,FlukDJ00,2013,1,11,SDG,D.J. Fluker,No,T,T,22,0,0,53,0,0,0,0,0,0,0,0,0,0,0,1,0,0,Alabama,CA
2013D.J. Hayden,HaydDJ00,2013,1,12,OAK,D.J. Hayden,No,DB,DB,23,0,0,44,0,0,0,0,0,0,0,0,0,0,0,159,3,1,Houston,CA
2013Sheldon Richardson,RichSh00,2013,1,13,NYJ,Sheldon Richardson,No,DT,DT,22,0,1,52,0,0,0,0,0,4,4,2,0,0,0,133,0,18,Missouri,NY
2013Star Lotulelei,LotuSt00,2013,1,14,CAR,Star Lotulelei,No,DT,DT,23,0,0,54,0,0,0,0,0,0,0,0,0,0,0,78,0,10,Utah,NC
2013Kenny Vaccaro,VaccKe00,2013,1,15,NOR,Kenny Vaccaro,No,DB,DB,22,0,0,54,0,0,0,0,0,0,0,0,0,0,0,225,4,6,Texas,LA
2013EJ Manuel,ManuEJ00,2013,1,16,BUF,EJ Manuel,No,QB,QB,23,0,0,26,310,526,3416,19,15,91,315,4,0,0,0,2,0,0,Florida St.,NY
2013Jarvis Jones,JoneJa05,2013,1,17,PIT,Jarvis Jones,No,LB,LB,23,0,0,47,0,0,0,0,0,0,0,0,0,0,0,81,2,5,Georgia,PA
2013Eric Reid,ReidEr00,2013,1,18,SFO,Eric Reid,No,DB,DB,21,0,1,57,0,0,0,0,0,0,0,0,0,0,0,212,8,1,LSU,CA
2013Justin Pugh,PughJu00,2013,1,19,NYG,Justin Pugh,No,T,T,23,0,0,52,0,0,0,0,0,0,0,0,0,0,0,4,0,0,Syracuse,NY
2013Kyle Long,LongKy00,2013,1,20,CHI,Kyle Long,No,G,G,24,0,3,55,0,0,0,0,0,0,0,0,1,-1,0,4,0,0,Oregon,IL
2013Tyler Eifert,EifeTy00,2013,1,21,CIN,Tyler Eifert,No,TE,TE,23,0,1,33,0,0,0,0,0,0,0,0,110,1341,16,6,0,0,Notre Dame,OH
2013Desmond Trufant,TrufDe00,2013,1,22,ATL,Desmond Trufant,No,DB,DB,23,0,1,57,0,0,0,0,0,0,0,0,0,0,0,168,7,3,Washington,GA
2013Sharrif Floyd,FloySh00,2013,1,23,MIN,Sharrif Floyd,No,DT,DT,22,0,0,44,0,0,0,0,0,0,0,0,0,0,0,57,0,9.5,Florida,MN
2013Bjoern Werner,WernBj00,2013,1,24,IND,Bjoern Werner,No,DE,DE,23,0,0,38,0,0,0,0,0,0,0,0,0,0,0,57,0,6.5,Florida St.,IN
2013Xavier Rhodes,RhodXa00,2013,1,25,MIN,Xavier Rhodes,No,DB,DB,23,0,0,54,0,0,0,0,0,0,0,0,0,0,0,159,6,0,Florida St.,MN
2013Datone Jones,JoneDa03,2013,1,26,GNB,Datone Jones,No,DE,DE,23,0,0,53,0,0,0,0,0,0,0,0,0,0,0,46,1,8,UCLA,WI
2013DeAndre Hopkins,HopkDe00,2013,1,27,HOU,DeAndre Hopkins,No,WR,WR,21,0,1,58,0,0,0,0,0,0,0,0,289,4073,22,4,0,0,Clemson,TX
2013Sylvester Williams,WillSy00,2013,1,28,DEN,Sylvester Williams,No,DT,DT,24,0,0,54,0,0,0,0,0,0,0,0,0,0,0,62,0,5.5,North Carolina,CO
2013Cordarrelle Patterson,PattCo00,2013,1,29,MIN,Cordarrelle Patterson,No,WR,WR,22,1,1,59,0,0,0,0,0,29,327,4,119,1187,7,0,0,0,Tennessee,MN
2013Alec Ogletree,OgleAl00,2013,1,30,STL,Alec Ogletree,No,LB,LB,22,0,0,46,0,0,0,0,0,0,0,0,0,0,0,274,4,3.5,Georgia,MO
2013Travis Frederick,FredTr00,2013,1,31,DAL,Travis Frederick,No,C,C,22,0,2,59,0,0,0,0,0,0,0,0,0,0,0,4,0,0,Wisconsin,TX
2013Matt Elam,ElamMa00,2013,1,32,BAL,Matt Elam,No,DB,DB,22,0,0,35,0,0,0,0,0,0,0,0,0,0,0,87,1,0.5,Florida,MD
2013Jonathan Cyprien,CyprJo00,2013,2,33,JAX,Jonathan Cyprien,No,DB,DB,23,0,0,54,0,0,0,0,0,0,0,0,0,0,0,301,2,1,Florida International,FL
2013Justin Hunter,HuntJu00,2013,2,34,TEN,Justin Hunter,No,WR,WR,22,0,0,42,0,0,0,0,0,0,0,0,74,1187,11,2,0,0,Tennessee,TN
2013Zach Ertz,ErtzZa00,2013,2,35,PHI,Zach Ertz,No,TE,TE,22,0,0,55,0,0,0,0,0,0,0,0,204,2361,10,2,0,0,Stanford,PA
2013Darius Slay,SlayDa00,2013,2,36,DET,Darius Slay,No,DB,DB,22,0,0,54,0,0,0,0,0,0,0,0,0,0,0,152,6,1,Mississippi St.,MI
2013Giovani Bernard,BernGi00,2013,2,37,CIN,Giovani Bernard,No,RB,RB,21,0,0,55,0,0,0,0,0,583,2442,14,187,1671,6,4,0,0,North Carolina,OH
2013Manti Te'o,TeoxMa00,2013,2,38,SDG,Manti Te'o,No,LB,LB,22,0,0,38,0,0,0,0,0,0,0,0,0,0,0,160,2,1.5,Notre Dame,CA
2013Geno Smith,SmitGe00,2013,2,39,NYJ,Geno Smith,No,QB,QB,22,0,0,33,501,866,5962,28,36,135,647,7,1,13,0,2,0,0,West Virginia,NY
2013Tank Carradine,CarrCo00,2013,2,40,SFO,Tank Carradine,No,DE,DE,24,0,0,33,0,0,0,0,0,0,0,0,0,0,0,39,0,4,Florida St.,CA
2013Robert Woods,WoodRo02,2013,2,41,BUF,Robert Woods,No,WR,WR,21,0,0,53,0,0,0,0,0,4,22,0,194,2331,12,5,0,0,USC,NY
2013Menelik Watson,WatsMe00,2013,2,42,OAK,Menelik Watson,No,T,T,24,0,0,21,0,0,0,0,0,0,0,0,0,0,0,0,0,0,Florida St.,CA
2013Johnthan Banks,BankJo00,2013,2,43,TAM,Johnthan Banks,No,DB,DB,23,0,0,52,0,0,0,0,0,0,0,0,0,0,0,111,7,0,Mississippi St.,FL
2013Kawann Short,ShorKa00,2013,2,44,CAR,Kawann Short,No,DT,DT,24,0,1,58,0,0,0,0,0,0,0,0,0,0,0,93,0,19,Purdue,NC
2013Kevin Minter,MintKe00,2013,2,45,ARI,Kevin Minter,No,LB,LB,22,0,0,55,0,0,0,0,0,0,0,0,0,0,0,156,0,4,LSU,AZ
2013Kiko Alonso,AlonKi00,2013,2,46,BUF,Kiko Alonso,No,LB,LB,23,0,0,37,0,0,0,0,0,0,0,0,0,0,0,166,6,2,Oregon,NY
2013Gavin Escobar,EscoGa00,2013,2,47,DAL,Gavin Escobar,No,TE,TE,22,0,0,57,0,0,0,0,0,0,0,0,29,326,8,2,0,0,San Diego St.,TX
2013Le'Veon Bell,BellLe00,2013,2,48,PIT,Le'Veon Bell,No,RB,RB,21,1,1,43,0,0,0,0,0,798,3476,22,209,1826,4,3,0,0,Michigan St.,PA
2013Johnathan Hankins,HankJo00,2013,2,49,NYG,Johnathan Hankins,No,DT,DT,21,0,0,46,0,0,0,0,0,0,0,0,0,0,0,81,0,8.5,Ohio St.,NY
2013Jonathan Bostic,BostJo00,2013,2,50,CHI,Jonathan Bostic,No,LB,LB,22,0,0,40,0,0,0,0,0,0,0,0,0,0,0,103,1,2,Florida,IL
2013David Amerson,AmerDa00,2013,2,51,WAS,David Amerson,No,DB,DB,21,0,0,58,0,0,0,0,0,0,0,0,0,0,0,187,8,0,North Carolina St.,DC
2013Jamie Collins,CollJa00,2013,2,52,NWE,Jamie Collins,No,LB,LB,23,0,1,53,0,0,0,0,0,0,0,0,0,0,0,222,5,11.5,Southern Miss,MA
2013Margus Hunt,HuntMa00,2013,2,53,CIN,Margus Hunt,No,DE,DE,26,0,0,38,0,0,0,0,0,0,0,0,0,0,0,13,0,1.5,SMU,OH
2013Jamar Taylor,TaylJa01,2013,2,54,MIA,Jamar Taylor,No,DB,DB,23,0,0,43,0,0,0,0,0,0,0,0,0,0,0,101,2,0,Boise St.,FL
2013Vance McDonald,McDoVa00,2013,2,55,SFO,Vance McDonald,No,TE,TE,23,0,0,45,0,0,0,0,0,0,0,0,58,797,7,2,0,0,Rice,CA
2013Arthur Brown,BrowAr00,2013,2,56,BAL,Arthur Brown,No,LB,LB,23,0,0,44,0,0,0,0,0,0,0,0,0,0,0,11,0,0.5,Kansas St.,MD
2013D.J. Swearinger,SweaDJ00,2013,2,57,HOU,D.J. Swearinger,No,DB,DB,22,0,0,53,0,0,0,0,0,0,0,0,0,0,0,147,5,2,South Carolina,TX
2013Montee Ball,BallMo00,2013,2,58,DEN,Montee Ball,No,RB,RB,22,0,0,21,0,0,0,0,0,175,731,5,29,207,0,6,0,0,Wisconsin,CO
2013Aaron Dobson,DobsAa00,2013,2,59,NWE,Aaron Dobson,No,WR,WR,22,0,0,24,0,0,0,0,0,0,0,0,53,698,4,1,0,0,Marshall,MA
2013Robert Alford,AlfoRo00,2013,2,60,ATL,Robert Alford,No,DB,DB,24,0,0,51,0,0,0,0,0,0,0,0,0,0,0,131,9,0,SE Louisiana,GA
2013Eddie Lacy,LacyEd00,2013,2,61,GNB,Eddie Lacy,No,RB,RB,23,0,1,51,0,0,0,0,0,788,3435,23,101,900,6,3,0,0,Alabama,WI
2013Christine Michael,MichCh00,2013,2,62,SEA,Christine Michael,No,RB,RB,22,0,0,31,0,0,0,0,0,223,966,6,24,124,1,0,0,0,Texas A&M,WA
2013Travis Kelce,KelcTr00,2013,3,63,KAN,Travis Kelce,No,TE,TE,23,0,1,43,0,0,0,0,0,1,-5,0,188,2311,13,0,0,0,Cincinnati,MO
2013Dwayne Gratz,GratDw00,2013,3,64,JAX,Dwayne Gratz,No,DB,DB,23,0,0,43,0,0,0,0,0,0,0,0,0,0,0,91,3,0,Connecticut,FL
2013Larry Warford,WarfLa00,2013,3,65,DET,Larry Warford,No,G,G,22,0,0,52,0,0,0,0,0,0,0,0,0,0,0,3,0,0,Kentucky,MI
2013Sio Moore,MoorSi00,2013,3,66,OAK,Sio Moore,No,LB,LB,23,0,0,43,0,0,0,0,0,0,0,0,0,0,0,134,0,7.5,Connecticut,CA
2013Bennie Logan,LogaBe00,2013,3,67,PHI,Bennie Logan,No,DT,DT,23,0,0,53,0,0,0,0,0,0,0,0,0,0,0,114,0,5,LSU,PA
2013Leon McFadden,McFaLe00,2013,3,68,CLE,Leon McFadden,No,DB,DB,22,0,0,29,0,0,0,0,0,0,0,0,0,0,0,19,0,0,San Diego St.,OH
2013Tyrann Mathieu,MathTy00,2013,3,69,ARI,Tyrann Mathieu,No,DB,DB,21,1,1,48,0,0,0,0,0,0,0,0,0,0,0,208,9,2,LSU,AZ
2013Blidi Wreh-Wilson,WrehBl00,2013,3,70,TEN,Blidi Wreh-Wilson,No,DB,DB,23,0,0,34,0,0,0,0,0,0,0,0,0,0,0,73,1,0,Connecticut,TN
2013T.J. McDonald,McDoTJ00,2013,3,71,STL,T.J. McDonald,No,DB,DB,22,0,0,47,0,0,0,0,0,0,0,0,0,0,0,194,3,5,USC,MO
2013Brian Winters,WintBr00,2013,3,72,NYJ,Brian Winters,No,G,G,22,0,0,47,0,0,0,0,0,0,0,0,0,0,0,1,0,0,Kent St.,NY
2013Mike Glennon,GlenMi00,2013,3,73,TAM,Mike Glennon,No,QB,QB,23,0,0,21,374,630,4100,30,15,37,86,0,0,0,0,2,0,0,North Carolina St.,FL
2013Terrance Williams,WillTe01,2013,3,74,DAL,Terrance Williams,No,WR,WR,24,0,0,59,0,0,0,0,0,3,4,0,160,2578,18,4,0,0,Baylor,TX
2013Terron Armstead,ArmsTe00,2013,3,75,NOR,Terron Armstead,No,T,T,22,0,0,38,0,0,0,0,0,0,0,0,0,0,0,1,0,0,Ark-Pine Bluff,LA
2013Keenan Allen,AlleKe00,2013,3,76,SDG,Keenan Allen,No,WR,WR,21,0,0,38,0,0,0,0,0,0,0,0,221,2617,16,8,0,0,California,CA
2013Dallas Thomas,ThomDa04,2013,3,77,MIA,Dallas Thomas,No,T,T,23,0,0,37,0,0,0,0,0,0,0,0,0,0,0,1,0,0,Tennessee,FL
2013Marquise Goodwin,GoodMa00,2013,3,78,BUF,Marquise Goodwin,No,WR,WR,22,0,0,33,0,0,0,0,0,6,21,0,38,665,6,3,0,0,Texas,NY
2013Markus Wheaton,WheaMa00,2013,3,79,PIT,Markus Wheaton,No,WR,WR,22,0,0,47,0,0,0,0,0,4,19,0,107,1508,8,10,0,0,Oregon St.,PA
2013J.J. Wilcox,WilcJ.00,2013,3,80,DAL,J.J. Wilcox,No,DB,DB,22,0,0,56,0,0,0,0,0,0,0,0,0,0,0,152,4,0,Georgia Southern,TX
2013Damontre Moore,MoorDa01,2013,3,81,NYG,Damontre Moore,No,DE,DE,21,0,0,48,0,0,0,0,0,0,0,0,0,0,0,51,0,10,Texas A&M,NY
2013John Jenkins,JenkJo00,2013,3,82,NOR,John Jenkins,No,DT,DT,24,0,0,50,0,0,0,0,0,0,0,0,0,0,0,67,0,1.5,Georgia,LA
2013Logan Ryan,RyanLo00,2013,3,83,NWE,Logan Ryan,No,DB,DB,22,0,0,58,0,0,0,0,0,0,0,0,0,0,0,173,11,1.5,Rutgers,MA
2013Shawn Williams,WillSh02,2013,3,84,CIN,Shawn Williams,No,DB,DB,22,0,0,58,0,0,0,0,0,0,0,0,0,0,0,74,3,1,Georgia,OH
2013Jordan Reed,ReedJo02,2013,3,85,WAS,Jordan Reed,No,TE,TE,23,0,0,43,0,0,0,0,0,1,18,0,241,2546,19,3,0,0,Florida,DC
2013Hugh Thornton,ThorHu00,2013,3,86,IND,Hugh Thornton,No,G,G,22,0,0,38,0,0,0,0,0,0,0,0,0,0,0,4,0,0,Illinois,IN
2013Jordan Hill,HillJo01,2013,3,87,SEA,Jordan Hill,No,DT,DT,22,0,0,27,0,0,0,0,0,0,0,0,0,0,0,31,1,7,Penn St.,WA
2013Corey Lemonier,LemoCo00,2013,3,88,SFO,Corey Lemonier,No,DE,DE,21,0,0,48,0,0,0,0,0,0,0,0,0,0,0,34,0,2,Auburn,CA
2013Brennan Williams,WillBr03,2013,3,89,HOU,Brennan Williams,No,OL,T,22,0,0,0,0,0,0,0,0,0,0,0,0,0,0,0,0,0,North Carolina,TX
2013Kayvon Webster,WebsKa00,2013,3,90,DEN,Kayvon Webster,No,DB,DB,22,0,0,49,0,0,0,0,0,0,0,0,0,0,0,64,1,0,South Florida,CO
2013Duron Harmon,HarmDu00,2013,3,91,NWE,Duron Harmon,No,DB,DB,22,0,0,57,0,0,0,0,0,0,0,0,0,0,0,62,7,0,Rutgers,MA
2013Stedman Bailey,BailSt01,2013,3,92,STL,Stedman Bailey,No,WR,WR,22,0,0,38,0,0,0,0,0,3,46,1,59,843,2,8,0,0,West Virginia,MO
2013Will Davis,DaviWi02,2013,3,93,MIA,Will Davis,No,DB,DB,23,0,0,20,0,0,0,0,0,0,0,0,0,0,0,26,1,0,Utah St.,FL
2013Brandon Williams,WillBr02,2013,3,94,BAL,Brandon Williams,No,DT,DT,24,0,0,49,0,0,0,0,0,0,0,0,0,0,0,85,0,4.5,Missouri Southern,MD
2013Sam Montgomery,MontSa00,2013,3,95,HOU,Sam Montgomery,No,DE,DE,23,0,0,0,0,0,0,0,0,0,0,0,0,0,0,0,0,0,LSU,TX
2013Knile Davis,DaviKn00,2013,3,96,KAN,Knile Davis,No,RB,RB,21,0,0,55,0,0,0,0,0,241,790,11,34,271,1,1,0,0,Arkansas,MO
2013Zaviar Gooden,GoodZa00,2013,3,97,TEN,Zaviar Gooden,No,LB,LB,23,0,0,26,0,0,0,0,0,0,0,0,0,0,0,29,0,0,Missouri,TN
2013Matt Barkley,BarkMa00,2013,4,98,PHI,Matt Barkley,No,QB,QB,23,0,0,5,36,65,381,0,6,6,-3,0,0,0,0,0,0,0,USC,PA
2013Nico Johnson,JohnNi00,2013,4,99,KAN,Nico Johnson,No,LB,LB,23,0,0,18,0,0,0,0,0,0,0,0,0,0,0,13,0,0,Alabama,MO
2013Akeem Spence,SpenAk00,2013,4,100,TAM,Akeem Spence,No,DT,DT,21,0,0,50,0,0,0,0,0,0,0,0,0,0,0,62,0,5.5,Illinois,FL
2013Ace Sanders,SandAc00,2013,4,101,JAX,Ace Sanders,No,WR,WR,21,0,0,27,1,1,21,1,0,2,4,0,57,539,1,2,0,0,South Carolina,FL
2013Josh Boyce,BoycJo00,2013,4,102,NWE,Josh Boyce,No,WR,WR,22,0,0,10,0,0,0,0,0,0,0,0,9,121,0,1,0,0,TCU,MA
2013Alex Okafor,OkafAl00,2013,4,103,ARI,Alex Okafor,No,DE,DE,22,0,0,36,0,0,0,0,0,0,0,0,0,0,0,63,1,12.5,Texas,AZ
2013Jelani Jenkins,JenkJe00,2013,4,104,MIA,Jelani Jenkins,No,LB,LB,21,0,0,51,0,0,0,0,0,0,0,0,0,0,0,160,0,3.5,Florida,FL
2013Duke Williams,WillDu00,2013,4,105,BUF,Duke Williams,No,DB,DB,22,0,0,57,0,0,0,0,0,0,0,0,0,0,0,68,1,1,Nevada,NY
2013Dion Sims,SimsDi00,2013,4,106,MIA,Dion Sims,No,TE,TE,22,0,0,50,0,0,0,0,0,0,0,0,59,557,4,0,0,0,Michigan St.,FL
2013Brian Schwenke,SchwBr00,2013,4,107,TEN,Brian Schwenke,No,C,C,22,0,0,36,0,0,0,0,0,0,0,0,1,6,0,5,0,0,California,TN
2013Edmund Kugbila,KugbEd00,2013,4,108,CAR,Edmund Kugbila,No,OL,G,23,0,0,0,0,0,0,0,0,0,0,0,0,0,0,0,0,0,Valdosta St.,NC
2013David Bakhtiari,BakhDa00,2013,4,109,GNB,David Bakhtiari,No,T,T,22,0,0,56,0,0,0,0,0,0,0,0,0,0,0,1,0,0,Colorado,WI
2013Ryan Nassib,NassRy00,2013,4,110,NYG,Ryan Nassib,No,QB,QB,23,0,0,5,9,10,128,1,0,2,-3,0,0,0,0,0,0,0,Syracuse,NY
2013Shamarko Thomas,ThomSh00,2013,4,111,PIT,Shamarko Thomas,No,DB,DB,22,0,0,47,0,0,0,0,0,0,0,0,0,0,0,30,0,0,Syracuse,PA
2013Tyler Wilson,WilsTy00,2013,4,112,OAK,Tyler Wilson,No,QB,QB,24,0,0,0,0,0,0,0,0,0,0,0,0,0,0,0,0,0,Arkansas,CA
2013Barrett Jones,JoneBa00,2013,4,113,STL,Barrett Jones,No,G,G,23,0,0,10,0,0,0,0,0,0,0,0,0,0,0,0,0,0,Alabama,MO
2013B.W. Webb,WebbBW00,2013,4,114,DAL,B.W. Webb,No,DB,DB,23,0,0,43,0,0,0,0,0,0,0,0,0,0,0,48,2,0,William & Mary,TX
2013Landry Jones,JoneLa02,2013,4,115,PIT,Landry Jones,No,QB,QB,24,0,0,14,61,104,794,4,5,10,-8,0,0,0,0,0,0,0,Oklahoma,PA
2013Earl Watford,WatfEa00,2013,4,116,ARI,Earl Watford,No,G,G,23,0,0,27,0,0,0,0,0,0,0,0,0,0,0,0,0,0,James Madison,AZ
2013Khaseem Greene,GreeKh00,2013,4,117,CHI,Khaseem Greene,No,LB,LB,24,0,0,25,0,0,0,0,0,0,0,0,0,0,0,33,1,0,Rutgers,IL
2013Sean Porter,PortSe00,2013,4,118,CIN,Sean Porter,No,LB,LB,22,0,0,1,0,0,0,0,0,0,0,0,0,0,0,0,0,0,Texas A&M,OH
2013Phillip Thomas,ThomPh00,2013,4,119,WAS,Phillip Thomas,No,DB,DB,24,0,0,8,0,0,0,0,0,0,0,0,0,0,0,19,0,0,Fresno St.,DC
2013Gerald Hodges,HodgGe00,2013,4,120,MIN,Gerald Hodges,No,LB,LB,22,0,0,49,0,0,0,0,0,0,0,0,0,0,0,133,3,2.5,Penn St.,MN
2013Khaled Holmes,HolmKh00,2013,4,121,IND,Khaled Holmes,No,C,C,23,0,0,17,0,0,0,0,0,0,0,0,0,0,0,0,0,0,USC,IN
2013J.C. Tretter,TretJC00,2013,4,122,GNB,J.C. Tretter,No,T,T,22,0,0,31,0,0,0,0,0,0,0,0,0,0,0,0,0,0,Cornell,WI
2013Chris Harper,HarpCh00,2013,4,123,SEA,Chris Harper,No,WR,WR,24,0,0,4,0,0,0,0,0,0,0,0,0,0,0,1,0,0,Kansas St.,WA
2013Trevardo Williams,WillTr02,2013,4,124,HOU,Trevardo Williams,No,DE,DE,22,0,0,3,0,0,0,0,0,0,0,0,0,0,0,5,0,1,Connecticut,TX
2013Johnathan Franklin,FranJo01,2013,4,125,GNB,Johnathan Franklin,No,RB,RB,23,0,0,11,0,0,0,0,0,19,107,1,4,30,0,3,0,0,UCLA,WI
2013William Gholston,GholWi00,2013,4,126,TAM,William Gholston,No,DE,DE,22,0,0,53,0,0,0,0,0,0,0,0,0,0,0,118,0,9.5,Michigan St.,FL
2013Malliciah Goodman,GoodMa01,2013,4,127,ATL,Malliciah Goodman,No,DE,DE,23,0,0,35,0,0,0,0,0,0,0,0,0,0,0,11,0,0,Clemson,GA
2013Quinton Patton,PattQu00,2013,4,128,SFO,Quinton Patton,No,WR,WR,23,0,0,36,0,0,0,0,0,3,51,0,66,834,1,0,0,0,Louisiana Tech,CA
2013John Simon,SimoJo01,2013,4,129,BAL,John Simon,No,DE,DE,22,0,0,44,0,0,0,0,0,0,0,0,0,0,0,79,0,10,Ohio St.,MD
2013Kyle Juszczyk,JuszKy00,2013,4,130,BAL,Kyle Juszczyk,No,RB,RB,22,0,0,58,0,0,0,0,0,5,10,0,83,673,5,7,0,0,Harvard,MD
2013Marcus Lattimore,LattMa00,2013,4,131,SFO,Marcus Lattimore,No,RB,RB,21,0,0,0,0,0,0,0,0,0,0,0,0,0,0,0,0,0,South Carolina,CA
2013Devin Taylor,TaylDe00,2013,4,132,DET,Devin Taylor,No,DE,DE,23,0,0,56,0,0,0,0,0,0,0,0,0,0,0,67,0,14,South Carolina,MI
2013Levine Toilolo,ToilLe00,2013,4,133,ATL,Levine Toilolo,No,TE,TE,22,0,0,58,0,0,0,0,0,0,0,0,56,464,6,3,0,0,Stanford,GA
2013Sanders Commings,CommSa00,2013,5,134,KAN,Sanders Commings,No,DB,DB,23,0,0,2,0,0,0,0,0,0,0,0,0,0,0,1,0,0,Georgia,MO
2013Denard Robinson,RobiDe00,2013,5,135,JAX,Denard Robinson,No,WR,WR,23,0,0,52,0,2,0,0,0,229,949,5,46,299,0,4,0,0,Michigan,FL
2013Earl Wolff,WolfEa00,2013,5,136,PHI,Earl Wolff,No,DB,DB,23,0,0,18,0,0,0,0,0,0,0,0,0,0,0,43,1,0,North Carolina St.,PA
2013Jesse Williams,WillJe02,2013,5,137,SEA,Jesse Williams,No,DT,DT,22,0,0,0,0,0,0,0,0,0,0,0,0,0,0,0,0,0,Alabama,WA
2013Tharold Simon,SimoTh00,2013,5,138,SEA,Tharold Simon,No,DB,DB,22,0,0,18,0,0,0,0,0,0,0,0,0,0,0,20,1,0,LSU,WA
2013Montori Hughes,HughMo00,2013,5,139,IND,Montori Hughes,No,DT,DT,23,0,0,25,0,0,0,0,0,0,0,0,0,0,0,17,0,0,Tenn-Martin,IN
2013Stepfan Taylor,TaylSt00,2013,5,140,ARI,Stepfan Taylor,No,RB,RB,22,0,0,55,0,0,0,0,0,120,393,1,20,154,3,5,0,0,Stanford,AZ
2013Oday Aboushi,AbouOd00,2013,5,141,NYJ,Oday Aboushi,No,T,T,22,0,0,23,0,0,0,0,0,0,0,0,0,0,0,1,0,0,Virginia,NY
2013Lavar Edwards,EdwaLa00,2013,5,142,TEN,Lavar Edwards,No,DE,DE,23,0,0,22,0,0,0,0,0,0,0,0,0,0,0,14,0,2,LSU,TN
2013Jonathan Meeks,MeekJo01,2013,5,143,BUF,Jonathan Meeks,No,DB,DB,23,0,0,32,0,0,0,0,0,0,0,0,0,0,0,2,0,0,Clemson,NY
2013Kenny Stills,StilKe00,2013,5,144,NOR,Kenny Stills,No,WR,WR,21,0,0,57,0,0,0,0,0,4,8,0,145,2420,15,2,0,0,Oklahoma,LA
2013Steve Williams,WillSt02,2013,5,145,SDG,Steve Williams,No,DB,DB,22,0,0,32,0,0,0,0,0,0,0,0,0,0,0,44,2,1,California,CA
2013Quanterus Smith,SmitQu00,2013,5,146,DEN,Quanterus Smith,No,DE,DE,23,0,0,15,0,0,0,0,0,0,0,0,0,0,0,7,0,0,West. Kentucky,CO
2013Steven Means,MeanSt00,2013,5,147,TAM,Steven Means,No,DE,DE,23,0,0,18,0,0,0,0,0,0,0,0,0,0,0,5,0,1,Buffalo,FL
2013A.J. Klein,KleiAJ00,2013,5,148,CAR,A.J. Klein,No,LB,LB,22,0,0,54,0,0,0,0,0,0,0,0,0,0,0,80,1,3,Iowa St.,NC
2013Brandon McGee,McGeBr00,2013,5,149,STL,Brandon McGee,No,DB,DB,22,0,0,18,0,0,0,0,0,0,0,0,0,0,0,14,0,0,Miami (FL),MO
2013Terry Hawthorne,HawtTe00,2013,5,150,PIT,Terry Hawthorne,No,DB,DB,23,0,0,0,0,0,0,0,0,0,0,0,0,0,0,0,0,0,Illinois,PA
2013Joseph Randle,RandJo01,2013,5,151,DAL,Joseph Randle,No,RB,RB,21,0,0,35,0,0,0,0,0,181,822,9,22,170,0,12,0,0,Oklahoma St.,TX
2013Cooper Taylor,TaylCo01,2013,5,152,NYG,Cooper Taylor,No,DB,DB,23,0,0,16,0,0,0,0,0,0,0,0,0,0,0,7,0,0,Richmond,NY
2013Stansly Maponga,MapoSt00,2013,5,153,ATL,Stansly Maponga,No,DE,DE,22,0,0,26,0,0,0,0,0,0,0,0,0,0,0,4,0,1,TCU,GA
2013Chris Thompson,ThomCh03,2013,5,154,WAS,Chris Thompson,No,RB,RB,22,0,0,30,0,0,0,0,0,93,487,1,77,515,4,0,0,0,Florida St.,DC
2013Jeff Locke,LockJe00,2013,5,155,MIN,Jeff Locke,No,P,P,24,0,0,59,0,0,0,0,0,1,-6,0,0,0,0,0,0,0,UCLA,MN
2013Tanner Hawkinson,HawkTa00,2013,5,156,CIN,Tanner Hawkinson,No,T,T,23,0,0,6,0,0,0,0,0,0,0,0,0,0,0,0,0,0,Kansas,OH
2013Quinton Dial,DialQu00,2013,5,157,SFO,Quinton Dial,No,DE,DE,23,0,0,42,0,0,0,0,0,0,0,0,0,0,0,75,0,4.5,Alabama,CA
2013Luke Willson,WillLu00,2013,5,158,SEA,Luke Willson,No,TE,TE,23,0,0,51,0,0,0,0,0,0,0,0,66,909,5,4,0,0,Rice,WA
2013Micah Hyde,HydeMi00,2013,5,159,GNB,Micah Hyde,No,DB,DB,22,0,0,57,0,0,0,0,0,0,0,0,0,0,0,173,5,4,Iowa,WI
2013Zac Stacy,StacZa00,2013,5,160,STL,Zac Stacy,No,RB,RB,22,0,0,35,0,0,0,0,0,357,1355,9,53,358,1,0,0,0,Vanderbilt,MO
2013Tavarres King,KingTa00,2013,5,161,DEN,Tavarres King,No,WR,WR,23,0,0,7,0,0,0,0,0,0,0,0,3,19,0,0,0,0,Georgia,CO
2013Brandon Jenkins,JenkBr00,2013,5,162,WAS,Brandon Jenkins,No,DE,DE,23,0,0,5,0,0,0,0,0,0,0,0,0,0,0,1,0,0,Florida St.,DC
2013Jordan Mills,MillJo02,2013,5,163,CHI,Jordan Mills,No,T,T,22,0,0,49,0,0,0,0,0,0,0,0,0,0,0,1,0,0,Louisiana Tech,IL
2013Mike Gillislee,GillMi00,2013,5,164,MIA,Mike Gillislee,No,RB,RB,22,0,0,18,0,0,0,0,0,109,614,7,14,69,1,2,0,0,Florida,FL
2013Sam Martin,MartSa01,2013,5,165,DET,Sam Martin,No,P,P,23,0,0,59,2,2,27,0,0,2,3,0,0,0,0,1,0,0,Appalachian St.,MI
2013Caleb Sturgis,SturCa00,2013,5,166,MIA,Caleb Sturgis,No,K,K,24,0,0,55,0,0,0,0,0,0,0,0,0,0,0,5,0,0,Florida,FL
2013Josh Boyd,BoydJo00,2013,5,167,GNB,Josh Boyd,No,DE,DE,24,0,0,26,0,0,0,0,0,0,0,0,0,0,0,16,0,0,Mississippi St.,WI
2013Ricky Wagner,WagnRi00,2013,5,168,BAL,Ricky Wagner,No,T,T,23,0,0,57,0,0,0,0,0,0,0,0,0,0,0,0,0,0,Wisconsin,MD
2013Josh Evans,EvanJo00,2013,6,169,JAX,Josh Evans,No,DB,DB,22,0,0,49,0,0,0,0,0,0,0,0,0,0,0,145,0,0,Florida,FL
2013Eric Kush,KushEr00,2013,6,170,KAN,Eric Kush,No,C,C,24,0,0,13,0,0,0,0,0,0,0,0,0,0,0,0,0,0,California (PA),MO
2013Corey Fuller,FullCo00,2013,6,171,DET,Corey Fuller,No,WR,WR,23,0,0,28,0,0,0,0,0,0,0,0,18,288,1,1,0,0,Virginia Tech,MI
2013Nick Kasa,KasaNi00,2013,6,172,OAK,Nick Kasa,No,TE,TE,22,0,0,16,0,0,0,0,0,0,0,0,1,9,1,1,0,0,Colorado,CA
2013Vinston Painter,PainVi00,2013,6,173,DEN,Vinston Painter,No,G,G,23,0,0,6,0,0,0,0,0,0,0,0,0,0,0,0,0,0,Virginia Tech,CO
2013Ryan Swope,SwopRy00,2013,6,174,ARI,Ryan Swope,No,WR,WR,23,0,0,0,0,0,0,0,0,0,0,0,0,0,0,0,0,0,Texas A&M,AZ
2013Jamoris Slaughter,SlauJa00,2013,6,175,CLE,Jamoris Slaughter,No,DB,DB,23,0,0,0,0,0,0,0,0,0,0,0,0,0,0,0,0,0,Notre Dame,OH
2013David Quessenberry,QuesDa00,2013,6,176,HOU,David Quessenberry,No,OL,T,23,0,0,0,0,0,0,0,0,0,0,0,0,0,0,0,0,0,San Jose St.,TX
2013Dustin Hopkins,HopkDu00,2013,6,177,BUF,Dustin Hopkins,No,K,K,22,0,0,26,0,0,0,0,0,0,0,0,0,0,0,0,0,0,Florida St.,NY
2013William Campbell,CampWi00,2013,6,178,NYJ,William Campbell,No,OL,T,22,0,0,0,0,0,0,0,0,0,0,0,0,0,0,0,0,0,Michigan,NY
2013Tourek Williams,WillTo00,2013,6,179,SDG,Tourek Williams,No,DE,DE,22,0,0,41,0,0,0,0,0,0,0,0,0,0,0,30,0,2,Florida International,CA
2013Nick Moody,MoodNi00,2013,6,180,SFO,Nick Moody,No,LB,LB,23,0,0,23,0,0,0,0,0,0,0,0,0,0,0,19,0,0,Florida St.,CA
2013Latavius Murray,MurrLa00,2013,6,181,OAK,Latavius Murray,No,RB,RB,23,0,1,39,0,0,0,0,0,449,1916,16,81,537,0,4,0,0,Central Florida,CA
2013Kenjon Barner,BarnKe00,2013,6,182,CAR,Kenjon Barner,No,RB,RB,24,0,0,29,0,0,0,0,0,57,252,2,12,34,0,0,0,0,Oregon,NC
2013Rufus Johnson,JohnRu02,2013,6,183,NOR,Rufus Johnson,No,DE,DE,23,0,0,1,0,0,0,0,0,0,0,0,0,0,0,1,0,0,Tarleton St.,LA
2013Mychal Rivera,RiveMy00,2013,6,184,OAK,Mychal Rivera,No,TE,TE,23,0,0,55,0,0,0,0,0,0,0,0,135,1293,10,4,0,0,Tennessee,CA
2013DeVonte Holloman,HollDe01,2013,6,185,DAL,DeVonte Holloman,No,LB,LB,22,0,0,9,0,0,0,0,0,0,0,0,0,0,0,14,0,2,South Carolina,TX
2013Justin Brown,BrowJu00,2013,6,186,PIT,Justin Brown,No,WR,WR,22,0,0,8,0,0,0,0,0,0,0,0,12,94,0,0,0,0,Oklahoma,PA
2013Andre Ellington,ElliAn00,2013,6,187,ARI,Andre Ellington,No,RB,RB,24,0,0,47,0,0,0,0,0,386,1674,9,106,953,3,2,0,0,Clemson,AZ
2013Cornelius Washington,WashCo00,2013,6,188,CHI,Cornelius Washington,No,LB,LB,24,0,0,25,0,0,0,0,0,0,0,0,0,0,0,13,0,3,Georgia,IL
2013Mike James,JameMi00,2013,6,189,TAM,Mike James,No,RB,RB,22,0,0,22,1,1,2,1,0,83,351,0,15,60,0,0,0,0,Miami (FL),FL
2013Rex Burkhead,BurkRe00,2013,6,190,CIN,Rex Burkhead,No,RB,RB,23,0,0,36,0,0,0,0,0,19,70,1,19,167,1,1,0,0,Nebraska,OH
2013Bacarri Rambo,RambBa00,2013,6,191,WAS,Bacarri Rambo,No,DB,DB,23,0,0,35,0,0,0,0,0,0,0,0,0,0,0,81,3,2,Georgia,DC
2013John Boyett,BoyeJo00,2013,6,192,IND,John Boyett,No,DB,DB,23,0,0,0,0,0,0,0,0,0,0,0,0,0,0,0,0,0,Oregon,IN
2013Nate Palmer,PalmNa01,2013,6,193,GNB,Nate Palmer,No,LB,LB,24,0,0,33,0,0,0,0,0,0,0,0,0,0,0,55,0,1,Illinois St.,WI
2013Spencer Ware,WareSp00,2013,6,194,SEA,Spencer Ware,No,RB,RB,21,0,0,22,0,0,0,0,0,207,1054,8,28,345,1,0,0,0,LSU,WA
2013Alan Bonner,BonnAl00,2013,6,195,HOU,Alan Bonner,No,WR,WR,22,0,0,0,0,0,0,0,0,0,0,0,0,0,0,0,0,0,Jacksonville St.,TX
2013Jeff Baca,BacaJe00,2013,6,196,MIN,Jeff Baca,No,G,G,23,0,0,4,0,0,0,0,0,0,0,0,0,0,0,0,0,0,UCLA,MN
2013Cobi Hamilton,HamiCo00,2013,6,197,CIN,Cobi Hamilton,No,WR,WR,22,0,0,6,0,0,0,0,0,0,0,0,9,127,1,0,0,0,Arkansas,OH
2013Chris Jones,JoneCh04,2013,6,198,HOU,Chris Jones,No,DT,DT,23,0,0,35,0,0,0,0,0,0,0,0,0,0,0,50,0,9,Bowling Green,TX
2013Theo Riddick,RiddTh00,2013,6,199,DET,Theo Riddick,No,RB,RB,22,0,0,53,0,0,0,0,0,160,564,2,166,1395,11,10,0,0,Notre Dame,MI
2013Kapron Lewis-Moore,LewiKa00,2013,6,200,BAL,Kapron Lewis-Moore,No,DE,DE,23,0,0,5,0,0,0,0,0,0,0,0,0,0,0,3,0,0,Notre Dame,MD
2013Ryan Griffin,GrifRy00,2013,6,201,HOU,Ryan Griffin,No,TE,TE,23,0,0,50,0,0,0,0,0,0,0,0,79,839,5,6,0,0,Connecticut,TX
2013Khalid Wooten,WootKh00,2013,6,202,TEN,Khalid Wooten,No,DB,DB,23,0,0,3,0,0,0,0,0,0,0,0,0,0,0,0,0,0,Nevada,TN
2013Ryan Jensen,JensRy00,2013,6,203,BAL,Ryan Jensen,No,T,T,22,0,0,19,0,0,0,0,0,0,0,0,0,0,0,0,0,0,,MD
2013Braden Wilson,WilsBr00,2013,6,204,KAN,Braden Wilson,No,FB,FB,23,0,0,0,0,0,0,0,0,0,0,0,0,0,0,0,0,0,Kansas St.,MO
2013Stacy McGee,McGeSt01,2013,6,205,OAK,Stacy McGee,No,DT,DT,23,0,0,50,0,0,0,0,0,0,0,0,0,0,0,43,0,3,Oklahoma,CA
2013Vince Williams,WillVi01,2013,6,206,PIT,Vince Williams,No,LB,LB,23,0,0,58,0,0,0,0,0,0,0,0,0,0,0,126,0,2.5,Florida St.,PA
2013Mike Catapano,CataMi00,2013,7,207,KAN,Mike Catapano,No,DE,DE,23,0,0,26,0,0,0,0,0,0,0,0,0,0,0,5,0,2,Princeton,MO
2013Jeremy Harris,HarrJe02,2013,7,208,JAX,Jeremy Harris,No,DB,DB,22,0,0,7,0,0,0,0,0,0,0,0,0,0,0,4,0,0,New Mexico St.,FL
2013Brice Butler,ButlBr00,2013,7,209,OAK,Brice Butler,No,WR,WR,23,0,0,43,0,0,0,0,0,0,0,0,55,815,4,1,0,0,San Diego St.,CA
2013Demetrius McCray,McCrDe00,2013,7,210,JAX,Demetrius McCray,No,DB,DB,22,0,0,46,0,0,0,0,0,0,0,0,0,0,0,68,0,0,Appalachian St.,FL
2013Michael Williams,WillMi06,2013,7,211,DET,Michael Williams,No,TE,TE,23,0,0,15,0,0,0,0,0,0,0,0,3,26,0,0,0,0,Alabama,MI
2013Joe Kruger,KrugJo00,2013,7,212,PHI,Joe Kruger,No,DE,DE,21,0,0,0,0,0,0,0,0,0,0,0,0,0,0,0,0,0,Utah,PA
2013Michael Mauti,MautMi00,2013,7,213,MIN,Michael Mauti,No,LB,LB,23,0,0,47,0,0,0,0,0,0,0,0,0,0,0,41,0,1,Penn St.,MN
2013Travis Bond,BondTr00,2013,7,214,MIN,Travis Bond,No,G,G,22,0,0,2,0,0,0,0,0,0,0,0,0,0,0,0,0,0,North Carolina,MN
2013Tommy Bohanon,BohaTo00,2013,7,215,NYJ,Tommy Bohanon,No,RB,RB,23,0,0,36,0,0,0,0,0,20,67,0,17,155,0,1,0,0,Wake Forest,NY
2013Charles Johnson,JohnCh08,2013,7,216,GNB,Charles Johnson,No,WR,WR,24,0,0,34,0,0,0,0,0,1,-11,0,49,715,2,1,0,0,Grand Valley St.,WI
2013Armonty Bryant,BryaAr00,2013,7,217,CLE,Armonty Bryant,No,DE,DE,23,0,0,35,0,0,0,0,0,0,0,0,0,0,0,45,0,11.5,East Central (OK),OH
2013Jordan Poyer,PoyeJo00,2013,7,218,PHI,Jordan Poyer,No,DB,DB,22,0,0,48,0,0,0,0,0,1,10,0,0,0,0,88,2,1,Oregon St.,PA
2013D.C. Jefferson,JeffD.00,2013,7,219,ARI,D.C. Jefferson,No,TE,TE,24,0,0,4,0,0,0,0,0,0,0,0,0,0,0,0,0,0,Rutgers,AZ
2013Ryan Seymour,SeymRy00,2013,7,220,SEA,Ryan Seymour,No,G,G,23,0,0,12,0,0,0,0,0,0,0,0,0,0,0,0,0,0,Vanderbilt,WA
2013Brad Sorensen,SoreBr00,2013,7,221,SDG,Brad Sorensen,No,QB,QB,25,0,0,0,0,0,0,0,0,0,0,0,0,0,0,0,0,0,Southern Utah,CA
2013Chris Gragg,GragCh00,2013,7,222,BUF,Chris Gragg,No,TE,TE,23,0,0,32,0,0,0,0,0,0,0,0,24,251,2,0,0,0,Arkansas,NY
2013Nicholas Williams,WillNi01,2013,7,223,PIT,Nicholas Williams,No,DT,DT,23,0,0,21,0,0,0,0,0,0,0,0,0,0,0,9,0,0,Samford,PA
2013Kevin Dorsey,DorsKe01,2013,7,224,GNB,Kevin Dorsey,No,WR,WR,23,0,0,3,0,0,0,0,0,0,0,0,1,4,0,1,0,0,Maryland,WI
2013Eric Herman,HermEr00,2013,7,225,NYG,Eric Herman,No,OL,G,23,0,0,0,0,0,0,0,0,0,0,0,0,0,0,0,0,0,Ohio,NY
2013Michael Buchanan,BuchMi00,2013,7,226,NWE,Michael Buchanan,No,DE,DE,22,0,0,18,0,0,0,0,0,0,0,0,0,0,0,7,0,2,Illinois,MA
2013Garrett Gilkey,GilkGa00,2013,7,227,CLE,Garrett Gilkey,No,T,T,23,0,0,22,0,0,0,0,0,0,0,0,0,0,0,0,0,0,Chadron St.,OH
2013Jawan Jamison,JamiJa00,2013,7,228,WAS,Jawan Jamison,No,RB,RB,21,0,0,0,0,0,0,0,0,0,0,0,0,0,0,0,0,0,Rutgers,DC
2013Everett Dawkins,DawkEv00,2013,7,229,MIN,Everett Dawkins,No,DT,DT,23,0,0,1,0,0,0,0,0,0,0,0,0,0,0,0,0,0,Florida St.,MN
2013Kerwynn Williams,WillKe05,2013,7,230,IND,Kerwynn Williams,No,RB,RB,22,0,0,17,0,0,0,0,0,80,388,1,4,27,0,0,0,0,Utah St.,IN
2013Ty Powell,PoweTy00,2013,7,231,SEA,Ty Powell,No,DE,DE,25,0,0,19,0,0,0,0,0,0,0,0,0,0,0,17,0,1,Harding,WA
2013Sam Barrington,BarrSa00,2013,7,232,GNB,Sam Barrington,No,LB,LB,22,0,0,25,0,0,0,0,0,0,0,0,0,0,0,48,0,1,South Florida,WI
2013David Bass,BassDa00,2013,7,233,OAK,David Bass,No,DE,DE,23,0,0,47,0,0,0,0,0,0,0,0,0,0,0,48,2,5.5,Missouri Western St.,CA
2013Zac Dysert,DyseZa00,2013,7,234,DEN,Zac Dysert,No,QB,QB,23,0,0,0,0,0,0,0,0,0,0,0,0,0,0,0,0,0,Miami (OH),CO
2013Steve Beauharnais,BeauSt00,2013,7,235,NWE,Steve Beauharnais,No,LB,LB,23,0,0,5,0,0,0,0,0,0,0,0,0,0,0,2,0,0,Rutgers,MA
2013Marquess Wilson,WilsMa02,2013,7,236,CHI,Marquess Wilson,No,WR,WR,21,0,0,29,0,0,0,0,0,0,0,0,48,652,2,0,0,0,Washington St.,IL
2013B.J. Daniels,DaniB.00,2013,7,237,SFO,B.J. Daniels,No,QB,QB,23,0,0,8,1,2,7,0,0,6,6,0,2,18,0,0,0,0,South Florida,CA
2013Aaron Mellette,MellAa00,2013,7,238,BAL,Aaron Mellette,No,WR,WR,23,0,0,0,0,0,0,0,0,0,0,0,0,0,0,0,0,0,Elon,MD
2013David King,KingDa00,2013,7,239,PHI,David King,No,DE,DE,23,0,0,9,0,0,0,0,0,0,0,0,0,0,0,2,0,1.5,Oklahoma,PA
2013Reid Fragel,FragRe00,2013,7,240,CIN,Reid Fragel,No,OL,T,23,0,0,1,0,0,0,0,0,0,0,0,0,0,0,0,0,0,Ohio St.,OH
2013Jared Smith,SmitJa02,2013,7,241,SEA,Jared Smith,No,DT,DT,23,0,0,0,0,0,0,0,0,0,0,0,0,0,0,0,0,0,New Hampshire,WA
2013Michael Bowie,BowiMi00,2013,7,242,SEA,Michael Bowie,No,T,T,22,0,0,9,0,0,0,0,0,0,0,0,0,0,0,0,0,0,,WA
2013Kemal Ishmael,IshmKe00,2013,7,243,ATL,Kemal Ishmael,No,DB,DB,22,0,0,46,0,0,0,0,0,0,0,0,0,0,0,125,5,0,Central Florida,GA
2013Zeke Motta,MottZe00,2013,7,244,ATL,Zeke Motta,No,DB,DB,23,0,0,10,0,0,0,0,0,0,0,0,0,0,0,8,0,0,Notre Dame,GA
2013Brandon Hepburn,HepbBr00,2013,7,245,DET,Brandon Hepburn,No,LB,LB,23,0,0,0,0,0,0,0,0,0,0,0,0,0,0,0,0,0,Florida A&M,MI
2013Carter Bykowski,BykoCa00,2013,7,246,SFO,Carter Bykowski,No,OL,T,23,0,0,0,0,0,0,0,0,0,0,0,0,0,0,0,0,0,Iowa St.,CA
2013Marc Anthony,AnthMa00,2013,7,247,BAL,Marc Anthony,No,DB,DB,23,0,0,0,0,0,0,0,0,0,0,0,0,0,0,0,0,0,California,MD
2013Daimion Stafford,StafDa00,2013,7,248,TEN,Daimion Stafford,No,DB,DB,22,0,0,58,0,0,0,0,0,0,0,0,0,0,0,82,2,2,Nebraska,TN
2013Sean Renfree,RenfSe00,2013,7,249,ATL,Sean Renfree,No,QB,QB,23,0,0,2,3,7,11,0,1,1,-4,0,0,0,0,0,0,0,Duke,GA
2013Don Jones,JoneDo02,2013,7,250,MIA,Don Jones,No,DB,DB,23,0,0,51,0,0,0,0,0,0,0,0,0,0,0,21,0,0,Arkansas St.,FL
2013T.J. Johnson,JohnTJ00,2013,7,251,CIN,T.J. Johnson,No,C,C,23,0,0,26,0,0,0,0,0,0,0,0,0,0,0,0,0,0,South Carolina,OH
2013Marcus Cooper,CoopMa00,2013,7,252,SFO,Marcus Cooper,No,DB,DB,23,0,0,48,0,0,0,0,0,0,0,0,0,0,0,103,6,0,Rutgers,CA
2013Michael Cox,CoxxMi00,2013,7,253,NYG,Michael Cox,No,RB,RB,24,0,0,18,0,0,0,0,0,26,76,0,5,21,0,3,0,0,Massachusetts,NY
2013Justice Cunningham,CunnJu00,2013,7,254,IND,Justice Cunningham,No,TE,TE,22,0,0,4,0,0,0,0,0,0,0,0,1,4,0,0,0,0,South Carolina,IN
2012Andrew Luck,LuckAn00,2012,1,1,IND,Andrew Luck,No,QB,QB,23,0,3,65,1460,2481,17665,120,63,273,1347,13,0,0,0,6,0,0,Stanford,IN
2012Robert Griffin,GrifRo01,2012,1,2,WAS,Robert Griffin,No,QB,QB,22,0,1,38,691,1089,8287,40,24,249,1517,8,0,0,0,2,0,0,Baylor,DC
2012Trent Richardson,RichTr00,2012,1,3,CLE,Trent Richardson,No,RB,RB,22,0,0,46,0,0,0,0,0,614,2032,17,113,912,2,1,0,0,Alabama,OH
2012Matt Kalil,KaliMa00,2012,1,4,MIN,Matt Kalil,No,T,T,23,0,1,66,0,0,0,0,0,0,0,0,0,0,0,1,0,0,USC,MN
2012Justin Blackmon,BlacJu00,2012,1,5,JAX,Justin Blackmon,No,WR,WR,22,0,0,20,0,0,0,0,0,3,22,0,93,1280,6,1,0,0,Oklahoma St.,FL
2012Morris Claiborne,ClaiMo00,2012,1,6,DAL,Morris Claiborne,No,DB,DB,22,0,0,47,0,0,0,0,0,0,0,0,0,0,0,126,4,0,LSU,TX
2012Mark Barron,BarrMa00,2012,1,7,TAM,Mark Barron,No,DB,DB,22,0,0,72,0,0,0,0,0,0,0,0,0,0,0,333,5,7,Alabama,FL
2012Ryan Tannehill,TannRy00,2012,1,8,MIA,Ryan Tannehill,No,QB,QB,24,0,0,74,1589,2547,17749,99,62,204,1011,6,2,5,0,5,0,0,Texas A&M,FL
2012Luke Kuechly,KuecLu00,2012,1,9,CAR,Luke Kuechly,No,LB,LB,21,3,3,71,0,0,0,0,0,0,0,0,0,0,0,453,12,9,Boston Col.,NC
2012Stephon Gilmore,GilmSt00,2012,1,10,BUF,Stephon Gilmore,No,DB,DB,22,0,0,63,0,0,0,0,0,0,0,0,0,0,0,185,13,0,South Carolina,NY
2012Dontari Poe,PoexDo00,2012,1,11,KAN,Dontari Poe,No,DT,DT,22,0,2,72,0,0,0,0,0,2,2,2,0,0,0,147,0,12,Memphis,MO
2012Fletcher Cox,CoxxFl00,2012,1,12,PHI,Fletcher Cox,No,DT,DT,21,0,1,73,0,0,0,0,0,0,0,0,0,0,0,181,0,26,Mississippi St.,PA
2012Michael Floyd,FloyMi00,2012,1,13,ARI,Michael Floyd,No,WR,WR,22,0,0,73,0,0,0,0,0,1,2,0,235,3672,22,2,0,0,Notre Dame,AZ
2012Michael Brockers,BrocMi00,2012,1,14,STL,Michael Brockers,No,DT,DT,21,0,0,69,0,0,0,0,0,0,0,0,0,0,0,116,0,14.5,LSU,MO
2012Bruce Irvin,IrviBr00,2012,1,15,SEA,Bruce Irvin,No,DE,DE,24,0,0,68,0,0,0,0,0,0,0,0,0,0,0,124,3,25,West Virginia,WA
2012Quinton Coples,CoplQu00,2012,1,16,NYJ,Quinton Coples,No,DE,DE,22,0,0,62,0,0,0,0,0,0,0,0,0,0,0,75,0,16.5,North Carolina,NY
2012Dre Kirkpatrick,KirkDr00,2012,1,17,CIN,Dre Kirkpatrick,No,DB,DB,22,0,0,60,0,0,0,0,0,0,0,0,0,0,0,136,9,1,Alabama,OH
2012Melvin Ingram,IngrMe00,2012,1,18,SDG,Melvin Ingram,No,DE,DE,23,0,0,55,0,0,0,0,0,0,0,0,0,0,0,128,0,22.5,South Carolina,CA
2012Shea McClellin,McClSh00,2012,1,19,CHI,Shea McClellin,No,DE,DE,23,0,0,60,0,0,0,0,0,0,0,0,0,0,0,105,0,7.5,Boise St.,IL
2012Kendall Wright,WrigKe01,2012,1,20,TEN,Kendall Wright,No,WR,WR,22,0,0,63,0,0,0,0,0,11,90,0,276,3204,18,4,0,0,Baylor,TN
2012Chandler Jones,JoneCh03,2012,1,21,NWE,Chandler Jones,No,DE,DE,22,0,1,65,0,0,0,0,0,0,0,0,0,0,0,160,1,44,Syracuse,MA
2012Brandon Weeden,WeedBr00,2012,1,22,CLE,Brandon Weeden,No,QB,QB,28,0,0,34,559,965,6462,31,30,61,201,1,0,-9,0,0,0,0,Oklahoma St.,OH
2012Riley Reiff,ReifRi00,2012,1,23,DET,Riley Reiff,No,T,T,23,0,0,73,0,0,0,0,0,0,0,0,0,0,0,2,0,0,Iowa,MI
2012David DeCastro,DeCaDa00,2012,1,24,PIT,David DeCastro,No,G,G,22,1,1,62,0,0,0,0,0,0,0,0,0,0,0,2,0,0,Stanford,PA
2012Dont'a Hightower,HighDo01,2012,1,25,NWE,Dont'a Hightower,No,LB,LB,22,0,0,62,0,0,0,0,0,0,0,0,0,0,0,245,0,17,Alabama,MA
2012Whitney Mercilus,MercWh00,2012,1,26,HOU,Whitney Mercilus,No,DE,DE,22,0,0,73,0,0,0,0,0,0,0,0,0,0,0,131,0,34.5,Illinois,TX
2012Kevin Zeitler,ZeitKe00,2012,1,27,CIN,Kevin Zeitler,No,G,G,22,0,0,66,0,0,0,0,0,0,0,0,0,0,0,1,0,0,Wisconsin,OH
2012Nick Perry,PerrNi00,2012,1,28,GNB,Nick Perry,No,DE,DE,22,0,0,56,0,0,0,0,0,0,0,0,0,0,0,103,1,19.5,USC,WI
2012Harrison Smith,SmitHa00,2012,1,29,MIN,Harrison Smith,No,DB,DB,23,0,1,64,0,0,0,0,0,0,0,0,0,0,0,296,12,7.5,Notre Dame,MN
2012A.J. Jenkins,JenkA.00,2012,1,30,SFO,A.J. Jenkins,No,WR,WR,23,0,0,28,0,0,0,0,0,4,4,0,17,223,0,0,0,0,Illinois,CA
2012Doug Martin,MartDo00,2012,1,31,TAM,Doug Martin,No,RB,RB,23,1,2,53,0,0,0,0,0,933,3987,21,116,962,2,1,0,0,Boise St.,FL
2012David Wilson,WilsDa01,2012,1,32,NYG,David Wilson,No,RB,RB,21,0,0,21,0,0,0,0,0,115,504,5,6,42,1,1,0,0,Virginia Tech,NY
2012Brian Quick,QuicBr00,2012,2,33,STL,Brian Quick,No,WR,WR,23,0,0,61,0,0,0,0,0,0,0,0,93,1377,10,2,0,0,Appalachian St.,MO
2012Coby Fleener,FleeCo00,2012,2,34,IND,Coby Fleener,No,TE,TE,24,0,0,70,0,0,0,0,0,1,2,1,216,2556,20,5,1,0,Stanford,IN
2012Courtney Upshaw,UpshCo00,2012,2,35,BAL,Courtney Upshaw,No,LB,LB,22,0,0,71,0,0,0,0,0,0,0,0,0,0,0,118,0,5,Alabama,MD
2012Derek Wolfe,WolfDe00,2012,2,36,DEN,Derek Wolfe,No,DT,DT,22,0,0,64,0,0,0,0,0,0,0,0,0,0,0,120,0,21.5,Cincinnati,CO
2012Mitchell Schwartz,SchwMi00,2012,2,37,CLE,Mitchell Schwartz,No,T,T,23,0,0,74,0,0,0,0,0,0,0,0,0,0,0,0,0,0,California,OH
2012Andre Branch,BranAn00,2012,2,38,JAX,Andre Branch,No,LB,LB,23,0,0,61,0,0,0,0,0,0,0,0,0,0,0,81,0,17.5,Clemson,FL
2012Janoris Jenkins,JenkJa03,2012,2,39,STL,Janoris Jenkins,No,DB,DB,23,0,0,70,0,0,0,0,0,0,0,0,0,0,0,265,12,1,North Alabama,MO
2012Amini Silatolu,SilaAm00,2012,2,40,CAR,Amini Silatolu,No,G,G,24,0,0,33,0,0,0,0,0,0,0,0,0,0,0,0,0,0,Midwestern St.,NC
2012Cordy Glenn,GlenCo00,2012,2,41,BUF,Cordy Glenn,No,G,G,23,0,0,69,0,0,0,0,0,0,0,0,0,0,0,1,0,0,Georgia,NY
2012Jonathan Martin,MartJo01,2012,2,42,MIA,Jonathan Martin,No,T,T,22,0,0,38,0,0,0,0,0,0,0,0,0,0,0,1,0,0,Stanford,FL
2012Stephen Hill,HillSt00,2012,2,43,NYJ,Stephen Hill,No,WR,WR,21,0,0,23,0,0,0,0,0,0,0,0,45,594,4,1,0,0,Georgia Tech,NY
2012Jeff Allen,AlleJe01,2012,2,44,KAN,Jeff Allen,No,T,T,22,0,0,53,0,0,0,0,0,0,0,0,0,0,0,1,0,0,Illinois,MO
2012Alshon Jeffery,JeffAl00,2012,2,45,CHI,Alshon Jeffery,No,WR,WR,22,0,1,60,0,0,0,0,0,22,138,0,292,4358,25,5,0,0,South Carolina,IL
2012Mychal Kendricks,KendMy00,2012,2,46,PHI,Mychal Kendricks,No,LB,LB,22,0,0,65,0,0,0,0,0,0,0,0,0,0,0,285,3,12,California,PA
2012Bobby Wagner,WagnBo00,2012,2,47,SEA,Bobby Wagner,No,LB,LB,22,1,2,66,0,0,0,0,0,0,0,0,0,0,0,383,6,12,Utah St.,WA
2012Tavon Wilson,WilsTa00,2012,2,48,NWE,Tavon Wilson,No,DB,DB,22,0,0,64,0,0,0,0,0,0,0,0,0,0,0,106,6,0,Illinois,MA
2012Kendall Reyes,ReyeKe00,2012,2,49,SDG,Kendall Reyes,No,DT,DT,23,0,0,70,0,0,0,0,0,0,0,0,0,0,0,89,1,13.5,Connecticut,CA
2012Isaiah Pead,PeadIs00,2012,2,50,STL,Isaiah Pead,No,RB,RB,22,0,0,30,0,0,0,0,0,27,100,0,15,100,0,2,0,0,Cincinnati,MO
2012Jerel Worthy,WortJe00,2012,2,51,GNB,Jerel Worthy,No,DT,DT,22,0,0,27,0,0,0,0,0,0,0,0,0,0,0,15,0,2.5,Michigan St.,WI
2012Zach Brown,BrowZa00,2012,2,52,TEN,Zach Brown,No,LB,LB,22,0,0,59,0,0,0,0,0,0,0,0,0,0,0,262,6,13,North Carolina,TN
2012Devon Still,StilDe00,2012,2,53,CIN,Devon Still,No,DT,DT,23,0,0,33,0,0,0,0,0,0,0,0,0,0,0,21,0,0.5,Penn St.,OH
2012Ryan Broyles,BroyRy00,2012,2,54,DET,Ryan Broyles,No,WR,WR,24,0,0,21,0,0,0,0,0,0,0,0,32,420,2,0,0,0,Oklahoma,MI
2012Peter Konz,KonzPe00,2012,2,55,ATL,Peter Konz,No,C,C,23,0,0,39,0,0,0,0,0,0,0,0,0,0,0,0,0,0,Wisconsin,GA
2012Mike Adams,AdamMi02,2012,2,56,PIT,Mike Adams,No,T,T,22,0,0,50,0,0,0,0,0,0,0,0,0,0,0,2,0,0,Ohio St.,PA
2012Brock Osweiler,OsweBr00,2012,2,57,DEN,Brock Osweiler,No,QB,QB,21,0,0,31,403,668,4187,23,16,61,139,1,1,-6,0,0,0,0,Arizona St.,CO
2012Lavonte David,DaviLa00,2012,2,58,TAM,Lavonte David,No,LB,LB,22,1,1,72,0,0,0,0,0,0,0,0,0,0,0,443,9,14,Nebraska,FL
2012Vinny Curry,CurrVi00,2012,2,59,PHI,Vinny Curry,No,DE,DE,24,0,0,62,0,0,0,0,0,0,0,0,0,0,0,61,0,18,Marshall,PA
2012Kelechi Osemele,OsemKe00,2012,2,60,BAL,Kelechi Osemele,No,T,T,23,0,0,61,0,0,0,0,0,0,0,0,0,0,0,0,0,0,Iowa St.,MD
2012LaMichael James,JameLa00,2012,2,61,SFO,LaMichael James,No,RB,RB,22,0,0,18,0,0,0,0,0,44,193,0,5,45,0,0,0,0,Oregon,CA
2012Casey Hayward,HaywCa00,2012,2,62,GNB,Casey Hayward,No,DB,DB,23,0,0,61,0,0,0,0,0,0,0,0,0,0,0,170,14,0,Vanderbilt,WI
2012Rueben Randle,RandRu00,2012,2,63,NYG,Rueben Randle,No,WR,WR,21,0,0,64,0,0,0,0,0,0,0,0,188,2644,20,3,0,0,LSU,NY
2012Dwayne Allen,AlleDw00,2012,3,64,IND,Dwayne Allen,No,TE,TE,22,0,0,52,0,0,0,0,0,4,6,0,115,1301,15,2,0,0,Clemson,IN
2012Trumaine Johnson,JohnTr05,2012,3,65,STL,Trumaine Johnson,No,DB,DB,22,0,0,63,0,0,0,0,0,0,0,0,0,0,0,208,16,0,Montana,MO
2012Josh Robinson,RobiJo01,2012,3,66,MIN,Josh Robinson,No,DB,DB,21,0,0,57,0,0,0,0,0,0,0,0,0,0,0,134,5,0,Central Florida,MN
2012Ronnie Hillman,HillRo00,2012,3,67,DEN,Ronnie Hillman,No,RB,RB,21,0,0,53,0,0,0,0,0,470,1892,12,71,474,1,1,0,0,San Diego St.,CO
2012DeVier Posey,PoseDe00,2012,3,68,HOU,DeVier Posey,No,WR,WR,23,0,0,26,0,0,0,0,0,1,-3,0,22,272,0,0,0,0,Ohio St.,TX
2012T.J. Graham,GrahT.00,2012,3,69,BUF,T.J. Graham,No,WR,WR,23,0,0,47,0,0,0,0,0,5,19,0,61,794,4,11,0,0,North Carolina St.,NY
2012Bryan Anger,AngeBr00,2012,3,70,JAX,Bryan Anger,No,P,P,23,0,0,74,1,1,19,0,0,1,0,0,0,0,0,1,0,0,California,FL
2012Josh LeRibeus,LeRiJo00,2012,3,71,WAS,Josh LeRibeus,No,G,G,23,0,0,28,0,0,0,0,0,0,0,0,0,0,0,0,0,0,SMU,DC
2012Olivier Vernon,VernOl00,2012,3,72,MIA,Olivier Vernon,No,LB,LB,21,0,0,74,0,0,0,0,0,0,0,0,0,0,0,165,0,33,Miami (FL),FL
2012Brandon Taylor,TaylBr02,2012,3,73,SDG,Brandon Taylor,No,DB,DB,22,0,0,4,0,0,0,0,0,0,0,0,0,0,0,3,0,0.5,LSU,CA
2012Donald Stephenson,StepDo00,2012,3,74,KAN,Donald Stephenson,No,T,T,24,0,0,67,0,0,0,0,0,0,0,0,0,0,0,0,0,0,Oklahoma,MO
2012Russell Wilson,WilsRu00,2012,3,75,SEA,Russell Wilson,No,QB,QB,23,0,3,74,1344,2070,16688,117,36,450,2509,13,3,31,1,4,0,0,Wisconsin,WA
2012Brandon Brooks,BrooBr00,2012,3,76,HOU,Brandon Brooks,No,G,G,23,0,0,60,0,0,0,0,0,0,0,0,0,0,0,1,0,0,Miami (OH),TX
2012Demario Davis,DaviDe00,2012,3,77,NYJ,Demario Davis,No,LB,LB,23,0,0,75,0,0,0,0,0,0,0,0,0,0,0,261,1,7.5,Arkansas St.,NY
2012Michael Egnew,EgneMi00,2012,3,78,MIA,Michael Egnew,No,TE,TE,22,0,0,18,0,0,0,0,0,0,0,0,7,69,0,0,0,0,Missouri,FL
2012Brandon Hardin,HardBr01,2012,3,79,CHI,Brandon Hardin,No,DB,DB,22,0,0,0,0,0,0,0,0,0,0,0,0,0,0,0,0,0,Oregon St.,IL
2012Jamell Fleming,FlemJa00,2012,3,80,ARI,Jamell Fleming,No,DB,DB,23,0,0,46,0,0,0,0,0,0,0,0,0,0,0,56,0,0,Oklahoma,AZ
2012Tyrone Crawford,CrawTy00,2012,3,81,DAL,Tyrone Crawford,No,DE,DE,22,0,0,58,0,0,0,0,0,0,0,0,0,0,0,78,0,11.5,Boise St.,TX
2012Mike Martin,MartMi01,2012,3,82,TEN,Mike Martin,No,DT,DT,22,0,0,46,0,0,0,0,0,0,0,0,0,0,0,41,0,4,Michigan,TN
2012Mohamed Sanu,SanuMo00,2012,3,83,CIN,Mohamed Sanu,No,WR,WR,23,0,0,67,5,5,177,2,0,26,153,2,191,2223,14,5,0,0,Rutgers,OH
2012Bernard Pierce,PierBe00,2012,3,84,BAL,Bernard Pierce,No,RB,RB,21,0,0,52,0,0,0,0,0,359,1345,5,32,171,0,2,0,0,Temple,MD
2012Bill Bentley,BentBi00,2012,3,85,DET,Bill Bentley,No,DB,DB,23,0,0,20,0,0,0,0,0,0,0,0,0,0,0,34,0,0,,MI
2012Sean Spence,SpenSe00,2012,3,86,PIT,Sean Spence,No,LB,LB,23,0,0,42,0,0,0,0,0,0,0,0,0,0,0,85,0,3,Miami (FL),PA
2012John Hughes,HughJo00,2012,3,87,CLE,John Hughes,No,DT,DT,24,0,0,57,0,0,0,0,0,0,0,0,0,0,0,57,0,5.5,Cincinnati,OH
2012Nick Foles,FoleNi00,2012,3,88,PHI,Nick Foles,No,QB,QB,23,0,1,41,776,1285,9215,56,27,105,347,5,0,0,0,2,0,0,Arizona,PA
2012Akiem Hicks,HickAk00,2012,3,89,NOR,Akiem Hicks,No,DE,DE,22,0,0,71,0,0,0,0,0,0,0,0,0,0,0,96,0,13.5,,LA
2012Jake Bequette,BequJa00,2012,3,90,NWE,Jake Bequette,No,DE,DE,23,0,0,8,0,0,0,0,0,0,0,0,0,0,0,0,0,0,Arkansas,MA
2012Lamar Holmes,HolmLa00,2012,3,91,ATL,Lamar Holmes,No,T,T,23,0,0,21,0,0,0,0,0,0,0,0,0,0,0,3,0,0,Southern Miss,GA
2012T.Y. Hilton,HiltT.00,2012,3,92,IND,T.Y. Hilton,No,WR,WR,22,0,2,73,0,1,0,0,0,9,55,0,343,5355,29,4,0,0,Florida International,IN
2012Brandon Thompson,ThomBr01,2012,3,93,CIN,Brandon Thompson,No,DT,DT,22,0,0,39,0,0,0,0,0,0,0,0,0,0,0,34,0,3,Clemson,OH
2012Jayron Hosley,HoslJa00,2012,3,94,NYG,Jayron Hosley,No,DB,DB,22,0,0,43,0,0,0,0,0,0,0,0,0,0,0,62,2,0,Virginia Tech,NY
2012Tony Bergstrom,BergTo00,2012,3,95,OAK,Tony Bergstrom,No,T,T,26,0,0,34,0,0,0,0,0,0,0,0,0,0,0,0,0,0,Utah,CA
2012Chris Givens,GiveCh00,2012,4,96,STL,Chris Givens,No,WR,WR,22,0,0,60,0,0,0,0,0,11,42,0,107,1779,5,2,0,0,Wake Forest,MO
2012Lamar Miller,MillLa01,2012,4,97,MIA,Lamar Miller,No,RB,RB,21,0,0,71,0,0,0,0,0,830,3754,22,141,1020,4,3,0,0,Miami (FL),FL
2012Gino Gradkowski,GradGi00,2012,4,98,BAL,Gino Gradkowski,No,G,G,23,0,0,52,0,0,0,0,0,0,0,0,0,0,0,3,0,0,Delaware,MD
2012Ben Jones,JoneBe01,2012,4,99,HOU,Ben Jones,No,C,C,23,0,0,75,0,0,0,0,0,0,0,0,0,0,0,3,0,0,Georgia,TX
2012Travis Benjamin,BenjTr00,2012,4,100,CLE,Travis Benjamin,No,WR,WR,22,0,0,63,0,1,0,0,0,15,133,0,148,2197,13,3,0,0,Miami (FL),OH
2012Omar Bolden,BoldOm00,2012,4,101,DEN,Omar Bolden,No,DB,DB,23,0,0,56,0,0,0,0,0,0,0,0,0,0,0,34,0,0,Arizona St.,CO
2012Kirk Cousins,CousKi00,2012,4,102,WAS,Kirk Cousins,No,QB,QB,24,0,0,41,918,1387,10736,67,37,61,153,6,0,0,0,0,0,0,Michigan St.,DC
2012Frank Alexander,AlexFr00,2012,4,103,CAR,Frank Alexander,No,DE,DE,22,0,0,29,0,0,0,0,0,0,0,0,0,0,0,20,0,3.5,Oklahoma,NC
2012Joe Adams,AdamJo01,2012,4,104,CAR,Joe Adams,No,WR,WR,22,0,0,9,0,0,0,0,0,3,13,0,1,7,0,0,0,0,Arkansas,NC
2012Nigel Bradham,BradNi00,2012,4,105,BUF,Nigel Bradham,No,LB,LB,23,0,0,67,0,0,0,0,0,0,0,0,0,0,0,207,2,4.5,Florida St.,NY
2012Robert Turbin,TurbRo00,2012,4,106,SEA,Robert Turbin,No,RB,RB,22,0,0,68,0,0,0,0,0,303,1200,4,66,545,2,4,0,0,Utah St.,WA
2012Devon Wylie,WyliDe00,2012,4,107,KAN,Devon Wylie,No,WR,WR,24,0,0,12,0,0,0,0,0,0,0,0,6,53,0,0,0,0,Fresno St.,MO
2012Philip Blake,BlakPh00,2012,4,108,DEN,Philip Blake,No,OL,C,26,0,0,0,0,0,0,0,0,0,0,0,0,0,0,0,0,0,Baylor,CO
2012Alameda Ta'amu,Ta'aAl00,2012,4,109,PIT,Alameda Ta'amu,No,DT,DT,22,0,0,21,0,0,0,0,0,0,0,0,0,0,0,5,0,0,Washington,PA
2012Ladarius Green,GreeLa00,2012,4,110,SDG,Ladarius Green,No,TE,TE,22,0,0,50,0,0,0,0,0,0,0,0,82,1184,7,14,0,0,,CA
2012Evan Rodriguez,RodrEv00,2012,4,111,CHI,Evan Rodriguez,No,TE,TE,24,0,0,20,0,0,0,0,0,0,0,0,4,21,0,2,0,0,Temple,IL
2012Bobby Massie,MassBo00,2012,4,112,ARI,Bobby Massie,No,T,T,23,0,0,63,0,0,0,0,0,0,0,0,0,0,0,1,0,0,Mississippi,AZ
2012Kyle Wilber,WilbKy00,2012,4,113,DAL,Kyle Wilber,No,LB,LB,23,0,0,68,0,0,0,0,0,0,0,0,0,0,0,63,0,3.5,Wake Forest,TX
2012Jaye Howard,HowaJa00,2012,4,114,SEA,Jaye Howard,No,DT,DT,23,0,0,45,0,0,0,0,0,0,0,0,0,0,0,87,0,7.5,Florida,WA
2012Coty Sensabaugh,SensCo00,2012,4,115,TEN,Coty Sensabaugh,No,DB,DB,23,0,0,67,0,0,0,0,0,0,0,0,0,0,0,140,2,1,Clemson,TN
2012Orson Charles,CharOr00,2012,4,116,CIN,Orson Charles,No,TE,TE,21,0,0,31,0,0,0,0,0,0,0,0,9,109,0,4,0,0,Georgia,OH
2012Joe Looney,LoonJo01,2012,4,117,SFO,Joe Looney,No,G,G,22,0,0,38,0,0,0,0,0,0,0,0,0,0,0,0,0,0,Wake Forest,CA
2012Jarius Wright,WrigJa02,2012,4,118,MIN,Jarius Wright,No,WR,WR,22,0,0,59,0,0,0,0,0,8,111,0,129,1815,7,2,0,0,Arkansas,MN
2012Keenan Robinson,RobiKe01,2012,4,119,WAS,Keenan Robinson,No,LB,LB,23,0,0,46,0,0,0,0,0,0,0,0,0,0,0,140,2,1.5,Texas,DC
2012James-Michael Johnson,JohnJa04,2012,4,120,CLE,James-Michael Johnson,No,LB,LB,23,0,0,47,0,0,0,0,0,0,0,0,0,0,0,77,0,1,Nevada,OH
2012Keshawn Martin,MartKe01,2012,4,121,HOU,Keshawn Martin,No,WR,WR,22,0,0,58,0,0,0,0,0,5,59,0,62,685,5,1,0,0,Michigan St.,TX
2012Nick Toon,ToonNi00,2012,4,122,NOR,Nick Toon,No,WR,WR,23,0,0,17,0,0,0,0,0,1,4,0,21,283,1,3,0,0,Wisconsin,LA
2012Brandon Boykin,BoykBr00,2012,4,123,PHI,Brandon Boykin,No,DB,DB,22,0,0,64,0,0,0,0,0,0,0,0,0,0,0,118,8,2,Georgia,PA
2012Ron Brooks,BrooRo01,2012,4,124,BUF,Ron Brooks,No,DB,DB,23,0,0,52,0,0,0,0,0,0,0,0,0,0,0,66,0,0,LSU,NY
2012Ronnell Lewis,LewiRo02,2012,4,125,DET,Ronnell Lewis,No,LB,LB,22,0,0,8,0,0,0,0,0,0,0,0,0,0,0,0,0,0,Oklahoma,MI
2012Jared Crick,CricJa00,2012,4,126,HOU,Jared Crick,No,DE,DE,23,0,0,73,0,0,0,0,0,0,0,0,0,0,0,96,0,7.5,Nebraska,TX
2012Adrien Robinson,RobiAd00,2012,4,127,NYG,Adrien Robinson,No,TE,TE,24,0,0,19,0,0,0,0,0,0,0,0,5,50,1,2,0,0,Cincinnati,NY
2012Rhett Ellison,ElliRh00,2012,4,128,MIN,Rhett Ellison,No,RB,RB,23,0,0,68,0,0,0,0,0,1,1,1,49,509,3,3,0,0,USC,MN
2012Miles Burris,BurrMi00,2012,4,129,OAK,Miles Burris,No,LB,LB,24,0,0,38,0,0,0,0,0,0,0,0,0,0,0,142,1,1.5,San Diego St.,CA
2012Christian Thompson,ThomCh01,2012,4,130,BAL,Christian Thompson,No,DB,DB,22,0,0,7,0,0,0,0,0,0,0,0,0,0,0,0,0,0,South Carolina St.,MD
2012Brandon Mosley,MoslBr00,2012,4,131,NYG,Brandon Mosley,No,T,T,23,0,0,22,0,0,0,0,0,0,0,0,0,0,0,1,0,0,Auburn,NY
2012Mike Daniels,DaniMi00,2012,4,132,GNB,Mike Daniels,No,DT,DT,23,0,0,72,0,0,0,0,0,0,0,0,0,0,0,101,1,20,Iowa,WI
2012Jerron McMillian,McMiJe00,2012,4,133,GNB,Jerron McMillian,No,DB,DB,23,0,0,28,0,0,0,0,0,0,0,0,0,0,0,29,1,0,Maine,WI
2012Greg Childs,ChilGr00,2012,4,134,MIN,Greg Childs,No,WR,WR,22,0,0,0,0,0,0,0,0,0,0,0,0,0,0,0,0,0,Arkansas,MN
2012Matt Johnson,JohnMa05,2012,4,135,DAL,Matt Johnson,No,DB,DB,23,0,0,0,0,0,0,0,0,0,0,0,0,0,0,0,0,0,East. Washington,TX
2012Josh Chapman,ChapJo00,2012,5,136,IND,Josh Chapman,No,NT,DT,23,0,0,29,0,0,0,0,0,0,0,0,0,0,0,29,0,0,Alabama,IN
2012Malik Jackson,JackMa02,2012,5,137,DEN,Malik Jackson,No,DT,DT,22,0,0,72,0,0,0,0,0,0,0,0,0,0,0,124,0,17,Tennessee,CO
2012Tahir Whitehead,WhitTa00,2012,5,138,DET,Tahir Whitehead,No,LB,LB,22,0,0,73,0,0,0,0,0,0,0,0,0,0,0,187,3,2,Temple,MI
2012Robert Blanton,BlanRo00,2012,5,139,MIN,Robert Blanton,No,DB,DB,23,0,0,70,0,0,0,0,0,0,0,0,0,0,0,154,1,0,Notre Dame,MN
2012Najee Goode,GoodNa00,2012,5,140,TAM,Najee Goode,No,LB,LB,22,0,0,42,0,0,0,0,0,0,0,0,0,0,0,20,0,1,West Virginia,FL
2012Adam Gettis,GettAd00,2012,5,141,WAS,Adam Gettis,No,G,G,23,0,0,16,0,0,0,0,0,0,0,0,0,0,0,0,0,0,Iowa,DC
2012Brandon Marshall,MarsBr01,2012,5,142,JAX,Brandon Marshall,No,LB,LB,23,0,0,45,0,0,0,0,0,0,0,0,0,0,0,207,2,3.5,Nevada,FL
2012Josh Norman,NormJo01,2012,5,143,CAR,Josh Norman,No,DB,DB,24,1,1,64,0,0,0,0,0,0,0,0,0,0,0,174,8,0,Coastal Carolina,NC
2012Zebrie Sanders,SandZe00,2012,5,144,BUF,Zebrie Sanders,No,OL,T,22,0,0,0,0,0,0,0,0,0,0,0,0,0,0,0,0,0,Florida St.,NY
2012Taylor Thompson,ThomTa00,2012,5,145,TEN,Taylor Thompson,No,TE,TE,22,0,0,35,0,0,0,0,0,0,0,0,11,83,1,7,0,0,SMU,TN
2012DeQuan Menzie,MenzDe00,2012,5,146,KAN,DeQuan Menzie,No,DB,DB,22,0,0,0,0,0,0,0,0,0,0,0,0,0,0,0,0,0,Alabama,MO
2012Tank Carder,CardTa00,2012,5,147,BUF,Tank Carder,No,LB,LB,23,0,0,73,0,0,0,0,0,0,0,0,0,0,0,21,0,0,TCU,NY
2012Chris Greenwood,GreeCh01,2012,5,148,DET,Chris Greenwood,No,DB,DB,23,0,0,3,0,0,0,0,0,0,0,0,0,0,0,6,0,0,Albion,MI
2012Johnnie Troutman,TrouJo00,2012,5,149,SDG,Johnnie Troutman,No,G,G,24,0,0,29,0,0,0,0,0,0,0,0,0,0,0,0,0,0,Penn St.,CA
2012Rokevious Watkins,WatkRo00,2012,5,150,STL,Rokevious Watkins,No,G,G,23,0,0,4,0,0,0,0,0,0,0,0,0,0,0,0,0,0,South Carolina,MO
2012Senio Kelemete,KeleSe00,2012,5,151,ARI,Senio Kelemete,No,G,G,22,0,0,36,0,0,0,0,0,0,0,0,1,10,0,0,0,0,Washington,AZ
2012Danny Coale,CoalDa00,2012,5,152,DAL,Danny Coale,No,WR,WR,24,0,0,0,0,0,0,0,0,0,0,0,0,0,0,0,0,0,Virginia Tech,TX
2012Dennis Kelly,KellDe00,2012,5,153,PHI,Dennis Kelly,No,T,T,22,0,0,41,0,0,0,0,0,0,0,0,0,0,0,0,0,0,Purdue,PA
2012Korey Toomer,ToomKo00,2012,5,154,SEA,Korey Toomer,No,LB,LB,23,0,0,25,0,0,0,0,0,0,0,0,0,0,0,33,0,0,Idaho,WA
2012Josh Kaddu,KaddJo00,2012,5,155,MIA,Josh Kaddu,No,LB,LB,22,0,0,6,0,0,0,0,0,0,0,0,0,0,0,0,0,0,Oregon,FL
2012Shaun Prater,PratSh00,2012,5,156,CIN,Shaun Prater,No,DB,DB,22,0,0,21,0,0,0,0,0,0,0,0,0,0,0,7,1,0,Iowa,OH
2012Bradie Ewing,EwinBr00,2012,5,157,ATL,Bradie Ewing,No,RB,RB,22,0,0,2,0,0,0,0,0,0,0,0,2,29,0,0,0,0,Wisconsin,GA
2012Jack Crawford,CrawJa00,2012,5,158,OAK,Jack Crawford,No,DE,DE,24,0,0,52,0,0,0,0,0,0,0,0,0,0,0,37,0,8.5,Penn St.,CA
2012Chris Rainey,RainCh00,2012,5,159,PIT,Chris Rainey,No,RB,RB,24,0,0,18,0,0,0,0,0,26,102,2,14,60,0,0,0,0,Florida,PA
2012Ryan Miller,MillRy00,2012,5,160,CLE,Ryan Miller,No,G,G,23,0,0,8,0,0,0,0,0,0,0,0,0,0,0,0,0,0,Colorado,OH
2012Randy Bullock,BullRa00,2012,5,161,HOU,Randy Bullock,No,K,K,22,0,0,44,0,0,0,0,0,0,0,0,0,0,0,2,0,0,Texas A&M,TX
2012Corey White,WhitCo01,2012,5,162,NOR,Corey White,No,DB,DB,22,0,0,60,0,0,0,0,0,0,0,0,0,0,0,123,5,1,Samford,LA
2012Terrell Manning,MannTe00,2012,5,163,GNB,Terrell Manning,No,LB,LB,22,0,0,11,0,0,0,0,0,0,0,0,0,0,0,0,0,0,North Carolina St.,WI
2012Jonathan Massaquoi,MassJo00,2012,5,164,ATL,Jonathan Massaquoi,No,DE,DE,24,0,0,39,0,0,0,0,0,0,0,0,0,0,0,45,0,6,Troy,GA
2012Darius Fleming,FlemDa00,2012,5,165,SFO,Darius Fleming,No,LB,LB,23,0,0,11,0,0,0,0,0,0,0,0,0,0,0,3,0,0,Notre Dame,CA
2012Marvin Jones,JoneMa02,2012,5,166,CIN,Marvin Jones,No,WR,WR,22,0,0,54,0,0,0,0,0,17,148,0,176,2459,19,5,0,0,California,OH
2012George Iloka,IlokGe00,2012,5,167,CIN,George Iloka,No,DB,DB,22,0,0,61,0,0,0,0,0,0,0,0,0,0,0,161,7,0,Boise St.,OH
2012Juron Criner,CrinJu00,2012,5,168,OAK,Juron Criner,No,WR,WR,22,0,0,13,0,0,0,0,0,0,0,0,19,183,1,0,0,0,Arizona,CA
2012Asa Jackson,JackAs00,2012,5,169,BAL,Asa Jackson,No,DB,DB,22,0,0,18,0,0,0,0,0,0,0,0,0,0,0,22,0,0,,MD
2012Vick Ballard,BallVi00,2012,5,170,IND,Vick Ballard,No,RB,RB,22,0,0,17,0,0,0,0,0,224,877,2,18,147,1,0,0,0,Mississippi St.,IN
2012Greg Zuerlein,ZuerGr00,2012,6,171,STL,Greg Zuerlein,No,K,K,24,0,0,72,0,0,0,0,0,0,0,0,0,0,0,2,0,0,,MO
2012Jeremy Lane,LaneJe00,2012,6,172,SEA,Jeremy Lane,No,DB,DB,22,0,0,51,0,0,0,0,0,0,0,0,0,0,0,77,2,0,NW State (LA),WA
2012Alfred Morris,MorrAl00,2012,6,173,WAS,Alfred Morris,No,RB,RB,23,0,2,75,0,0,0,0,0,1138,4933,31,49,373,0,3,0,0,Florida Atlantic,DC
2012Keith Tandy,TandKe00,2012,6,174,TAM,Keith Tandy,No,DB,DB,23,0,0,64,0,0,0,0,0,1,18,0,0,0,0,70,4,1,West Virginia,FL
2012Blair Walsh,WalsBl00,2012,6,175,MIN,Blair Walsh,No,K,K,22,1,1,73,0,0,0,0,0,0,0,0,0,0,0,1,0,0,Georgia,MN
2012Mike Harris,HarrMi00,2012,6,176,JAX,Mike Harris,No,DB,DB,23,0,0,36,0,0,0,0,0,0,0,0,0,0,0,94,2,2,Florida St.,FL
2012Justin Bethel,BethJu00,2012,6,177,ARI,Justin Bethel,No,DB,DB,22,0,3,74,0,0,0,0,0,0,0,0,0,0,0,82,2,0,Presbyterian,AZ
2012Mark Asper,AspeMa00,2012,6,178,BUF,Mark Asper,No,G,G,26,0,0,7,0,0,0,0,0,0,0,0,0,0,0,0,0,0,Oregon,NY
2012Andrew Tiller,TillAn01,2012,6,179,NOR,Andrew Tiller,No,G,G,23,0,0,23,0,0,0,0,0,0,0,0,0,0,0,0,0,0,Syracuse,LA
2012Trent Robinson,RobiTr02,2012,6,180,SFO,Trent Robinson,No,DB,DB,22,0,0,38,0,0,0,0,0,0,0,0,0,0,0,61,2,0,Michigan St.,CA
2012Winston Guy,GuyxWi00,2012,6,181,SEA,Winston Guy,No,DB,DB,22,0,0,37,0,0,0,0,0,0,0,0,0,0,0,35,0,2,Kentucky,WA
2012Cyrus Gray,GrayCy00,2012,6,182,KAN,Cyrus Gray,No,RB,RB,22,0,0,35,0,0,0,0,0,24,99,1,9,64,0,9,0,0,Texas A&M,MO
2012B.J. Cunningham,CunnB.00,2012,6,183,MIA,B.J. Cunningham,No,WR,WR,23,0,0,2,0,0,0,0,0,0,0,0,0,0,0,0,0,0,Michigan St.,FL
2012Isaiah Frey,FreyIs00,2012,6,184,CHI,Isaiah Frey,No,DB,DB,22,0,0,27,0,0,0,0,0,0,0,0,0,0,0,50,0,0,Nevada,IL
2012Ryan Lindley,LindRy00,2012,6,185,ARI,Ryan Lindley,No,QB,QB,23,0,0,10,140,274,1372,3,11,4,7,0,0,0,0,0,0,0,San Diego St.,AZ
2012James Hanna,HannJa00,2012,6,186,DAL,James Hanna,No,TE,TE,23,0,0,62,0,0,0,0,0,0,0,0,33,286,0,10,0,0,Oklahoma,TX
2012Josh Bush,BushJo00,2012,6,187,NYJ,Josh Bush,No,DB,DB,23,0,0,45,0,1,0,0,0,0,0,0,0,0,0,30,2,0,Wake Forest,NY
2012Danny Trevathan,TrevDa00,2012,6,188,DEN,Danny Trevathan,No,LB,LB,22,0,0,58,0,0,0,0,0,0,0,0,0,0,0,253,5,4,Kentucky,CO
2012Christo Bilukidi,BiluCh00,2012,6,189,OAK,Christo Bilukidi,No,DE,DE,22,0,0,24,0,0,0,0,0,0,0,0,0,0,0,10,0,1,,CA
2012Markelle Martin,MartMa00,2012,6,190,TEN,Markelle Martin,No,DB,DB,22,0,0,15,0,0,0,0,0,0,0,0,0,0,0,0,0,0,Oklahoma St.,TN
2012Dan Herron,HerrDa00,2012,6,191,CIN,Dan Herron,No,RB,RB,23,0,0,35,0,0,0,0,0,112,468,1,31,277,0,7,0,0,Ohio St.,OH
2012Charles Mitchell,MitcCh01,2012,6,192,ATL,Charles Mitchell,No,DB,DB,23,0,0,10,0,0,0,0,0,0,0,0,0,0,0,0,0,0,Mississippi St.,GA
2012Tom Compton,CompTo00,2012,6,193,WAS,Tom Compton,No,T,T,23,0,0,54,0,0,0,0,0,0,0,0,0,0,0,3,0,0,South Dakota,DC
2012Marvin McNutt,McNuMa00,2012,6,194,PHI,Marvin McNutt,No,WR,WR,23,0,0,5,0,0,0,0,0,0,0,0,0,0,0,0,0,0,Iowa,PA
2012Nick Mondek,MondNi00,2012,6,195,HOU,Nick Mondek,No,OL,T,23,0,0,0,0,0,0,0,0,0,0,0,0,0,0,0,0,0,Purdue,TX
2012Jonte Green,GreeJo03,2012,6,196,DET,Jonte Green,No,DB,DB,23,0,0,24,0,0,0,0,0,0,0,0,0,0,0,29,1,1,New Mexico St.,MI
2012Nate Ebner,EbneNa00,2012,6,197,NWE,Nate Ebner,No,DB,DB,23,0,0,67,0,0,0,0,0,0,0,0,0,0,0,11,0,0,Ohio St.,MA
2012Tommy Streeter,StreTo00,2012,6,198,BAL,Tommy Streeter,No,WR,WR,22,0,0,2,0,0,0,0,0,0,0,0,0,0,0,1,0,0,Miami (FL),MD
2012Jason Slowey,SlowJa00,2012,6,199,SFO,Jason Slowey,No,OL,G,23,0,0,0,0,0,0,0,0,0,0,0,0,0,0,0,0,0,Western Oregon,CA
2012Brandon Washington,WashBr00,2012,6,200,PHI,Brandon Washington,No,G,G,24,0,0,1,0,0,0,0,0,0,0,0,0,0,0,0,0,0,Miami (FL),PA
2012Matt McCants,McCaMa00,2012,6,201,NYG,Matt McCants,No,T,T,23,0,0,28,0,0,0,0,0,0,0,0,0,0,0,1,0,0,,NY
2012Terrance Ganaway,GanaTe00,2012,6,202,NYJ,Terrance Ganaway,No,RB,RB,23,0,0,3,0,0,0,0,0,0,0,0,0,0,0,0,0,0,Baylor,NY
2012Robert Griffin,GrifRo03,2012,6,203,NYJ,Robert Griffin,No,OL,G,22,0,0,0,0,0,0,0,0,0,0,0,0,0,0,0,0,0,Baylor,NY
2012Emmanuel Acho,AchoEm00,2012,6,204,CLE,Emmanuel Acho,No,LB,LB,21,0,0,20,0,0,0,0,0,0,0,0,0,0,0,22,0,0,Texas,OH
2012Billy Winn,WinnBi00,2012,6,205,CLE,Billy Winn,No,DT,DT,23,0,0,62,0,0,0,0,0,0,0,0,0,0,0,66,2,3,Boise St.,OH
2012LaVon Brazill,BrazLa00,2012,6,206,IND,LaVon Brazill,No,WR,WR,23,0,0,25,0,0,0,0,0,0,0,0,23,347,3,5,0,0,Ohio,IN
2012Brad Nortman,NortBr00,2012,6,207,CAR,Brad Nortman,No,P,P,23,0,0,74,0,0,0,0,0,1,-1,0,0,0,0,1,0,0,Wisconsin,NC
2012Justin Anderson,AndeJu00,2012,7,208,IND,Justin Anderson,No,OL,G,24,0,0,0,0,0,0,0,0,0,0,0,0,0,0,0,0,0,Georgia,IN
2012Aaron Brown,BrowAa01,2012,7,209,STL,Aaron Brown,No,LB,LB,0,0,0,0,0,0,0,0,0,0,0,0,0,0,0,0,0,0,Hawaii,MO
2012Audie Cole,ColeAu00,2012,7,210,MIN,Audie Cole,No,LB,LB,23,0,0,52,0,0,0,0,0,0,0,0,0,0,0,52,0,1,North Carolina St.,MN
2012Scott Solomon,SoloSc00,2012,7,211,TEN,Scott Solomon,No,DE,DE,23,0,0,24,0,0,0,0,0,0,0,0,0,0,0,8,0,2,Rice,TN
2012Michael Smith,SmitMi01,2012,7,212,TAM,Michael Smith,No,RB,RB,24,0,0,1,0,0,0,0,0,0,0,0,0,0,0,0,0,0,Utah St.,FL
2012Richard Crawford,CrawRi00,2012,7,213,WAS,Richard Crawford,No,DB,DB,22,0,0,10,0,0,0,0,0,0,0,0,0,0,0,12,1,0,SMU,DC
2012Tim Fugger,FuggTi00,2012,7,214,IND,Tim Fugger,No,DE,DE,23,0,0,0,0,0,0,0,0,0,0,0,0,0,0,0,0,0,Vanderbilt,IN
2012Kheeston Randall,RandKh00,2012,7,215,MIA,Kheeston Randall,No,DT,DT,23,0,0,12,0,0,0,0,0,0,0,0,0,0,0,6,0,0,Texas,FL
2012D.J. Campbell,CampD.00,2012,7,216,CAR,D.J. Campbell,No,DB,DB,23,0,0,9,0,0,0,0,0,0,0,0,0,0,0,13,0,0,California,NC
2012Jordan Bernstine,BernJo00,2012,7,217,WAS,Jordan Bernstine,No,DB,DB,23,0,0,1,0,0,0,0,0,0,0,0,0,0,0,0,0,0,Iowa,DC
2012Jerome Long,LongJe00,2012,7,218,KAN,Jerome Long,No,DT,DT,22,0,0,3,0,0,0,0,0,0,0,0,0,0,0,0,0,0,San Diego St.,MO
2012Trevor Guyton,GuytTr00,2012,7,219,MIN,Trevor Guyton,No,DE,DE,0,0,0,0,0,0,0,0,0,0,0,0,0,0,0,0,0,0,California,MN
2012Greg McCoy,McCoGr00,2012,7,220,CHI,Greg McCoy,No,DB,DB,24,0,0,0,0,0,0,0,0,0,0,0,0,0,0,0,0,0,TCU,IL
2012Nate Potter,PottNa00,2012,7,221,ARI,Nate Potter,No,T,T,24,0,0,21,0,0,0,0,0,0,0,0,0,0,0,0,0,0,Boise St.,AZ
2012Caleb McSurdy,McSuCa00,2012,7,222,DAL,Caleb McSurdy,No,LB,LB,22,0,0,0,0,0,0,0,0,0,0,0,0,0,0,0,0,0,Montana,TX
2012Travis Lewis,LewiTr00,2012,7,223,DET,Travis Lewis,No,LB,LB,24,0,0,42,0,0,0,0,0,0,0,0,0,0,0,17,0,1,Oklahoma,MI
2012Alfonzo Dennard,DennAl00,2012,7,224,NWE,Alfonzo Dennard,No,DB,DB,23,0,0,29,0,0,0,0,0,0,0,0,0,0,0,86,5,0,Nebraska,MA
2012J.R. Sweezy,SweeJ.00,2012,7,225,SEA,J.R. Sweezy,No,DT,DT,23,0,0,59,0,0,0,0,0,0,0,0,0,0,0,2,0,0,North Carolina St.,WA
2012David Molk,MolkDa00,2012,7,226,SDG,David Molk,No,C,C,23,0,0,20,0,0,0,0,0,0,0,0,0,0,0,0,0,0,Michigan,CA
2012Rishard Matthews,MattRi00,2012,7,227,MIA,Rishard Matthews,No,WR,WR,22,0,0,60,0,0,0,0,0,2,7,0,152,2001,14,7,0,0,Nevada,FL
2012Jeris Pendleton,PendJe00,2012,7,228,JAX,Jeris Pendleton,No,DT,DT,28,0,0,5,0,0,0,0,0,0,0,0,0,0,0,3,0,0,Ashland,FL
2012Bryce Brown,BrowBr02,2012,7,229,PHI,Bryce Brown,No,RB,RB,21,0,0,42,0,0,0,0,0,251,1076,7,37,316,0,1,0,0,Kansas St.,PA
2012Nathan Stupar,StupNa01,2012,7,230,OAK,Nathan Stupar,No,LB,LB,24,0,0,53,0,0,0,0,0,0,0,0,0,0,0,71,1,2,Penn St.,CA
2012Toney Clemons,ClemTo00,2012,7,231,PIT,Toney Clemons,No,WR,WR,23,0,0,4,0,0,0,0,0,0,0,0,3,41,0,0,0,0,Colorado,PA
2012Greg Scruggs,ScruGr00,2012,7,232,SEA,Greg Scruggs,No,DE,DE,22,0,0,18,0,0,0,0,0,0,0,0,0,0,0,9,0,3,Louisville,WA
2012Drake Dunsmore,DunsDr00,2012,7,233,TAM,Drake Dunsmore,No,TE,TE,23,0,0,0,0,0,0,0,0,0,0,0,0,0,0,0,0,0,Northwestern,FL
2012Marcel Jones,JoneMa03,2012,7,234,NOR,Marcel Jones,No,OL,T,24,0,0,0,0,0,0,0,0,0,0,0,0,0,0,0,0,0,Nebraska,LA
2012Jeremy Ebert,EberJe00,2012,7,235,NWE,Jeremy Ebert,No,WR,WR,23,0,0,5,0,0,0,0,0,0,0,0,3,18,0,1,0,0,Northwestern,MA
2012DeAngelo Tyson,TysoDe00,2012,7,236,BAL,DeAngelo Tyson,No,DT,DT,23,0,0,34,0,0,0,0,0,0,0,0,0,0,0,19,1,3,Georgia,MD
2012Cam Johnson,JohnCa01,2012,7,237,SFO,Cam Johnson,No,DE,DE,22,0,0,24,0,0,0,0,0,0,0,0,0,0,0,20,0,2,Virginia,CA
2012Junior Hemingway,HemiJu00,2012,7,238,KAN,Junior Hemingway,No,WR,WR,23,0,0,31,0,0,0,0,0,0,0,0,25,233,2,13,0,0,Michigan,MO
2012Markus Kuhn,KuhnMa00,2012,7,239,NYG,Markus Kuhn,No,DT,DT,26,0,0,39,0,0,0,0,0,0,0,0,0,0,0,23,0,1.5,North Carolina St.,NY
2012David Paulson,PaulDa01,2012,7,240,PIT,David Paulson,No,TE,TE,23,0,0,32,0,0,0,0,0,0,0,0,13,153,0,0,0,0,Oregon,PA
2012Andrew Datko,DatkAn00,2012,7,241,GNB,Andrew Datko,No,OL,T,22,0,0,0,0,0,0,0,0,0,0,0,0,0,0,0,0,0,Florida St.,WI
2012Antonio Allen,AlleAn02,2012,7,242,NYJ,Antonio Allen,No,DB,DB,24,0,0,48,0,0,0,0,0,0,0,0,0,0,0,77,1,2.5,South Carolina,NY
2012B.J. Coleman,ColeB.00,2012,7,243,GNB,B.J. Coleman,No,QB,QB,24,0,0,0,0,0,0,0,0,0,0,0,0,0,0,0,0,0,Tenn-Chattanooga,WI
2012Jordan White,WhitJo02,2012,7,244,NYJ,Jordan White,No,WR,WR,24,0,0,3,0,0,0,0,0,0,0,0,1,13,0,0,0,0,West. Michigan,NY
2012Trevin Wade,WadeTr00,2012,7,245,CLE,Trevin Wade,No,DB,DB,23,0,0,41,0,0,0,0,0,0,0,0,0,0,0,62,0,0,Arizona,OH
2012Terrence Frederick,FredTe00,2012,7,246,PIT,Terrence Frederick,No,DB,DB,22,0,0,5,0,0,0,0,0,0,0,0,0,0,0,14,0,0,Texas A&M,PA
2012Brad Smelley,SmelBr00,2012,7,247,CLE,Brad Smelley,No,TE,TE,23,0,0,4,0,0,0,0,0,0,0,0,1,3,0,0,0,0,Alabama,OH
2012Kelvin Beachum,BeacKe00,2012,7,248,PIT,Kelvin Beachum,No,T,T,23,0,0,53,0,0,0,0,0,0,0,0,0,0,0,2,0,0,SMU,PA
2012Travian Robertson,RobeTr00,2012,7,249,ATL,Travian Robertson,No,DT,DT,23,0,0,14,0,0,0,0,0,0,0,0,0,0,0,4,0,0,South Carolina,GA
2012Edwin Baker,BakeEd01,2012,7,250,SDG,Edwin Baker,No,RB,RB,21,0,0,6,0,0,0,0,0,44,173,2,8,57,0,0,0,0,Michigan St.,CA
2012John Potter,PottJo00,2012,7,251,BUF,John Potter,No,K,K,22,0,0,9,0,0,0,0,0,0,0,0,0,0,0,0,0,0,West. Michigan,NY
2012Daryl Richardson,RichDa00,2012,7,252,STL,Daryl Richardson,No,RB,RB,22,0,0,27,0,0,0,0,0,169,697,0,38,284,0,0,0,0,Abilene Christian,MO
2012Chandler Harnish,HarnCh00,2012,7,253,IND,Chandler Harnish,No,QB,QB,24,0,0,0,0,0,0,0,0,0,0,0,0,0,0,0,0,0,Northern Illinois,IN
2011Cam Newton,NewtCa00,2011,1,1,CAR,Cam Newton,No,QB,QB,22,1,3,87,1615,2728,20449,128,71,661,3475,47,1,33,0,6,0,0,Auburn,NC
2011Von Miller,MillVo00,2011,1,2,DEN,Von Miller,No,LB,LB,22,2,4,82,0,0,0,0,0,0,0,0,0,0,0,239,1,69.5,Texas A&M,CO
2011Marcell Dareus,DareMa00,2011,1,3,BUF,Marcell Dareus,No,DT,DT,21,1,2,80,0,0,0,0,0,0,0,0,0,0,0,183,0,32,Alabama,NY
2011A.J. Green,GreeA.00,2011,1,4,CIN,A.J. Green,No,WR,WR,23,0,5,86,0,0,0,0,0,11,93,0,481,7135,49,8,0,0,Georgia,OH
2011Patrick Peterson,PetePa00,2011,1,5,ARI,Patrick Peterson,No,DB,DB,21,3,5,90,1,1,17,0,0,7,34,0,10,64,0,258,19,2,LSU,AZ
2011Julio Jones,JoneJu02,2011,1,6,ATL,Julio Jones,No,WR,WR,22,1,3,75,0,0,0,0,0,14,94,0,475,7306,39,6,0,0,Alabama,GA
2011Aldon Smith,SmitAl04,2011,1,7,SFO,Aldon Smith,No,DE,DE,22,1,1,59,0,0,0,0,0,0,0,0,0,0,0,141,1,47.5,Missouri,CA
2011Jake Locker,LockJa00,2011,1,8,TEN,Jake Locker,No,QB,QB,23,0,0,30,408,709,4967,27,22,95,644,5,0,0,0,2,0,0,Washington,TN
2011Tyron Smith,SmitTy00,2011,1,9,DAL,Tyron Smith,No,T,T,20,1,3,88,0,0,0,0,0,0,0,0,0,0,0,3,0,0,USC,TX
2011Blaine Gabbert,GabbBl00,2011,1,10,JAX,Blaine Gabbert,No,QB,QB,21,0,0,42,682,1216,7316,38,37,147,548,3,1,-16,0,1,0,0,Missouri,FL
2011J.J. Watt,WattJ.00,2011,1,11,HOU,J.J. Watt,No,DE,DE,22,4,4,83,0,0,0,0,0,0,0,0,3,4,3,299,1,76,Wisconsin,TX
2011Christian Ponder,PondCh00,2011,1,12,MIN,Christian Ponder,No,QB,QB,23,0,0,38,632,1057,6658,38,36,126,639,7,1,-15,0,5,0,0,Florida St.,MN
2011Nick Fairley,FairNi00,2011,1,13,DET,Nick Fairley,No,DT,DT,23,0,0,71,0,0,0,0,0,0,0,0,0,0,0,99,0,18.5,Auburn,MI
2011Robert Quinn,QuinRo00,2011,1,14,STL,Robert Quinn,No,DE,DE,21,1,2,79,0,0,0,0,0,0,0,0,0,0,0,153,0,53,North Carolina,MO
2011Mike Pouncey,PounMi00,2011,1,15,MIA,Mike Pouncey,No,G,G,22,0,3,77,0,0,0,0,0,0,0,0,0,0,0,4,0,0,Florida,FL
2011Ryan Kerrigan,KerrRy00,2011,1,16,WAS,Ryan Kerrigan,No,DE,DE,23,0,1,91,0,0,0,0,0,0,0,0,0,0,0,235,2,56.5,Purdue,DC
2011Nate Solder,SoldNa00,2011,1,17,NWE,Nate Solder,No,T,T,23,0,0,76,0,0,0,0,0,0,0,0,0,0,0,5,0,0,Colorado,MA
2011Corey Liuget,LiugCo00,2011,1,18,SDG,Corey Liuget,No,DT,DT,21,0,0,84,0,0,0,0,0,0,0,0,0,0,0,173,0,21,Illinois,CA
2011Prince Amukamara,AmukPr00,2011,1,19,NYG,Prince Amukamara,No,DB,DB,22,0,0,63,0,0,0,0,0,0,0,0,0,0,0,251,7,0,Nebraska,NY
2011Adrian Clayborn,ClayAd00,2011,1,20,TAM,Adrian Clayborn,No,DE,DE,23,0,0,62,0,0,0,0,0,0,0,0,0,0,0,107,0,20.5,Iowa,FL
2011Phil Taylor,TaylPh00,2011,1,21,CLE,Phil Taylor,No,DT,DT,23,0,0,44,0,0,0,0,0,0,0,0,0,0,0,69,0,7,Baylor,OH
2011Anthony Castonzo,CastAn00,2011,1,22,IND,Anthony Castonzo,No,T,T,23,0,0,84,0,0,0,0,0,0,0,0,1,1,1,3,0,0,Boston Col.,IN
2011Danny Watkins,WatkDa00,2011,1,23,PHI,Danny Watkins,No,G,G,26,0,0,24,0,0,0,0,0,0,0,0,0,0,0,0,0,0,Baylor,PA
2011Cameron Jordan,JordCa00,2011,1,24,NOR,Cameron Jordan,No,DE,DE,22,0,2,90,0,0,0,0,0,0,0,0,0,0,0,175,1,43,California,LA
2011James Carpenter,CarpJa00,2011,1,25,SEA,James Carpenter,No,T,T,22,0,0,71,0,0,0,0,0,0,0,0,0,0,0,2,0,0,Alabama,WA
2011Jonathan Baldwin,BaldJo00,2011,1,26,KAN,Jonathan Baldwin,No,WR,WR,22,0,0,33,0,0,0,0,0,0,0,0,44,607,2,2,0,0,Pittsburgh,MO
2011Jimmy Smith,SmitJi03,2011,1,27,BAL,Jimmy Smith,No,DB,DB,23,0,0,72,0,0,0,0,0,0,0,0,0,0,0,193,8,1,Colorado,MD
2011Mark Ingram,IngrMa01,2011,1,28,NOR,Mark Ingram,No,RB,RB,21,0,1,72,0,0,0,0,0,870,3770,28,132,920,3,3,0,0,Alabama,LA
2011Gabe Carimi,CariGa00,2011,1,29,CHI,Gabe Carimi,No,T,T,23,0,0,48,0,0,0,0,0,0,0,0,0,0,0,1,0,0,Wisconsin,IL
2011Muhammad Wilkerson,WilkMu00,2011,1,30,NYJ,Muhammad Wilkerson,No,DT,DT,21,0,1,86,0,0,0,0,0,0,0,0,0,0,0,206,1,39,Temple,NY
2011Cameron Heyward,HeywCa01,2011,1,31,PIT,Cameron Heyward,No,DE,DE,22,0,0,87,0,0,0,0,0,0,0,0,0,0,0,149,0,25,Ohio St.,PA
2011Derek Sherrod,SherDe00,2011,1,32,GNB,Derek Sherrod,No,T,T,22,0,0,20,0,0,0,0,0,0,0,0,0,0,0,1,0,0,Mississippi St.,WI
2011Ras-I Dowling,DowlRa00,2011,2,33,NWE,Ras-I Dowling,No,DB,DB,23,0,0,12,0,0,0,0,0,0,0,0,0,0,0,8,0,0,Virginia,MA
2011Aaron Williams,WillAa00,2011,2,34,BUF,Aaron Williams,No,DB,DB,21,0,0,59,0,0,0,0,0,0,0,0,0,0,0,183,7,0,Texas,NY
2011Andy Dalton,DaltAn00,2011,2,35,CIN,Andy Dalton,No,QB,QB,23,0,2,87,1789,2857,20768,135,79,296,905,17,1,18,1,5,0,0,TCU,OH
2011Colin Kaepernick,KaepCo00,2011,2,36,SFO,Colin Kaepernick,No,QB,QB,23,0,0,63,901,1523,11174,63,28,342,2092,12,0,0,0,1,0,0,Nevada,CA
2011Jabaal Sheard,SheaJa00,2011,2,37,CLE,Jabaal Sheard,No,DE,DE,22,0,0,83,0,0,0,0,0,0,0,0,0,0,0,165,0,34.5,Pittsburgh,OH
2011Ryan Williams,WillRy00,2011,2,38,ARI,Ryan Williams,No,RB,RB,21,0,0,5,0,0,0,0,0,58,164,0,7,44,0,0,0,0,Virginia Tech,AZ
2011Akeem Ayers,AyerAk00,2011,2,39,TEN,Akeem Ayers,No,LB,LB,22,0,0,86,0,0,0,0,0,0,0,0,0,0,0,215,3,15.5,UCLA,TN
2011Bruce Carter,CartBr00,2011,2,40,DAL,Bruce Carter,No,LB,LB,23,0,0,69,0,0,0,0,0,0,0,0,0,0,0,214,5,5,North Carolina,TX
2011Jarvis Jenkins,JenkJa01,2011,2,41,WAS,Jarvis Jenkins,No,DT,DT,23,0,0,69,0,0,0,0,0,0,0,0,0,0,0,70,0,6,Clemson,DC
2011Brooks Reed,ReedBr00,2011,2,42,HOU,Brooks Reed,No,LB,LB,24,0,0,82,0,0,0,0,0,0,0,0,0,0,0,139,1,15.5,Arizona,TX
2011Kyle Rudolph,RudoKy00,2011,2,43,MIN,Kyle Rudolph,No,TE,TE,21,0,1,75,0,0,0,0,0,0,0,0,230,2249,27,3,0,0,Notre Dame,MN
2011Titus Young,YounTi00,2011,2,44,DET,Titus Young,No,WR,WR,22,0,0,26,0,0,0,0,0,4,31,0,81,990,10,2,0,0,Boise St.,MI
2011Rahim Moore,MoorRa00,2011,2,45,DEN,Rahim Moore,No,DB,DB,21,0,0,64,0,0,0,0,0,0,0,0,0,0,0,181,9,1,UCLA,CO
2011Orlando Franklin,FranOr00,2011,2,46,DEN,Orlando Franklin,No,T,T,23,0,0,83,0,0,0,0,0,0,0,0,0,0,0,4,0,0,Miami (FL),CO
2011Lance Kendricks,KendLa00,2011,2,47,STL,Lance Kendricks,No,TE,TE,23,0,0,87,0,0,0,0,0,1,-8,0,191,2002,16,6,0,0,Wisconsin,MO
2011Stefen Wisniewski,WisnSt01,2011,2,48,OAK,Stefen Wisniewski,No,C,C,22,0,0,87,0,0,0,0,0,0,0,0,0,0,0,3,0,0,Penn St.,CA
2011Ben Ijalana,IjalBe00,2011,2,49,IND,Ben Ijalana,No,T,T,22,0,0,17,0,0,0,0,0,0,0,0,0,0,0,0,0,0,Villanova,IN
2011Marcus Gilchrist,GilcMa00,2011,2,50,SDG,Marcus Gilchrist,No,DB,DB,22,0,0,88,0,0,0,0,0,0,0,0,0,0,0,282,10,3,Clemson,CA
2011Da'Quan Bowers,BoweDa00,2011,2,51,TAM,Da'Quan Bowers,No,DE,DE,21,0,0,53,0,0,0,0,0,0,0,0,0,0,0,46,0,7,Clemson,FL
2011Marvin Austin,AustMa00,2011,2,52,NYG,Marvin Austin,No,DT,DT,22,0,0,26,0,0,0,0,0,0,0,0,0,0,0,17,0,0,North Carolina,NY
2011Stephen Paea,PaeaSt00,2011,2,53,CHI,Stephen Paea,No,DT,DT,23,0,0,76,0,0,0,0,0,0,0,0,0,0,0,73,0,13.5,Oregon St.,IL
2011Jaiquawn Jarrett,JarrJa00,2011,2,54,PHI,Jaiquawn Jarrett,No,DB,DB,22,0,0,47,0,0,0,0,0,0,0,0,0,0,0,61,2,1.5,Temple,PA
2011Rodney Hudson,HudsRo00,2011,2,55,KAN,Rodney Hudson,No,C,C,22,0,0,74,0,0,0,0,0,0,0,0,0,0,0,3,0,0,Florida St.,MO
2011Shane Vereen,VereSh00,2011,2,56,NWE,Shane Vereen,No,RB,RB,22,0,0,61,0,0,0,0,0,309,1314,8,174,1592,11,3,0,0,California,MA
2011Mikel Leshoure,LeshMi00,2011,2,57,DET,Mikel Leshoure,No,RB,RB,21,0,0,17,0,0,0,0,0,217,807,9,34,214,0,1,0,0,Illinois,MI
2011Torrey Smith,SmitTo02,2011,2,58,BAL,Torrey Smith,No,WR,WR,22,0,0,89,0,0,0,0,0,7,48,0,263,4497,36,6,0,0,Maryland,MD
2011Greg Little,LittGr00,2011,2,59,CLE,Greg Little,No,WR,WR,22,0,0,54,0,0,0,0,0,5,30,0,161,1890,8,9,0,0,North Carolina,OH
2011Brandon Harris,HarrBr00,2011,2,60,HOU,Brandon Harris,No,DB,DB,21,0,0,42,0,0,0,0,0,0,0,0,0,0,0,38,0,0,Miami (FL),TX
2011Jonas Mouton,MoutJo00,2011,2,61,SDG,Jonas Mouton,No,LB,LB,23,0,0,3,0,0,0,0,0,0,0,0,0,0,0,1,0,0,Michigan,CA
2011Daniel Thomas,ThomDa03,2011,2,62,MIA,Daniel Thomas,No,RB,RB,23,0,0,52,0,0,0,0,0,409,1480,10,55,412,3,4,0,0,Kansas St.,FL
2011Marcus Gilbert,GilbMa00,2011,2,63,PIT,Marcus Gilbert,No,T,T,23,0,0,71,0,0,0,0,0,0,0,0,0,0,0,4,0,0,Florida,PA
2011Randall Cobb,CobbRa00,2011,2,64,GNB,Randall Cobb,No,WR,WR,21,0,1,77,0,1,0,0,0,50,335,0,354,4395,34,5,0,0,Kentucky,WI
2011Terrell McClain,McClTe00,2011,3,65,CAR,Terrell McClain,No,DT,DT,23,0,0,58,0,0,0,0,0,0,0,0,0,0,0,53,0,3.5,South Florida,NC
2011Dontay Moch,MochDo00,2011,3,66,CIN,Dontay Moch,No,LB,LB,23,0,0,8,0,0,0,0,0,0,0,0,0,0,0,7,0,1,Nevada,OH
2011Nate Irving,IrviNa00,2011,3,67,DEN,Nate Irving,No,LB,LB,23,0,0,62,0,0,0,0,0,0,0,0,0,0,0,78,0,3,North Carolina St.,CO
2011Kelvin Sheppard,ShepKe00,2011,3,68,BUF,Kelvin Sheppard,No,LB,LB,23,0,0,87,0,0,0,0,0,0,0,0,0,0,0,225,0,3,LSU,NY
2011Rob Housler,HousRo01,2011,3,69,ARI,Rob Housler,No,TE,TE,23,0,0,65,0,0,0,0,0,1,1,0,109,1166,1,8,0,0,Florida Atlantic,AZ
2011Justin Houston,HousJu00,2011,3,70,KAN,Justin Houston,No,LB,LB,22,1,4,71,0,0,0,0,0,0,0,0,0,0,0,225,3,56,Georgia,MO
2011DeMarco Murray,MurrDe00,2011,3,71,DAL,DeMarco Murray,No,RB,RB,23,1,2,79,1,1,10,1,0,1339,6228,42,254,1786,5,5,0,0,Oklahoma,TX
2011Martez Wilson,WilsMa01,2011,3,72,NOR,Martez Wilson,No,LB,LB,23,0,0,38,0,0,0,0,0,0,0,0,0,0,0,25,0,5,Illinois,LA
2011Stevan Ridley,RidlSt00,2011,3,73,NWE,Stevan Ridley,No,RB,RB,22,0,0,62,0,0,0,0,0,688,2914,22,27,144,0,1,0,0,LSU,MA
2011Ryan Mallett,MallRy00,2011,3,74,NWE,Ryan Mallett,No,QB,QB,23,0,0,17,179,324,1762,7,9,21,1,1,0,0,0,0,0,0,Arkansas,MA
2011John Moffitt,MoffJo00,2011,3,75,SEA,John Moffitt,No,G,G,24,0,0,19,0,0,0,0,0,0,0,0,0,0,0,0,0,0,Wisconsin,WA
2011Will Rackley,RackWi01,2011,3,76,JAX,Will Rackley,No,G,G,21,0,0,26,0,0,0,0,0,0,0,0,0,0,0,5,0,0,Lehigh,FL
2011Jurrell Casey,CaseJu00,2011,3,77,TEN,Jurrell Casey,No,DT,DT,21,0,1,90,0,0,0,0,0,0,0,0,0,0,0,210,0,31,USC,TN
2011Austin Pettis,PettAu00,2011,3,78,STL,Austin Pettis,No,WR,WR,23,0,0,51,0,0,0,0,0,1,-6,0,107,1034,9,5,0,0,Boise St.,MO
2011Leonard Hankerson,HankLe00,2011,3,79,WAS,Leonard Hankerson,No,WR,WR,22,0,0,41,0,0,0,0,0,2,5,0,107,1408,9,0,0,0,Miami (FL),DC
2011Chris Culliver,CullCh00,2011,3,80,SFO,Chris Culliver,No,DB,DB,23,0,0,52,0,0,0,0,0,0,0,0,0,0,0,124,7,0,South Carolina,CA
2011DeMarcus Van Dyke,VanDDe00,2011,3,81,OAK,DeMarcus Van Dyke,No,DB,DB,22,0,0,25,0,0,0,0,0,0,0,0,0,0,0,14,1,0,Miami (FL),CA
2011Vincent Brown,BrowVi00,2011,3,82,SDG,Vincent Brown,No,WR,WR,22,0,0,38,0,0,0,0,0,0,0,0,73,941,3,2,0,0,San Diego St.,CA
2011Jerrel Jernigan,JernJe00,2011,3,83,NYG,Jerrel Jernigan,No,WR,WR,22,0,0,34,0,0,0,0,0,4,61,1,38,391,2,3,0,0,Troy,NY
2011Mason Foster,FostMa00,2011,3,84,TAM,Mason Foster,No,LB,LB,22,0,0,81,0,0,0,0,0,0,0,0,0,0,0,312,5,6,Washington,FL
2011Jah Reid,ReidJa00,2011,3,85,BAL,Jah Reid,No,T,T,23,0,0,54,0,0,0,0,0,0,0,0,0,0,0,0,0,0,Central Florida,MD
2011Allen Bailey,BailAl00,2011,3,86,KAN,Allen Bailey,No,DE,DE,22,0,0,72,0,0,0,0,0,0,0,0,0,0,0,94,0,11.5,Miami (FL),MO
2011Drake Nevis,NeviDr00,2011,3,87,IND,Drake Nevis,No,DT,DT,22,0,0,26,0,0,0,0,0,0,0,0,0,0,0,27,0,1,LSU,IN
2011Johnny Patrick,PatrJo00,2011,3,88,NOR,Johnny Patrick,No,DB,DB,23,0,0,37,0,0,0,0,0,0,0,0,0,0,0,62,1,1.5,Louisville,LA
2011Shareece Wright,WrigSh00,2011,3,89,SDG,Shareece Wright,No,DB,DB,24,0,0,61,0,0,0,0,0,0,0,0,0,0,0,191,1,0,USC,CA
2011Curtis Marsh,MarsCu01,2011,3,90,PHI,Curtis Marsh,No,DB,DB,23,0,0,26,0,0,0,0,0,0,0,0,0,0,0,13,0,0,Utah St.,PA
2011Akeem Dent,DentAk00,2011,3,91,ATL,Akeem Dent,No,LB,LB,24,0,0,84,0,0,0,0,0,0,0,0,0,0,0,114,0,2.5,Georgia,GA
2011Joe Barksdale,BarkJo00,2011,3,92,OAK,Joe Barksdale,No,T,T,22,0,0,79,0,0,0,0,0,0,0,0,0,0,0,3,0,0,LSU,CA
2011Chris Conte,ContCh00,2011,3,93,CHI,Chris Conte,No,DB,DB,22,0,0,81,0,0,0,0,0,0,0,0,0,0,0,284,13,0,California,IL
2011Kenrick Ellis,ElliKe01,2011,3,94,NYJ,Kenrick Ellis,No,DT,DT,23,0,0,56,0,0,0,0,0,0,0,0,0,0,0,34,0,1,Hampton,NY
2011Curtis Brown,BrowCu01,2011,3,95,PIT,Curtis Brown,No,DB,DB,23,0,0,34,0,0,0,0,0,0,0,0,0,0,0,41,0,0,Texas,PA
2011Alex Green,GreeAl00,2011,3,96,GNB,Alex Green,No,RB,RB,23,0,0,29,0,0,0,0,0,149,510,0,21,139,0,3,0,0,Hawaii,WI
2011Sione Fua,FuaxSi00,2011,3,97,CAR,Sione Fua,No,DT,DT,23,0,0,40,0,0,0,0,0,0,0,0,0,0,0,15,0,0,Stanford,NC
2011Brandon Hogan,HogaBr00,2011,4,98,CAR,Brandon Hogan,No,DB,DB,23,0,0,3,0,0,0,0,0,0,0,0,0,0,0,2,0,0,West Virginia,NC
2011K.J. Wright,WrigK.00,2011,4,99,SEA,K.J. Wright,No,LB,LB,22,0,0,86,0,0,0,0,0,0,0,0,0,0,0,372,1,10.5,Mississippi St.,WA
2011Da'Norris Searcy,SearDa00,2011,4,100,BUF,Da'Norris Searcy,No,DB,DB,22,0,0,86,0,0,0,0,0,0,0,0,0,0,0,213,6,4.5,North Carolina,NY
2011Clint Boling,BoliCl00,2011,4,101,CIN,Clint Boling,No,G,G,22,0,0,75,0,0,0,0,0,0,0,0,0,0,0,4,0,0,Georgia,OH
2011Jordan Cameron,CameJo00,2011,4,102,CLE,Jordan Cameron,No,TE,TE,23,0,1,66,0,0,0,0,0,0,0,0,173,2046,14,1,0,0,USC,OH
2011Sam Acho,AchoSa00,2011,4,103,ARI,Sam Acho,No,DE,DE,23,0,0,76,0,0,0,0,0,0,0,0,0,0,0,136,3,14,Texas,AZ
2011Luke Stocker,StocLu00,2011,4,104,TAM,Luke Stocker,No,TE,TE,23,0,0,66,0,0,0,0,0,0,0,0,47,378,2,7,0,0,Tennessee,FL
2011Roy Helu,HeluRo00,2011,4,105,WAS,Roy Helu,No,RB,RB,22,0,0,57,0,0,0,0,0,272,1171,7,138,1227,4,8,0,0,Nebraska,DC
2011Christian Ballard,BallCh00,2011,4,106,MIN,Christian Ballard,No,DT,DT,22,0,0,32,0,0,0,0,0,0,0,0,0,0,0,16,0,1,Iowa,MN
2011Kris Durham,DurhKr00,2011,4,107,SEA,Kris Durham,No,WR,WR,23,0,0,27,0,0,0,0,0,0,0,0,55,699,3,2,0,0,Georgia,WA
2011Quinton Carter,CartQu01,2011,4,108,DEN,Quinton Carter,No,DB,DB,23,0,0,30,0,0,0,0,0,0,0,0,0,0,0,64,0,2,Oklahoma,CO
2011Colin McCarthy,McCaCo00,2011,4,109,TEN,Colin McCarthy,No,LB,LB,22,0,0,36,0,0,0,0,0,0,0,0,0,0,0,117,3,0,Miami (FL),TN
2011David Arkin,ArkiDa00,2011,4,110,DAL,David Arkin,No,G,G,23,0,0,2,0,0,0,0,0,0,0,0,0,0,0,0,0,0,Missouri State,TX
2011Clyde Gates,GateCl00,2011,4,111,MIA,Clyde Gates,No,WR,WR,25,0,0,32,0,0,0,0,0,2,16,0,30,365,0,3,0,0,Abilene Christian,FL
2011Greg Salas,SalaGr00,2011,4,112,STL,Greg Salas,No,WR,WR,23,0,0,29,0,0,0,0,0,2,28,1,50,704,1,3,0,0,Hawaii,MO
2011Chimdi Chekwa,ChekCh00,2011,4,113,OAK,Chimdi Chekwa,No,DB,DB,23,0,0,35,0,0,0,0,0,0,0,0,1,22,0,46,0,0,Ohio St.,CA
2011Cecil Shorts,ShorCe00,2011,4,114,JAX,Cecil Shorts,No,WR,WR,23,0,0,68,3,3,53,2,0,11,43,0,227,2959,14,6,0,0,Mount Union,FL
2011Kendall Hunter,HuntKe00,2011,4,115,SFO,Kendall Hunter,No,RB,RB,23,0,0,45,0,0,0,0,0,263,1204,7,27,268,0,6,0,0,Oklahoma St.,CA
2011Casey Matthews,MattCa00,2011,4,116,PHI,Casey Matthews,No,LB,LB,22,0,0,64,0,0,0,0,0,0,0,0,0,0,0,79,0,2.5,Oregon,PA
2011James Brewer,BrewJa00,2011,4,117,NYG,James Brewer,No,T,T,23,0,0,26,0,0,0,0,0,0,0,0,0,0,0,0,0,0,Indiana,NY
2011Jalil Brown,BrowJa00,2011,4,118,KAN,Jalil Brown,No,DB,DB,23,0,0,49,0,0,0,0,0,0,0,0,0,0,0,55,0,0,Colorado,MO
2011Delone Carter,CartDe01,2011,4,119,IND,Delone Carter,No,RB,RB,24,0,0,27,0,0,0,0,0,133,499,5,6,31,0,0,0,0,Syracuse,IN
2011Alex Henery,HeneAl00,2011,4,120,PHI,Alex Henery,No,K,K,24,0,0,50,0,0,0,0,0,0,0,0,0,0,0,4,0,0,Nebraska,PA
2011Chris Prosinski,ProsCh00,2011,4,121,JAX,Chris Prosinski,No,DB,DB,24,0,0,79,0,0,0,0,0,0,0,0,0,0,0,112,1,1,Wyoming,FL
2011Chris Hairston,HairCh00,2011,4,122,BUF,Chris Hairston,No,T,T,22,0,0,66,0,0,0,0,0,0,0,0,0,0,0,0,0,0,Clemson,NY
2011Tandon Doss,DossTa00,2011,4,123,BAL,Tandon Doss,No,WR,WR,22,0,0,35,0,0,0,0,0,0,0,0,26,428,1,1,0,0,Indiana,MD
2011Owen Marecic,MareOw00,2011,4,124,CLE,Owen Marecic,No,RB,RB,22,0,0,24,0,0,0,0,0,4,8,0,5,31,0,3,0,0,Stanford,OH
2011Taiwan Jones,JoneTa00,2011,4,125,OAK,Taiwan Jones,No,RB,RB,23,0,0,60,0,0,0,0,0,44,183,0,15,214,1,29,0,0,East. Washington,CA
2011Bilal Powell,PoweBi00,2011,4,126,NYJ,Bilal Powell,No,RB,RB,22,0,0,68,1,1,30,0,0,442,1881,8,148,1139,3,11,0,0,Louisville,NY
2011Roc Carmichael,CarmRo00,2011,4,127,HOU,Roc Carmichael,No,DB,DB,23,0,0,19,0,0,0,0,0,0,0,0,0,0,0,22,0,0,Virginia Tech,TX
2011Cortez Allen,AlleCo00,2011,4,128,PIT,Cortez Allen,No,DB,DB,22,0,0,56,0,0,0,0,0,0,0,0,0,0,0,138,6,0,The Citadel,PA
2011Julius Thomas,ThomJu00,2011,4,129,DEN,Julius Thomas,No,TE,TE,23,0,2,57,0,0,0,0,0,0,0,0,185,2018,33,5,0,0,Portland St.,CO
2011Jamie Harper,HarpJa01,2011,4,130,TEN,Jamie Harper,No,RB,RB,22,0,0,23,0,0,0,0,0,36,74,4,5,40,0,2,0,0,Clemson,TN
2011Davon House,HousDa00,2011,4,131,GNB,Davon House,No,DB,DB,22,0,0,66,0,0,0,0,0,0,0,0,0,0,0,145,6,2,New Mexico St.,WI
2011Kealoha Pilares,PilaKe00,2011,5,132,CAR,Kealoha Pilares,No,WR,WR,23,0,0,20,0,0,0,0,0,1,17,0,2,42,1,5,0,0,Hawaii,NC
2011Johnny White,WhitJo01,2011,5,133,BUF,Johnny White,No,RB,RB,23,0,0,19,0,0,0,0,0,20,72,0,1,-3,0,6,0,0,North Carolina,NY
2011Robert Sands,SandRo00,2011,5,134,CIN,Robert Sands,No,DB,DB,21,0,0,1,0,0,0,0,0,0,0,0,0,0,0,0,0,0,West Virginia,OH
2011Ricky Stanzi,StanRi00,2011,5,135,KAN,Ricky Stanzi,No,QB,QB,24,0,0,0,0,0,0,0,0,0,0,0,0,0,0,0,0,0,Iowa,MO
2011Anthony Sherman,SherAn00,2011,5,136,ARI,Anthony Sherman,No,RB,RB,22,0,0,86,0,0,0,0,0,6,14,0,48,380,2,37,0,0,Connecticut,AZ
2011Buster Skrine,SkriBu00,2011,5,137,CLE,Buster Skrine,No,DB,DB,22,0,0,89,0,0,0,0,0,0,0,0,0,0,0,265,8,2,Tenn-Chattanooga,OH
2011Marcus Cannon,CannMa00,2011,5,138,NWE,Marcus Cannon,No,T,T,23,0,0,74,0,0,0,0,0,0,0,0,0,0,0,1,0,0,TCU,MA
2011Brandon Burton,BurtBr00,2011,5,139,MIN,Brandon Burton,No,DB,DB,22,0,0,23,0,0,0,0,0,0,0,0,0,0,0,11,0,0,Southern Utah,MN
2011Gabe Miller,MillGa00,2011,5,140,KAN,Gabe Miller,No,LB,LB,23,0,0,7,0,0,0,0,0,0,0,0,0,0,0,2,0,0,Oregon St.,MO
2011D.J. Williams,WillD.00,2011,5,141,GNB,D.J. Williams,No,TE,TE,23,0,0,35,0,0,0,0,0,0,0,0,9,70,0,3,0,0,Arkansas,WI
2011Karl Klug,KlugKa00,2011,5,142,TEN,Karl Klug,No,DT,DT,23,0,0,91,0,0,0,0,0,0,0,0,1,9,0,72,0,20,Iowa,TN
2011Josh Thomas,ThomJo01,2011,5,143,DAL,Josh Thomas,No,DB,DB,22,0,0,52,0,0,0,0,0,0,0,0,0,0,0,54,1,0,Buffalo,TX
2011Shiloh Keo,KeoxSh00,2011,5,144,HOU,Shiloh Keo,No,DB,DB,23,0,0,51,0,0,0,0,0,1,8,0,0,0,0,69,3,0,Idaho,TX
2011Jacquizz Rodgers,RodgJa00,2011,5,145,ATL,Jacquizz Rodgers,No,RB,RB,21,0,0,74,0,0,0,0,0,407,1550,6,165,1172,5,8,0,0,Oregon St.,GA
2011DeJon Gomes,GomeDe00,2011,5,146,WAS,DeJon Gomes,No,DB,DB,21,0,0,46,0,0,0,0,0,0,0,0,0,0,0,55,1,0,Nebraska,DC
2011Rod Issac,IssaRo00,2011,5,147,JAX,Rod Issac,No,DB,DB,22,0,0,3,0,0,0,0,0,0,0,0,0,0,0,0,0,0,Middle Tenn. St.,FL
2011Denarius Moore,MoorDe02,2011,5,148,OAK,Denarius Moore,No,WR,WR,22,0,0,56,0,0,0,0,0,7,57,1,142,2169,17,7,0,0,Tennessee,CA
2011Dion Lewis,LewiDi00,2011,5,149,PHI,Dion Lewis,No,RB,RB,21,0,0,32,0,0,0,0,0,90,428,4,42,435,2,1,0,0,Pittsburgh,PA
2011Jason Pinkston,PinkJa00,2011,5,150,CLE,Jason Pinkston,No,T,T,24,0,0,25,0,0,0,0,0,0,0,0,0,0,0,0,0,0,Pittsburgh,OH
2011Ahmad Black,BlacAh00,2011,5,151,TAM,Ahmad Black,No,DB,DB,21,0,0,24,0,0,0,0,0,0,0,0,0,0,0,41,2,0,Florida,FL
2011T.J. Yates,YateT.00,2011,5,152,HOU,T.J. Yates,No,QB,QB,24,0,0,18,132,227,1534,6,8,23,56,1,0,0,0,2,0,0,North Carolina,TX
2011Jeremy Kerley,KerlJe00,2011,5,153,NYJ,Jeremy Kerley,No,WR,WR,22,0,0,84,2,4,83,0,0,18,133,0,222,2649,12,4,0,0,TCU,NY
2011Richard Sherman,SherRi00,2011,5,154,SEA,Richard Sherman,No,DB,DB,23,3,3,90,0,0,0,0,0,0,0,0,0,0,0,248,30,1,Stanford,WA
2011Niles Paul,PaulNi00,2011,5,155,WAS,Niles Paul,No,WR,WR,22,0,0,68,0,0,0,0,0,2,6,0,55,762,2,21,0,0,Nebraska,DC
2011Mark LeGree,LegrMa00,2011,5,156,SEA,Mark LeGree,No,DB,DB,22,0,0,0,0,0,0,0,0,0,0,0,0,0,0,0,0,0,Appalachian St.,WA
2011Doug Hogue,HoguDo01,2011,5,157,DET,Doug Hogue,No,LB,LB,22,0,0,27,0,0,0,0,0,0,0,0,0,0,0,9,0,0,Syracuse,MI
2011Jermale Hines,HineJe00,2011,5,158,STL,Jermale Hines,No,DB,DB,23,0,0,10,0,0,0,0,0,0,0,0,0,0,0,3,0,0,Ohio St.,MO
2011Lee Smith,SmitLe00,2011,5,159,NWE,Lee Smith,No,TE,TE,23,0,0,75,0,0,0,0,0,0,0,0,38,243,4,4,0,0,Tennessee,MA
2011Nathan Enderle,EndeNa00,2011,5,160,CHI,Nathan Enderle,No,QB,QB,23,0,0,0,0,0,0,0,0,0,0,0,0,0,0,0,0,0,Idaho,IL
2011Julian Vandervelde,VandJu00,2011,5,161,PHI,Julian Vandervelde,No,G,G,23,0,0,17,0,0,0,0,0,0,0,0,0,0,0,0,0,0,Iowa,PA
2011Chris Carter,CartCh00,2011,5,162,PIT,Chris Carter,No,LB,LB,22,0,0,58,0,0,0,0,0,0,0,0,0,0,0,16,0,0,Fresno St.,PA
2011Daniel Kilgore,KilgDa00,2011,5,163,SFO,Daniel Kilgore,No,G,G,23,0,0,55,0,0,0,0,0,0,0,0,0,0,0,2,0,0,Appalachian St.,CA
2011Chykie Brown,BrowCh05,2011,5,164,BAL,Chykie Brown,No,DB,DB,24,0,0,58,0,0,0,0,0,0,0,0,0,0,0,66,0,0,Texas,MD
2011Pernell McPhee,McPhPe00,2011,5,165,BAL,Pernell McPhee,No,DE,DE,22,0,0,78,0,0,0,0,0,0,0,0,0,0,0,110,1,25,Mississippi St.,MD
2011Lawrence Wilson,WilsLa01,2011,6,166,CAR,Lawrence Wilson,No,LB,LB,23,0,0,0,0,0,0,0,0,0,0,0,0,0,0,0,0,0,Central Connecticut St.,NC
2011Ryan Whalen,WhalRy00,2011,6,167,CIN,Ryan Whalen,No,WR,WR,22,0,0,17,0,0,0,0,0,0,0,0,11,80,0,2,0,0,Stanford,OH
2011Demarcus Love,LoveDe00,2011,6,168,MIN,Demarcus Love,No,OL,T,23,0,0,0,0,0,0,0,0,0,0,0,0,0,0,0,0,0,Arkansas,MN
2011Chris White,WhitCh03,2011,6,169,BUF,Chris White,No,LB,LB,22,0,0,51,0,0,0,0,0,0,0,0,0,0,0,29,0,0,Mississippi St.,NY
2011Mistral Raymond,RaymMi00,2011,6,170,MIN,Mistral Raymond,No,DB,DB,24,0,0,32,0,0,0,0,0,0,0,0,0,0,0,34,1,0,South Florida,MN
2011Quan Sturdivant,SturQu00,2011,6,171,ARI,Quan Sturdivant,No,LB,LB,22,0,0,0,0,0,0,0,0,0,0,0,0,0,0,0,0,0,North Carolina,AZ
2011Brandon Fusco,FuscBr00,2011,6,172,MIN,Brandon Fusco,No,C,C,23,0,0,64,0,0,0,0,0,0,0,0,0,0,0,0,0,0,Slippery Rock,MN
2011Byron Maxwell,MaxwBy00,2011,6,173,SEA,Byron Maxwell,No,DB,DB,23,0,0,70,0,0,0,0,0,0,0,0,0,0,0,163,9,0,Clemson,WA
2011Charles Clay,ClayCh00,2011,6,174,MIA,Charles Clay,No,TE,TE,22,0,0,81,0,0,0,0,0,7,15,1,246,2643,17,2,0,0,Tulsa,FL
2011Byron Stingily,StinBy00,2011,6,175,TEN,Byron Stingily,No,T,T,23,0,0,20,0,0,0,0,0,0,0,0,0,0,0,0,0,0,Louisville,TN
2011Dwayne Harris,HarrDw00,2011,6,176,DAL,Dwayne Harris,No,WR,WR,24,0,0,77,0,0,0,0,0,7,25,0,69,814,7,23,0,0,East Carolina,TX
2011Evan Royster,RoysEv00,2011,6,177,WAS,Evan Royster,No,RB,RB,23,0,0,32,0,0,0,0,0,81,416,2,26,188,0,3,0,0,Penn St.,DC
2011Aldrick Robinson,RobiAl00,2011,6,178,WAS,Aldrick Robinson,No,WR,WR,23,0,0,48,0,0,0,0,0,4,10,0,38,709,6,1,0,0,SMU,DC
2011Caleb Schlauderaff,SchlCa00,2011,6,179,GNB,Caleb Schlauderaff,No,G,G,23,0,0,12,0,0,0,0,0,0,0,0,0,0,0,0,0,0,Southern Utah,WI
2011Tyrod Taylor,TaylTy00,2011,6,180,BAL,Tyrod Taylor,No,QB,QB,22,0,1,38,442,710,5169,30,12,194,1105,9,2,10,0,1,0,0,Virginia Tech,MD
2011Richard Gordon,GordRi00,2011,6,181,OAK,Richard Gordon,No,TE,TE,24,0,0,35,0,0,0,0,0,0,0,0,4,14,1,18,0,0,Miami (FL),CA
2011Ronald Johnson,JohnRo05,2011,6,182,SFO,Ronald Johnson,No,WR,WR,23,0,0,0,0,0,0,0,0,0,0,0,0,0,0,0,0,0,USC,CA
2011Jordan Todman,TodmJo00,2011,6,183,SDG,Jordan Todman,No,RB,RB,21,0,0,56,0,0,0,0,0,118,509,3,40,314,2,10,0,0,Connecticut,CA
2011David Carter,CartDa01,2011,6,184,ARI,David Carter,No,DT,DT,23,0,0,35,0,0,0,0,0,0,0,0,0,0,0,17,0,1,UCLA,AZ
2011Greg Jones,JoneGr02,2011,6,185,NYG,Greg Jones,No,LB,LB,22,0,0,22,0,0,0,0,0,0,0,0,0,0,0,22,0,0,Michigan St.,NY
2011D.J. Smith,SmitD.00,2011,6,186,GNB,D.J. Smith,No,LB,LB,22,0,0,24,0,0,0,0,0,0,0,0,0,0,0,62,1,2,Appalachian St.,WI
2011Allen Bradford,BradAl00,2011,6,187,TAM,Allen Bradford,No,RB,RB,23,0,0,19,0,0,0,0,0,5,13,0,0,0,0,8,0,0,USC,FL
2011Chris Rucker,RuckCh00,2011,6,188,IND,Chris Rucker,No,DB,DB,22,0,0,15,0,0,0,0,0,0,0,0,0,0,0,25,0,0,Michigan St.,IN
2011Mike Mohamed,MohaMi00,2011,6,189,DEN,Mike Mohamed,No,LB,LB,23,0,0,26,0,0,0,0,0,0,0,0,0,0,0,42,1,0,California,CO
2011Colin Jones,JoneCo01,2011,6,190,SFO,Colin Jones,No,DB,DB,23,0,0,83,0,0,0,0,0,0,0,0,0,0,0,59,1,1,TCU,CA
2011Jason Kelce,KelcJa00,2011,6,191,PHI,Jason Kelce,No,C,C,23,0,1,72,0,0,0,0,0,0,0,0,0,0,0,3,0,0,Cincinnati,PA
2011Matthew Bosher,BoshMa00,2011,6,192,ATL,Matthew Bosher,No,K,K,23,0,0,90,0,0,0,0,0,0,0,0,0,0,0,16,0,0,Miami (FL),GA
2011Brian Rolle,RollBr00,2011,6,193,PHI,Brian Rolle,No,LB,LB,22,0,0,20,0,0,0,0,0,0,0,0,0,0,0,45,0,1,Ohio St.,PA
2011Markell Carter,CartMa01,2011,6,194,NWE,Markell Carter,No,LB,LB,21,0,0,0,0,0,0,0,0,0,0,0,0,0,0,0,0,0,Central Arkansas,MA
2011J.T. Thomas,ThomJ.02,2011,6,195,CHI,J.T. Thomas,No,LB,LB,23,0,0,60,0,0,0,0,0,0,0,0,0,0,0,99,2,0.5,West Virginia,IL
2011Keith Williams,WillKe04,2011,6,196,PIT,Keith Williams,No,G,G,23,0,0,2,0,0,0,0,0,0,0,0,0,0,0,0,0,0,Nebraska,PA
2011Ricky Elmore,ElmoRi00,2011,6,197,GNB,Ricky Elmore,No,DL,DE,23,0,0,0,0,0,0,0,0,0,0,0,0,0,0,0,0,0,Arizona,WI
2011Tyler Sash,SashTy00,2011,6,198,NYG,Tyler Sash,No,DB,DB,23,0,0,23,0,0,0,0,0,0,0,0,0,0,0,17,0,0,Iowa,NY
2011Jerrell Powe,PoweJe00,2011,6,199,KAN,Jerrell Powe,No,DT,DT,24,0,0,28,0,0,0,0,0,0,0,0,0,0,0,12,0,1,Mississippi,MO
2011Ross Homan,HomaRo00,2011,6,200,MIN,Ross Homan,No,LB,LB,24,0,0,0,0,0,0,0,0,0,0,0,0,0,0,0,0,0,Ohio St.,MN
2011Stephen Schilling,SchiSt00,2011,6,201,SDG,Stephen Schilling,No,G,G,23,0,0,26,0,0,0,0,0,0,0,0,0,0,0,0,0,0,Michigan,CA
2011Jacquian Williams,WillJa02,2011,6,202,NYG,Jacquian Williams,No,LB,LB,23,0,0,51,0,0,0,0,0,0,0,0,0,0,0,173,0,2,South Florida,NY
2011Zachary Williams,WillZa00,2011,6,203,CAR,Zachary Williams,No,OL,C,22,0,0,0,0,0,0,0,0,0,0,0,0,0,0,0,0,0,Washington St.,NC
2011Virgil Green,GreeVi00,2011,7,204,DEN,Virgil Green,No,TE,TE,23,0,0,79,0,0,0,0,0,2,3,0,53,590,2,11,0,0,Nevada,CO
2011Lazarius Levingston,LeviLa00,2011,7,205,SEA,Lazarius Levingston,No,DL,DE,23,0,0,7,0,0,0,0,0,0,0,0,0,0,0,3,0,0,LSU,WA
2011Justin Rogers,RogeJu00,2011,7,206,BUF,Justin Rogers,No,DB,DB,23,0,0,43,0,0,0,0,0,0,0,0,0,0,0,66,3,0,Richmond,NY
2011Korey Lindsey,LindKo00,2011,7,207,CIN,Korey Lindsey,No,DB,DB,22,0,0,0,0,0,0,0,0,0,0,0,0,0,0,0,0,0,Southern Illinois,OH
2011Greg McElroy,McElGr00,2011,7,208,NYJ,Greg McElroy,No,QB,QB,23,0,0,2,19,31,214,1,1,8,30,0,0,0,0,0,0,0,Alabama,NY
2011Johnny Culbreath,CulbJo00,2011,7,209,DET,Johnny Culbreath,No,OL,T,23,0,0,0,0,0,0,0,0,0,0,0,0,0,0,0,0,0,South Carolina St.,MI
2011Andrew Jackson,JackAn00,2011,7,210,ATL,Andrew Jackson,No,OL,G,22,0,0,0,0,0,0,0,0,0,0,0,0,0,0,0,0,0,Fresno St.,GA
2011Bruce Miller,MillBr02,2011,7,211,SFO,Bruce Miller,No,DE,DE,24,0,0,77,0,0,0,0,0,28,62,1,76,734,3,19,0,0,Central Florida,CA
2011Zach Clayton,ClayZa00,2011,7,212,TEN,Zach Clayton,No,DT,DT,23,0,0,3,0,0,0,0,0,0,0,0,0,0,0,2,0,0,Auburn,TN
2011Brandyn Thompson,ThomBr00,2011,7,213,WAS,Brandyn Thompson,No,DB,DB,21,0,0,6,0,0,0,0,0,0,0,0,0,0,0,2,0,0,Boise St.,DC
2011Derek Newton,NewtDe00,2011,7,214,HOU,Derek Newton,No,T,T,23,0,0,82,0,0,0,0,0,0,0,0,0,0,0,1,0,0,Arkansas St.,TX
2011D'Aundre Reed,ReedD'00,2011,7,215,MIN,D'Aundre Reed,No,DE,DE,23,0,0,6,0,0,0,0,0,0,0,0,0,0,0,0,0,0,Arizona,MN
2011Mikail Baker,BakeMi00,2011,7,216,STL,Mikail Baker,No,DB,DB,24,0,0,0,0,0,0,0,0,0,0,0,0,0,0,0,0,0,Baylor,MO
2011Maurice Hurt,HurtMa00,2011,7,217,WAS,Maurice Hurt,No,G,G,24,0,0,21,0,0,0,0,0,0,0,0,0,0,0,3,0,0,Florida,DC
2011Ryan Taylor,TaylRy00,2011,7,218,GNB,Ryan Taylor,No,TE,TE,23,0,0,59,0,0,0,0,0,0,0,0,8,45,1,15,0,0,North Carolina,WI
2011Malcolm Williams,WillMa01,2011,7,219,NWE,Malcolm Williams,No,DB,DB,23,0,0,4,0,0,0,0,0,0,0,0,0,0,0,1,0,0,TCU,MA
2011Shaun Chapas,ChapSh00,2011,7,220,DAL,Shaun Chapas,No,RB,RB,23,0,0,6,0,0,0,0,0,0,0,0,2,15,0,0,0,0,Georgia,TX
2011Da'Rel Scott,ScotDa01,2011,7,221,NYG,Da'Rel Scott,No,RB,RB,23,0,0,20,0,0,0,0,0,31,98,0,13,115,1,2,0,0,Maryland,NY
2011Anthony Gaitor,GaitAn00,2011,7,222,TAM,Anthony Gaitor,No,DB,DB,22,0,0,12,0,0,0,0,0,0,0,0,0,0,0,11,0,0,Florida International,FL
2011Shane Bannon,BannSh00,2011,7,223,KAN,Shane Bannon,No,RB,RB,22,0,0,0,0,0,0,0,0,0,0,0,0,0,0,0,0,0,Yale,MO
2011Markus White,WhitMa01,2011,7,224,WAS,Markus White,No,DE,DE,23,0,0,5,0,0,0,0,0,0,0,0,0,0,0,0,0,0,Florida St.,DC
2011Anthony Allen,AlleAn01,2011,7,225,BAL,Anthony Allen,No,RB,RB,23,0,0,21,0,0,0,0,0,19,69,1,2,12,0,9,0,0,Georgia Tech,MD
2011Greg Romeus,RomeGr00,2011,7,226,NOR,Greg Romeus,No,DL,DE,23,0,0,0,0,0,0,0,0,0,0,0,0,0,0,0,0,0,Pittsburgh,LA
2011Scotty McKnight,McKnSc00,2011,7,227,NYJ,Scotty McKnight,No,WR,WR,23,0,0,0,0,0,0,0,0,0,0,0,0,0,0,0,0,0,Colorado,NY
2011Jabara Williams,WillJa12,2011,7,228,STL,Jabara Williams,No,LB,LB,22,0,0,7,0,0,0,0,0,0,0,0,0,0,0,1,0,0,S.F. Austin,MO
2011Jonathan Nelson,NelsJo01,2011,7,229,STL,Jonathan Nelson,No,DB,DB,23,0,0,2,0,0,0,0,0,0,0,0,0,0,0,6,1,0,Oklahoma,MO
2011Cliff Matthews,MattCl01,2011,7,230,ATL,Cliff Matthews,No,DE,DE,22,0,0,34,0,0,0,0,0,0,0,0,0,0,0,20,0,0,South Carolina,GA
2011Frank Kearse,KearFr00,2011,7,231,MIA,Frank Kearse,No,DT,DT,22,0,0,35,0,0,0,0,0,0,0,0,0,0,0,29,0,5.5,Alabama A&M,FL
2011Baron Batch,BatcBa00,2011,7,232,PIT,Baron Batch,No,RB,RB,23,0,0,12,0,0,0,0,0,25,49,1,4,31,0,4,0,0,Texas Tech,PA
2011Lawrence Guy,GuyxLa00,2011,7,233,GNB,Lawrence Guy,No,DT,DT,21,0,0,61,0,0,0,0,0,0,0,0,0,0,0,63,0,6.5,Arizona St.,WI
2011Andrew Gachkar,GachAn00,2011,7,234,SDG,Andrew Gachkar,No,LB,LB,22,0,0,90,0,0,0,0,0,0,0,0,0,0,0,98,0,2,Missouri,CA
2011Jimmy Wilson,WilsJi00,2011,7,235,MIA,Jimmy Wilson,No,DB,DB,25,0,0,73,0,0,0,0,0,0,0,0,0,0,0,163,5,3,Montana,FL
2011Stephen Burton,BurtSt00,2011,7,236,MIN,Stephen Burton,No,WR,WR,21,0,0,19,0,0,0,0,0,1,-9,0,15,149,1,1,0,0,Long Beach CC,MN
2011Greg Lloyd,LloyGr01,2011,7,237,PHI,Greg Lloyd,No,LB,LB,22,0,0,2,0,0,0,0,0,0,0,0,0,0,0,0,0,0,Connecticut,PA
2011Daniel Hardy,HardDa00,2011,7,238,TAM,Daniel Hardy,No,TE,TE,24,0,0,0,0,0,0,0,0,0,0,0,0,0,0,0,0,0,Idaho,FL
2011Michael Person,PersMi00,2011,7,239,SFO,Michael Person,No,G,G,23,0,0,31,0,0,0,0,0,0,0,0,0,0,0,0,0,0,Montana St.,CA
2011Stanley Havili,HaviSt00,2011,7,240,PHI,Stanley Havili,No,RB,RB,23,0,0,28,0,0,0,0,0,13,29,1,25,171,1,11,0,0,USC,PA
2011David Ausberry,AusbDa00,2011,7,241,OAK,David Ausberry,No,WR,WR,24,0,0,34,0,0,0,0,0,1,-2,0,11,120,0,10,0,0,USC,CA
2011Malcolm Smith,SmitMa02,2011,7,242,SEA,Malcolm Smith,No,LB,LB,22,0,0,82,0,0,0,0,0,0,0,0,0,0,0,233,4,6,USC,WA
2011Nate Bussey,BussNa00,2011,7,243,NOR,Nate Bussey,No,LB,LB,22,0,0,1,0,0,0,0,0,0,0,0,0,0,0,0,0,0,Illinois,LA
2011Lee Ziemba,ZiemLe00,2011,7,244,CAR,Lee Ziemba,No,T,T,22,0,0,6,0,0,0,0,0,0,0,0,0,0,0,0,0,0,Auburn,NC
2011Michael Jasper,JaspMi00,2011,7,245,BUF,Michael Jasper,No,DT,DT,24,0,0,0,0,0,0,0,0,0,0,0,0,0,0,0,0,0,,NY
2011Jay Finley,FinlJa00,2011,7,246,CIN,Jay Finley,No,RB,RB,23,0,0,0,0,0,0,0,0,0,0,0,0,0,0,0,0,0,Baylor,OH
2011Jeremy Beal,BealJe00,2011,7,247,DEN,Jeremy Beal,No,DL,DE,23,0,0,0,0,0,0,0,0,0,0,0,0,0,0,0,0,0,Oklahoma,CO
2011Eric Hagg,HaggEr00,2011,7,248,CLE,Eric Hagg,No,DB,DB,22,0,0,22,0,0,0,0,0,0,0,0,0,0,0,30,0,0,Nebraska,OH
2011DeMarco Sampson,SampDe00,2011,7,249,ARI,DeMarco Sampson,No,WR,WR,25,0,0,12,0,0,0,0,0,0,0,0,3,36,0,1,0,0,San Diego St.,AZ
2011Curtis Holcomb,HolcCu00,2011,7,250,SFO,Curtis Holcomb,No,DB,DB,23,0,0,0,0,0,0,0,0,0,0,0,0,0,0,0,0,0,Florida A&M,CA
2011Tommie Campbell,CampTo00,2011,7,251,TEN,Tommie Campbell,No,DB,DB,24,0,0,44,0,0,0,0,0,0,0,0,0,0,0,27,0,0,Pittsburgh,TN
2011Bill Nagy,NagyBi00,2011,7,252,DAL,Bill Nagy,No,G,G,23,0,0,4,0,0,0,0,0,0,0,0,0,0,0,0,0,0,Wisconsin,TX
2011Chris Neild,NeilCh00,2011,7,253,WAS,Chris Neild,No,DT,DT,23,0,0,24,0,0,0,0,0,0,0,0,0,0,0,8,0,2,West Virginia,DC
2011Cheta Ozougwu,OzouCh00,2011,7,254,HOU,Cheta Ozougwu,No,DE,DE,22,0,0,9,0,0,0,0,0,0,0,0,0,0,0,4,0,1,Rice,TX
2010Sam Bradford,BradSa00,2010,1,1,STL,Sam Bradford,No,QB,QB,22,0,0,73,1626,2640,17205,90,55,134,283,2,1,5,0,2,0,0,Oklahoma,MO
2010Ndamukong Suh,SuhxNd99,2010,1,2,DET,Ndamukong Suh,No,DT,DT,23,3,4,104,0,0,0,0,0,0,0,0,0,0,0,245,1,47,Nebraska,MI
2010Gerald McCoy,McCoGe99,2010,1,3,TAM,Gerald McCoy,No,DT,DT,22,1,4,88,0,0,0,0,0,0,0,0,0,0,0,157,0,39.5,Oklahoma,FL
2010Trent Williams,WillTr21,2010,1,4,WAS,Trent Williams,No,T,T,22,0,4,93,0,0,0,0,0,0,0,0,0,0,0,8,0,0,Oklahoma,DC
2010Eric Berry,BerrEr99,2010,1,5,KAN,Eric Berry,No,DB,DB,21,2,4,80,0,0,0,0,0,0,0,0,0,0,0,343,12,5.5,Tennessee,MO
2010Russell Okung,OkunRu20,2010,1,6,SEA,Russell Okung,No,T,T,22,0,1,82,0,0,0,0,0,0,0,0,0,0,0,2,0,0,Oklahoma St.,WA
2010Joe Haden,HadeJo99,2010,1,7,CLE,Joe Haden,No,DB,DB,21,0,2,85,0,0,0,0,0,0,0,0,0,0,0,285,19,2,Florida,OH
2010Rolando McClain,McClRo00,2010,1,8,OAK,Rolando McClain,No,LB,LB,21,0,0,65,0,0,0,0,0,0,0,0,0,0,0,292,4,9.5,Alabama,CA
2010C.J. Spiller,SpilC.00,2010,1,9,BUF,C.J. Spiller,No,RB,RB,23,0,1,87,0,0,0,0,0,708,3446,12,197,1477,9,2,0,0,Clemson,NY
2010Tyson Alualu,AluaTy99,2010,1,10,JAX,Tyson Alualu,No,DT,DT,23,0,0,104,0,0,0,0,0,1,0,0,2,19,0,162,0,17,California,FL
2010Anthony Davis,DaviAn27,2010,1,11,SFO,Anthony Davis,No,T,T,20,0,0,72,0,0,0,0,0,0,0,0,0,0,0,2,0,0,Rutgers,CA
2010Ryan Mathews,MathRy00,2010,1,12,SDG,Ryan Mathews,No,RB,RB,22,0,1,83,0,0,0,0,0,1131,5027,36,177,1350,3,3,0,0,Fresno St.,CA
2010Brandon Graham,GrahBr99,2010,1,13,PHI,Brandon Graham,No,DE,DE,22,0,0,90,0,0,0,0,0,0,0,0,0,0,0,161,0,28.5,Michigan,PA
2010Earl Thomas,ThomEa99,2010,1,14,SEA,Earl Thomas,No,DB,DB,21,3,5,106,0,0,0,0,0,0,0,0,0,0,0,405,23,0,Texas,WA
2010Jason Pierre-Paul,PierJa99,2010,1,15,NYG,Jason Pierre-Paul,No,DE,DE,21,1,2,93,0,0,0,0,0,0,0,0,0,0,0,255,2,47,South Florida,NY
2010Derrick Morgan,MorgDe99,2010,1,16,TEN,Derrick Morgan,No,DE,DE,21,0,0,86,0,0,0,0,0,0,0,0,0,0,0,165,0,35.5,Georgia Tech,TN
2010Mike Iupati,IupaMi20,2010,1,17,SFO,Mike Iupati,No,G,G,23,1,4,97,0,0,0,0,0,0,0,0,1,10,0,5,0,0,Idaho,CA
2010Maurkice Pouncey,PounMa20,2010,1,18,PIT,Maurkice Pouncey,No,C,C,21,2,4,73,0,0,0,0,0,0,0,0,1,0,0,3,0,0,Florida,PA
2010Sean Weatherspoon,WeatSe99,2010,1,19,ATL,Sean Weatherspoon,No,LB,LB,22,0,0,65,0,0,0,0,0,0,0,0,0,0,0,246,2,8,Missouri,GA
2010Kareem Jackson,JackKa99,2010,1,20,HOU,Kareem Jackson,No,DB,DB,22,0,0,94,0,0,0,0,0,0,0,0,0,0,0,324,13,0,Alabama,TX
2010Jermaine Gresham,GresJe00,2010,1,21,CIN,Jermaine Gresham,No,TE,TE,22,0,2,99,0,0,0,0,0,0,0,0,315,3122,26,4,0,0,Oklahoma,OH
2010Demaryius Thomas,ThomDe03,2010,1,22,DEN,Demaryius Thomas,No,WR,WR,22,0,3,95,0,1,0,0,0,3,6,0,511,7299,52,6,0,0,Georgia Tech,CO
2010Bryan Bulaga,BulaBr20,2010,1,23,GNB,Bryan Bulaga,No,T,T,21,0,0,74,0,0,0,0,0,0,0,0,0,0,0,2,0,0,Iowa,WI
2010Dez Bryant,BryaDe01,2010,1,24,DAL,Dez Bryant,No,WR,WR,21,1,2,92,0,0,0,0,0,5,1,0,445,6375,64,5,0,0,Oklahoma St.,TX
2010Tim Tebow,TeboTi00,2010,1,25,DEN,Tim Tebow,No,QB,QB,23,0,0,35,173,361,2422,17,9,197,989,12,0,0,0,0,0,0,Florida,CO
2010Dan Williams,WillDa99,2010,1,26,ARI,Dan Williams,No,DT,DT,23,0,0,96,0,0,0,0,0,0,0,0,0,0,0,152,1,3.5,Tennessee,AZ
2010Devin McCourty,McCoDe99,2010,1,27,NWE,Devin McCourty,No,DB,DB,23,0,1,101,0,0,0,0,0,0,0,0,0,0,0,399,18,2,Rutgers,MA
2010Jared Odrick,OdriJa99,2010,1,28,MIA,Jared Odrick,No,DE,DE,22,0,0,87,0,0,0,0,0,0,0,0,0,0,0,136,1,23,Penn St.,FL
2010Kyle Wilson,WilsKy99,2010,1,29,NYJ,Kyle Wilson,No,DB,DB,23,0,0,95,0,0,0,0,0,0,0,0,0,0,0,164,4,1,Boise St.,NY
2010Jahvid Best,BestJa00,2010,1,30,DET,Jahvid Best,No,RB,RB,21,0,0,22,0,1,0,0,0,255,945,6,85,774,3,1,0,0,California,MI
2010Jerry Hughes,HughJe99,2010,1,31,IND,Jerry Hughes,No,DE,DE,22,0,0,98,0,0,0,0,0,0,0,0,0,0,0,158,0,35,TCU,IN
2010Patrick Robinson,RobiPa99,2010,1,32,NOR,Patrick Robinson,No,DB,DB,23,0,0,81,0,0,0,0,0,0,0,0,0,0,0,212,10,1,Florida St.,LA
2010Rodger Saffold,SaffRo20,2010,2,33,STL,Rodger Saffold,No,T,T,22,0,0,78,0,0,0,0,0,0,0,0,0,0,0,4,0,0,Indiana,MO
2010Chris Cook,CookCh99,2010,2,34,MIN,Chris Cook,No,DB,DB,23,0,0,40,0,0,0,0,0,0,0,0,0,0,0,104,0,1,Virginia,MN
2010Brian Price,PricBr99,2010,2,35,TAM,Brian Price,No,DT,DT,21,0,0,20,0,0,0,0,0,0,0,0,0,0,0,22,0,3,UCLA,FL
2010Dexter McCluster,McClDe00,2010,2,36,KAN,Dexter McCluster,No,WR,WR,22,0,1,89,0,0,0,0,0,250,1042,2,236,1993,7,5,0,0,Mississippi,MO
2010Nate Allen,AlleNa99,2010,2,37,PHI,Nate Allen,No,DB,DB,22,0,0,87,0,0,0,0,0,0,0,0,0,0,0,266,11,4,South Florida,PA
2010T.J. Ward,WardT.99,2010,2,38,CLE,T.J. Ward,No,DB,DB,23,0,2,91,0,0,0,0,0,0,0,0,0,0,0,397,8,8.5,Oregon,OH
2010Arrelious Benn,BennAr00,2010,2,39,TAM,Arrelious Benn,No,WR,WR,22,0,0,47,0,0,0,0,0,15,44,0,64,978,6,5,0,0,Illinois,FL
2010Koa Misi,MisiKo99,2010,2,40,MIA,Koa Misi,No,LB,LB,23,0,0,84,0,0,0,0,0,0,0,0,0,0,0,253,0,12,Utah,FL
2010Torell Troup,TrouTo00,2010,2,41,BUF,Torell Troup,No,DT,DT,21,0,0,21,0,0,0,0,0,0,0,0,0,0,0,17,0,0,Central Florida,NY
2010Rob Gronkowski,GronRo00,2010,2,42,NWE,Rob Gronkowski,No,TE,TE,21,3,4,87,0,0,0,0,0,1,2,1,405,6095,68,2,0,0,Arizona,MA
2010Sergio Kindle,KindSe99,2010,2,43,BAL,Sergio Kindle,No,LB,LB,23,0,0,3,0,0,0,0,0,0,0,0,0,0,0,1,0,0,Texas,MD
2010Lamarr Houston,HousLa99,2010,2,44,OAK,Lamarr Houston,No,DE,DE,23,0,0,90,0,0,0,0,0,0,0,0,0,0,0,217,1,25.5,Texas,CA
2010Zane Beadles,BeadZa20,2010,2,45,DEN,Zane Beadles,No,G,G,23,0,1,106,0,0,0,0,0,0,0,0,0,0,0,2,0,0,Utah,CO
2010Linval Joseph,JoseLi99,2010,2,46,NYG,Linval Joseph,No,DT,DT,21,0,0,92,0,0,0,0,0,0,0,0,0,0,0,208,0,15.5,East Carolina,NY
2010Daryl Washington,WashDa99,2010,2,47,ARI,Daryl Washington,No,LB,LB,23,0,1,59,0,0,0,0,0,0,0,0,0,0,0,325,6,18,TCU,AZ
2010Jimmy Clausen,ClauJi00,2010,2,48,CAR,Jimmy Clausen,No,QB,QB,23,0,0,22,255,472,2520,7,14,37,102,0,0,0,0,1,0,0,Notre Dame,NC
2010Taylor Mays,MaysTa99,2010,2,49,SFO,Taylor Mays,No,DB,DB,22,0,0,80,0,0,0,0,0,0,0,0,0,0,0,74,0,1,USC,CA
2010Javier Arenas,ArenJa99,2010,2,50,KAN,Javier Arenas,No,DB,DB,22,0,0,69,0,0,0,0,0,4,17,1,0,0,0,130,2,5,Alabama,MO
2010Toby Gerhart,GerhTo00,2010,2,51,MIN,Toby Gerhart,No,RB,RB,23,0,0,82,0,0,0,0,0,397,1675,7,100,809,3,8,0,0,Stanford,MN
2010Jason Worilds,WoriJa99,2010,2,52,PIT,Jason Worilds,No,DE,DE,22,0,0,73,0,0,0,0,0,0,0,0,0,0,0,129,1,25.5,Virginia Tech,PA
2010Jermaine Cunningham,CunnJe99,2010,2,53,NWE,Jermaine Cunningham,No,LB,LB,22,0,0,38,0,0,0,0,0,0,0,0,0,0,0,43,0,3.5,Florida,MA
2010Carlos Dunlap,DunlCa99,2010,2,54,CIN,Carlos Dunlap,No,DE,DE,21,0,1,96,0,0,0,0,0,0,0,0,0,0,0,205,1,54.5,Florida,OH
2010Sean Lee,LeexSe99,2010,2,55,DAL,Sean Lee,No,LB,LB,24,0,1,71,0,0,0,0,0,0,0,0,0,0,0,335,12,2.5,Penn St.,TX
2010Mike Neal,NealMi99,2010,2,56,GNB,Mike Neal,No,DE,DE,23,0,0,68,0,0,0,0,0,0,0,0,0,0,0,100,1,19,Purdue,WI
2010Terrence Cody,CodyTe99,2010,2,57,BAL,Terrence Cody,No,DT,DT,22,0,0,57,0,0,0,0,0,0,0,0,0,0,0,46,0,0,Alabama,MD
2010Ben Tate,TateBe00,2010,2,58,HOU,Ben Tate,No,RB,RB,22,0,0,51,0,0,0,0,0,545,2382,14,69,356,0,3,0,0,Auburn,TX
2010Montario Hardesty,HardMo00,2010,2,59,CLE,Montario Hardesty,No,RB,RB,23,0,0,23,0,0,0,0,0,153,537,1,16,138,0,0,0,0,Tennessee,OH
2010Golden Tate,TateGo00,2010,2,60,SEA,Golden Tate,No,WR,WR,22,0,1,101,1,1,23,1,0,32,138,0,411,4956,27,4,0,0,Notre Dame,WA
2010Vlad Ducasse,DucaVl20,2010,2,61,NYJ,Vlad Ducasse,No,T,T,22,0,0,82,0,0,0,0,0,0,0,0,0,0,0,0,0,0,Massachusetts,NY
2010Brandon Spikes,SpikBr99,2010,2,62,NWE,Brandon Spikes,No,LB,LB,23,0,0,75,0,0,0,0,0,0,0,0,0,0,0,209,2,2,Florida,MA
2010Pat Angerer,AngePa99,2010,2,63,IND,Pat Angerer,No,LB,LB,23,0,0,54,0,0,0,0,0,0,0,0,0,0,0,184,2,2.5,Iowa,IN
2010Charles Brown,BrowCh28,2010,2,64,NOR,Charles Brown,No,T,T,23,0,0,54,0,0,0,0,0,0,0,0,0,0,0,1,0,0,USC,LA
2010Jerome Murphy,MurpJe99,2010,3,65,STL,Jerome Murphy,No,DB,DB,23,0,0,33,0,0,0,0,0,0,0,0,0,0,0,22,1,0,South Florida,MO
2010Amari Spievey,SpieAm99,2010,3,66,DET,Amari Spievey,No,DB,DB,22,0,0,35,0,0,0,0,0,0,0,0,0,0,0,113,5,1,Iowa,MI
2010Myron Lewis,LewiMy99,2010,3,67,TAM,Myron Lewis,No,DB,DB,22,0,0,28,0,0,0,0,0,0,0,0,0,0,0,18,0,0,Vanderbilt,FL
2010Jon Asamoah,AsamJo20,2010,3,68,KAN,Jon Asamoah,No,G,G,22,0,0,75,0,0,0,0,0,0,0,0,0,0,0,4,0,0,Illinois,MO
2010Jared Veldheer,VeldJa20,2010,3,69,OAK,Jared Veldheer,No,T,T,23,0,0,93,0,0,0,0,0,0,0,0,0,0,0,8,0,0,Hillsdale,CA
2010Ed Dickson,DickEd00,2010,3,70,BAL,Ed Dickson,No,TE,TE,23,0,0,102,0,0,0,0,0,0,0,0,147,1520,11,6,0,0,Oregon,MD
2010Morgan Burnett,BurnMo99,2010,3,71,GNB,Morgan Burnett,No,DB,DB,21,0,0,84,0,0,0,0,0,0,0,0,0,0,0,434,8,7.5,Georgia Tech,WI
2010Alex Carrington,CarrAl99,2010,3,72,BUF,Alex Carrington,No,DE,DE,23,0,0,59,0,0,0,0,0,0,0,0,0,0,0,39,0,4,Arkansas St.,NY
2010John Jerry,JerrJo20,2010,3,73,MIA,John Jerry,No,T,T,24,0,0,99,0,0,0,0,0,0,0,0,0,0,0,4,0,0,Mississippi,FL
2010D'Anthony Smith,SmitDA99,2010,3,74,JAX,D'Anthony Smith,No,DT,DT,22,0,0,30,0,0,0,0,0,0,0,0,0,0,0,8,0,0,Louisiana Tech,FL
2010Major Wright,WrigMa99,2010,3,75,CHI,Major Wright,No,DB,DB,22,0,0,75,0,0,0,0,0,0,0,0,0,0,0,240,9,0,Florida,IL
2010Chad Jones,0,2010,3,76,NYG,Chad Jones,No,DB,DB,0,0,0,0,0,0,0,0,0,0,0,0,0,0,0,0,0,0,LSU,NY
2010Damian Williams,WillDa04,2010,3,77,TEN,Damian Williams,No,WR,WR,22,0,0,57,0,0,0,0,0,1,5,0,107,1327,5,0,0,0,USC,TN
2010Brandon LaFell,LaFeBr00,2010,3,78,CAR,Brandon LaFell,No,WR,WR,23,0,0,97,0,1,0,0,0,11,130,0,311,4272,24,5,0,0,LSU,NC
2010Donald Butler,ButlDo99,2010,3,79,SDG,Donald Butler,No,LB,LB,21,0,0,79,0,0,0,0,0,0,0,0,0,0,0,289,3,7,Washington,CA
2010J.D. Walton,WaltJ.20,2010,3,80,DEN,J.D. Walton,No,C,C,23,0,0,56,0,0,0,0,0,0,0,0,0,0,0,1,0,0,Baylor,CO
2010Earl Mitchell,MitcEa99,2010,3,81,HOU,Earl Mitchell,No,DT,DT,23,0,0,94,0,0,0,0,0,0,0,0,0,0,0,123,0,5.5,Arizona,TX
2010Emmanuel Sanders,SandEm00,2010,3,82,PIT,Emmanuel Sanders,No,WR,WR,23,0,1,97,1,1,15,0,0,13,102,0,392,5237,29,5,0,0,SMU,PA
2010Corey Peters,PeteCo00,2010,3,83,ATL,Corey Peters,No,DT,DT,22,0,0,80,0,0,0,0,0,0,0,0,0,0,0,107,1,11,Kentucky,GA
2010Jordan Shipley,ShipJo00,2010,3,84,CIN,Jordan Shipley,No,WR,WR,24,0,0,24,0,0,0,0,0,0,0,0,79,858,4,1,0,0,Texas,OH
2010Colt McCoy,McCoCo00,2010,3,85,CLE,Colt McCoy,No,QB,QB,24,0,0,34,508,842,5586,26,23,118,420,2,2,8,0,2,0,0,Texas,OH
2010Daniel Te'o-Nesheim,Teo-Da99,2010,3,86,PHI,Daniel Te'o-Nesheim,No,DE,DE,23,0,0,39,0,0,0,0,0,0,0,0,0,0,0,37,0,5,Washington,PA
2010Eric Decker,DeckEr00,2010,3,87,DEN,Eric Decker,No,WR,WR,23,0,0,95,0,1,0,0,0,1,1,0,385,5253,52,7,0,0,Minnesota,CO
2010Andre Roberts,RobeAn00,2010,3,88,ARI,Andre Roberts,No,WR,WR,22,0,0,98,0,0,0,0,0,9,77,0,238,2850,14,9,0,0,Citadel,AZ
2010Armanti Edwards,EdwaAr00,2010,3,89,CAR,Armanti Edwards,No,WR,WR,22,0,0,41,2,3,11,0,0,3,12,0,6,131,0,0,0,0,Appalachian St.,NC
2010Taylor Price,PricTa00,2010,3,90,NWE,Taylor Price,No,WR,WR,22,0,0,6,0,0,0,0,0,0,0,0,5,80,0,0,0,0,Ohio,MA
2010NaVorro Bowman,BowmNa99,2010,3,91,SFO,NaVorro Bowman,No,LB,LB,22,4,3,84,0,0,0,0,0,0,0,0,0,0,0,505,4,12.5,Penn St.,CA
2010Shawn Lauvao,LauvSh20,2010,3,92,CLE,Shawn Lauvao,No,G,G,22,0,0,81,0,0,0,0,0,0,0,0,0,0,0,1,0,0,Arizona St.,OH
2010Tony Moeaki,MoeaTo00,2010,3,93,KAN,Tony Moeaki,No,TE,TE,23,0,0,48,0,0,0,0,0,0,0,0,91,1201,6,1,0,0,Iowa,MO
2010Kevin Thomas,ThomKe99,2010,3,94,IND,Kevin Thomas,No,DB,DB,24,0,0,9,0,0,0,0,0,0,0,0,0,0,0,20,0,0,USC,IN
2010Jimmy Graham,GrahJi00,2010,3,95,NOR,Jimmy Graham,No,TE,TE,23,1,3,99,0,0,0,0,0,1,3,0,479,5996,57,5,0,0,Miami (FL),LA
2010Brandon Ghee,GheeBr99,2010,3,96,CIN,Brandon Ghee,No,DB,DB,23,0,0,29,0,0,0,0,0,0,0,0,0,0,0,10,1,0,Wake Forest,OH
2010Rennie Curran,CurrRe99,2010,3,97,TEN,Rennie Curran,No,LB,LB,21,0,0,9,0,0,0,0,0,0,0,0,0,0,0,0,0,0,Georgia,TN
2010Mike Johnson,JohnMi23,2010,3,98,ATL,Mike Johnson,No,G,G,23,0,0,18,0,0,0,0,0,0,0,0,1,1,1,0,0,0,Alabama,GA
2010Mardy Gilyard,GilyMa00,2010,4,99,STL,Mardy Gilyard,No,WR,WR,23,0,0,19,0,0,0,0,0,0,0,0,8,78,0,1,0,0,Cincinnati,MO
2010Everson Griffen,GrifEv99,2010,4,100,MIN,Everson Griffen,No,DE,DE,22,0,1,101,0,0,0,0,0,0,0,0,0,0,0,144,1,46,USC,MN
2010Mike Williams,WillMi04,2010,4,101,TAM,Mike Williams,No,WR,WR,23,0,0,63,1,1,28,0,0,1,3,0,223,3089,26,10,0,0,Syracuse,FL
2010Darryl Sharpton,SharDa01,2010,4,102,HOU,Darryl Sharpton,No,LB,LB,22,0,0,47,0,0,0,0,0,0,0,0,0,0,0,102,1,1,Miami (FL),TX
2010Perry Riley,RilePe00,2010,4,103,WAS,Perry Riley,No,LB,LB,22,0,0,85,0,0,0,0,0,0,0,0,0,0,0,276,3,9.5,LSU,DC
2010Alterraun Verner,VernAl99,2010,4,104,TEN,Alterraun Verner,No,DB,DB,21,0,1,104,0,0,0,0,0,0,0,0,0,0,0,331,14,0.5,UCLA,TN
2010Trevard Lindley,LindTr99,2010,4,105,PHI,Trevard Lindley,No,DB,DB,24,0,0,11,0,0,0,0,0,0,0,0,0,0,0,18,1,0,Kentucky,PA
2010Bruce Campbell,CampBr20,2010,4,106,OAK,Bruce Campbell,No,T,T,22,0,0,19,0,0,0,0,0,0,0,0,0,0,0,0,0,0,Maryland,CA
2010Marcus Easley,EaslMa00,2010,4,107,BUF,Marcus Easley,No,WR,WR,22,0,0,42,0,0,0,0,0,0,0,0,3,71,1,29,1,0,Connecticut,NY
2010Jacoby Ford,FordJa01,2010,4,108,OAK,Jacoby Ford,No,WR,WR,23,0,0,38,0,0,0,0,0,19,201,2,57,848,3,7,0,0,Clemson,CA
2010Corey Wootton,WootCo99,2010,4,109,CHI,Corey Wootton,No,DE,DE,23,0,0,60,0,0,0,0,0,0,0,0,0,0,0,65,0,12,Northwestern,IL
2010Darrell Stuckey,StucDa20,2010,4,110,SDG,Darrell Stuckey,No,DB,DB,23,0,1,83,0,0,0,0,0,0,0,0,0,0,0,44,0,1,Kansas,CA
2010Walter Thurmond,ThurWa99,2010,4,111,SEA,Walter Thurmond,No,DB,DB,23,0,0,52,0,0,0,0,0,0,0,0,0,0,0,119,4,3,Oregon,WA
2010Joe McKnight,McKnJo00,2010,4,112,NYJ,Joe McKnight,No,RB,RB,22,0,0,41,0,0,0,0,0,113,505,0,23,241,2,2,0,0,USC,NY
2010Aaron Hernandez,HernAa00,2010,4,113,NWE,Aaron Hernandez,No,TE,TE,20,0,0,38,0,0,0,0,0,9,97,0,175,1956,18,0,0,0,Florida,MA
2010Dennis Pitta,PittDe00,2010,4,114,BAL,Dennis Pitta,No,TE,TE,25,0,0,60,0,0,0,0,0,0,0,0,187,1774,11,3,0,0,BYU,MD
2010Phillip Dillard,DillPh99,2010,4,115,NYG,Phillip Dillard,No,LB,LB,23,0,0,7,0,0,0,0,0,0,0,0,0,0,0,0,0,0,Nebraska,NY
2010Thaddeus Gibson,GibsTh99,2010,4,116,PIT,Thaddeus Gibson,No,DE,DE,22,0,0,4,0,0,0,0,0,0,0,0,0,0,0,0,0,0,Ohio St.,PA
2010Joe Hawley,HawlJo20,2010,4,117,ATL,Joe Hawley,No,C,C,21,0,0,81,0,0,0,0,0,0,0,0,0,0,0,4,0,0,UNLV,GA
2010Garrett Graham,GrahGa00,2010,4,118,HOU,Garrett Graham,No,TE,TE,24,0,0,60,0,0,0,0,0,0,0,0,100,1059,10,1,0,0,Wisconsin,TX
2010A.J. Edds,EddsA.99,2010,4,119,MIA,A.J. Edds,No,LB,LB,23,0,0,17,0,0,0,0,0,0,0,0,0,0,0,4,0,0,Iowa,FL
2010Geno Atkins,AtkiGe99,2010,4,120,CIN,Geno Atkins,No,DT,DT,22,2,4,99,0,0,0,0,0,0,0,0,0,0,0,153,0,47.5,Georgia,OH
2010Keenan Clayton,ClayKe99,2010,4,121,PHI,Keenan Clayton,No,LB,LB,23,0,0,36,0,0,0,0,0,0,0,0,0,0,0,18,0,0,Oklahoma,PA
2010Mike Kafka,KafkMi00,2010,4,122,PHI,Mike Kafka,No,QB,QB,23,0,0,4,11,16,107,0,2,3,0,0,0,0,0,0,0,0,Northwestern,PA
2010Al Woods,WoodAl99,2010,4,123,NOR,Al Woods,No,DT,DT,23,0,0,76,0,0,0,0,0,0,0,0,0,0,0,52,0,3.5,LSU,LA
2010Eric Norwood,NorwEr99,2010,4,124,CAR,Eric Norwood,No,LB,LB,22,0,0,28,0,0,0,0,0,0,0,0,0,0,0,6,0,1,South Carolina,NC
2010Clay Harbor,HarbCl00,2010,4,125,PHI,Clay Harbor,No,TE,TE,23,0,0,93,0,0,0,0,0,0,0,0,114,1170,8,5,0,0,SW Missouri St.,PA
2010Akwasi Owusu-Ansah,OwusAk99,2010,4,126,DAL,Akwasi Owusu-Ansah,No,DB,DB,22,0,0,15,0,0,0,0,0,0,0,0,0,0,0,12,0,0,Indiana (PA),TX
2010E.J. Wilson,WilsE.99,2010,4,127,SEA,E.J. Wilson,No,DE,DE,22,0,0,2,0,0,0,0,0,0,0,0,0,0,0,1,0,0,North Carolina,WA
2010Jason Fox,FoxxJa20,2010,4,128,DET,Jason Fox,No,T,T,22,0,0,37,0,0,0,0,0,0,0,0,0,0,0,1,0,0,Miami (FL),MI
2010Jacques McClendon,McClJa20,2010,4,129,IND,Jacques McClendon,No,G,G,22,0,0,25,0,0,0,0,0,0,0,0,0,0,0,0,0,0,Tennessee,IN
2010O'Brien Schofield,SchoOB99,2010,4,130,ARI,O'Brien Schofield,No,DE,DE,23,0,0,84,0,0,0,0,0,0,0,0,0,0,0,102,0,15.5,Wisconsin,AZ
2010Roddrick Muckelroy,MuckRo99,2010,4,131,CIN,Roddrick Muckelroy,No,LB,LB,23,0,0,21,0,0,0,0,0,0,0,0,0,0,0,0,0,0,Texas,OH
2010Michael Hoomanawanui,HoomMi00,2010,5,132,STL,Michael Hoomanawanui,No,TE,TE,22,0,0,73,0,0,0,0,0,1,0,0,51,594,7,0,0,0,Illinois,MO
2010Kam Chancellor,ChanKa99,2010,5,133,SEA,Kam Chancellor,No,DB,DB,22,0,4,94,0,0,0,0,0,0,0,0,0,0,0,373,11,2,Virginia Tech,WA
2010Ricky Sapp,SappRi99,2010,5,134,PHI,Ricky Sapp,No,DE,DE,23,0,0,17,0,0,0,0,0,0,0,0,0,0,0,3,0,0,Clemson,PA
2010Dominique Franks,FranDo99,2010,5,135,ATL,Dominique Franks,No,DB,DB,22,0,0,52,0,0,0,0,0,0,0,0,0,0,0,37,3,0,Oklahoma,GA
2010Kendrick Lewis,LewiKe00,2010,5,136,KAN,Kendrick Lewis,No,DB,DB,22,0,0,90,0,0,0,0,0,0,0,0,0,0,0,232,9,0,Mississippi,MO
2010Perrish Cox,CoxxPe99,2010,5,137,DEN,Perrish Cox,No,DB,DB,23,0,0,80,0,0,0,0,0,0,0,0,0,0,0,183,10,0,Oklahoma St.,CO
2010Walter McFadden,McFaWa99,2010,5,138,OAK,Walter McFadden,No,DB,DB,23,0,0,4,0,0,0,0,0,0,0,0,0,0,0,5,0,0,Auburn,CA
2010John Conner,ConnJo00,2010,5,139,NYJ,John Conner,No,RB,RB,23,0,0,62,0,0,0,0,0,27,108,2,12,84,1,2,0,0,Kentucky,NY
2010Ed Wang,WangEd20,2010,5,140,BUF,Ed Wang,No,T,T,23,0,0,6,0,0,0,0,0,0,0,0,0,0,0,0,0,0,Virginia Tech,NY
2010Joshua Moore,MoorJo99,2010,5,141,CHI,Joshua Moore,No,DB,DB,22,0,0,3,0,0,0,0,0,0,0,0,0,0,0,0,0,0,Kansas St.,IL
2010Cameron Sheffield,ShefCa99,2010,5,142,KAN,Cameron Sheffield,No,DE,DE,22,0,0,17,0,0,0,0,0,0,0,0,0,0,0,5,0,0,Troy,MO
2010Larry Hart,HartLa99,2010,5,143,JAX,Larry Hart,No,DE,DE,23,0,0,14,0,0,0,0,0,0,0,0,0,0,0,5,0,1.5,Central Arkansas,FL
2010Sherrick McManis,McMaSh99,2010,5,144,HOU,Sherrick McManis,No,DB,DB,22,0,0,88,0,0,0,0,0,0,0,0,0,0,0,34,1,0,Northwestern,TX
2010Nolan Carroll,CarrNo00,2010,5,145,MIA,Nolan Carroll,No,DB,DB,23,0,0,95,0,0,0,0,0,0,0,0,0,0,0,205,8,3,Maryland,FL
2010Cam Thomas,ThomCa99,2010,5,146,SDG,Cam Thomas,No,DT,DT,23,0,0,95,0,0,0,0,0,0,0,0,0,0,0,79,1,7.5,North Carolina,CA
2010Mitch Petrus,PetrMi20,2010,5,147,NYG,Mitch Petrus,No,G,G,23,0,0,27,0,0,0,0,0,0,0,0,0,0,0,0,0,0,Arkansas,NY
2010Robert Johnson,JohnRo99,2010,5,148,TEN,Robert Johnson,No,DB,DB,23,0,0,15,0,0,0,0,0,0,0,0,0,0,0,13,1,0,Utah,TN
2010Hall Davis,DaviHa21,2010,5,149,STL,Hall Davis,No,DE,DE,23,0,0,1,0,0,0,0,0,0,0,0,0,0,0,0,0,0,La-Lafayette,MO
2010Zoltan Mesko,MeskZo99,2010,5,150,NWE,Zoltan Mesko,No,P,P,24,0,0,56,0,0,0,0,0,0,0,0,0,0,0,0,0,0,Michigan,MA
2010Chris Scott,ScotCh23,2010,5,151,PIT,Chris Scott,No,G,G,23,0,0,39,0,0,0,0,0,0,0,0,0,0,0,0,0,0,Tennessee,PA
2010Otis Hudson,HudsOt20,2010,5,152,CIN,Otis Hudson,No,T,T,24,0,0,0,0,0,0,0,0,0,0,0,0,0,0,0,0,0,East. Illinois,OH
2010Austen Lane,LaneAu99,2010,5,153,JAX,Austen Lane,No,DE,DE,22,0,0,30,0,0,0,0,0,0,0,0,0,0,0,46,0,3,Murray St.,FL
2010Andrew Quarless,QuarAn00,2010,5,154,GNB,Andrew Quarless,No,TE,TE,21,0,0,60,0,0,0,0,0,0,0,0,89,940,6,4,0,0,Penn St.,WI
2010John Skelton,SkelJo00,2010,5,155,ARI,John Skelton,No,QB,QB,22,0,0,20,320,602,3707,15,25,42,182,0,0,0,0,1,0,0,Fordham,AZ
2010David Reed,ReedDa00,2010,5,156,BAL,David Reed,No,WR,WR,23,0,0,36,0,0,0,0,0,2,31,0,6,68,0,2,0,0,Utah,MD
2010Arthur Jones,JoneAr22,2010,5,157,BAL,Arthur Jones,No,DE,DE,24,0,0,61,0,0,0,0,0,0,0,0,0,0,0,98,0,10,Syracuse,MD
2010Matt Tennant,TennMa20,2010,5,158,NOR,Matt Tennant,No,C,C,23,0,0,36,0,0,0,0,0,0,0,0,0,0,0,0,0,0,Boston Col.,LA
2010Riley Cooper,CoopRi00,2010,5,159,PHI,Riley Cooper,No,WR,WR,23,0,0,88,0,0,0,0,0,0,18,0,169,2418,18,5,0,0,Florida,PA
2010Larry Asante,AsanLa99,2010,5,160,CLE,Larry Asante,No,DB,DB,22,0,0,39,0,0,0,0,0,0,0,0,0,0,0,49,1,0,Nebraska,OH
2010Chris DeGeare,DeGeCh20,2010,5,161,MIN,Chris DeGeare,No,G,G,23,0,0,8,0,0,0,0,0,0,0,0,0,0,0,1,0,0,Wake Forest,MN
2010Brody Eldridge,EldrBr00,2010,5,162,IND,Brody Eldridge,No,TE,TE,23,0,0,27,0,0,0,0,0,0,0,0,14,84,0,1,0,0,Oklahoma,IN
2010Reshad Jones,JoneRe99,2010,5,163,MIA,Reshad Jones,No,DB,DB,22,0,1,94,0,0,0,0,0,0,0,0,0,0,0,421,16,9,Georgia,FL
2010Crezdon Butler,ButlCr99,2010,5,164,PIT,Crezdon Butler,No,DB,DB,23,0,0,45,0,0,0,0,0,0,0,0,0,0,0,21,0,0,Clemson,PA
2010Kerry Meier,MeieKe00,2010,5,165,ATL,Kerry Meier,No,WR,WR,23,0,0,12,0,0,0,0,0,0,0,0,0,0,0,0,0,0,Kansas,GA
2010Stevenson Sylvester,SylvSt99,2010,5,166,PIT,Stevenson Sylvester,No,LB,LB,22,0,0,50,0,0,0,0,0,0,0,0,0,0,0,10,0,0,Utah,PA
2010Nate Triplett,TripNa99,2010,5,167,MIN,Nate Triplett,No,LB,LB,23,0,0,8,0,0,0,0,0,0,0,0,0,0,0,4,0,0,Minnesota,MN
2010Jonathan Crompton,CromJo00,2010,5,168,SDG,Jonathan Crompton,No,QB,QB,23,0,0,0,0,0,0,0,0,0,0,0,0,0,0,0,0,0,Tennessee,CA
2010Marshall Newhouse,NewhMa20,2010,5,169,GNB,Marshall Newhouse,No,G,G,22,0,0,81,0,0,0,0,0,0,0,0,0,0,0,1,0,0,TCU,WI
2010Fendi Onobun,OnobFe00,2010,6,170,STL,Fendi Onobun,No,TE,TE,23,0,0,4,0,0,0,0,0,0,0,0,2,15,0,0,0,0,Arizona,MO
2010Shann Schillinger,SchiSh99,2010,6,171,ATL,Shann Schillinger,No,DB,DB,24,0,0,37,1,1,-8,0,0,0,0,0,0,0,0,0,0,0,Montana,GA
2010Brent Bowden,0,2010,6,172,TAM,Brent Bowden,No,P,P,0,0,0,0,0,0,0,0,0,0,0,0,0,0,0,0,0,0,Virginia Tech,FL
2010Anthony Dixon,DixoAn00,2010,6,173,SFO,Anthony Dixon,No,RB,RB,23,0,0,96,0,0,0,0,0,274,934,11,23,140,0,8,0,0,Mississippi St.,CA
2010Dennis Morris,0,2010,6,174,WAS,Dennis Morris,No,RB,RB,0,0,0,0,0,0,0,0,0,0,0,0,0,0,0,0,0,0,Louisiana Tech,DC
2010Greg Hardy,HardGr99,2010,6,175,CAR,Greg Hardy,No,DE,DE,22,0,1,75,0,0,0,0,0,0,0,0,0,0,0,165,1,40,Mississippi,NC
2010Rusty Smith,SmitRu01,2010,6,176,TEN,Rusty Smith,No,QB,QB,23,0,0,3,23,45,234,0,4,0,0,0,0,0,0,0,0,0,Florida Atlantic,TN
2010Carlton Mitchell,MitcCa00,2010,6,177,CLE,Carlton Mitchell,No,WR,WR,22,0,0,16,0,0,0,0,0,1,9,0,3,31,0,3,0,0,South Florida,OH
2010Arthur Moats,MoatAr00,2010,6,178,BUF,Arthur Moats,No,LB,LB,22,0,0,102,0,0,0,0,0,0,0,0,0,0,0,110,0,16.5,James Madison,NY
2010Sam Young,YounSa21,2010,6,179,DAL,Sam Young,No,T,T,23,0,0,60,0,0,0,0,0,0,0,0,0,0,0,0,0,0,Notre Dame,TX
2010Deji Karim,KariDe00,2010,6,180,JAX,Deji Karim,No,RB,RB,23,0,0,33,0,0,0,0,0,110,341,0,18,129,0,1,0,0,Southern Illinois,FL
2010Dan LeFevour,LeFeDa00,2010,6,181,CHI,Dan LeFevour,No,QB,QB,23,0,0,0,0,0,0,0,0,0,0,0,0,0,0,0,0,0,Central Michigan,IL
2010Nate Byham,ByhaNa00,2010,6,182,SFO,Nate Byham,No,TE,TE,22,0,0,29,0,0,0,0,0,0,0,0,11,83,1,2,0,0,Pittsburgh,CA
2010Eric Olsen,OlseEr20,2010,6,183,DEN,Eric Olsen,No,C,C,22,0,0,23,0,0,0,0,0,0,0,0,0,0,0,0,0,0,Notre Dame,CO
2010Adrian Tracy,TracAd99,2010,6,184,NYG,Adrian Tracy,No,DE,DE,23,0,0,16,0,0,0,0,0,0,0,0,0,0,0,5,0,1,William & Mary,NY
2010Anthony McCoy,McCoAn00,2010,6,185,SEA,Anthony McCoy,No,TE,TE,22,0,0,42,0,0,0,0,0,0,0,0,31,437,3,2,0,0,USC,WA
2010Clifton Geathers,GeatCl99,2010,6,186,CLE,Clifton Geathers,No,DE,DE,22,0,0,40,0,0,0,0,0,0,0,0,0,0,0,16,0,1,South Carolina,OH
2010Shelley Smith,SmitSh22,2010,6,187,HOU,Shelley Smith,No,G,G,23,0,0,36,0,0,0,0,0,0,0,0,0,0,0,0,0,0,Colorado St.,TX
2010Jonathan Dwyer,DwyeJo00,2010,6,188,PIT,Jonathan Dwyer,No,RB,RB,21,0,0,38,0,0,0,0,0,246,1022,3,29,184,0,0,0,0,Georgia Tech,PA
2010Eugene Sims,SimsEu99,2010,6,189,STL,Eugene Sims,No,DE,DE,24,0,0,93,0,0,0,0,0,0,0,0,0,0,0,94,2,11,West Texas A&M,MO
2010Travis Goethel,GoetTr99,2010,6,190,OAK,Travis Goethel,No,LB,LB,23,0,0,16,0,0,0,0,0,0,0,0,0,0,0,5,0,0,Arizona St.,CA
2010Dezmon Briscoe,BrisDe00,2010,6,191,CIN,Dezmon Briscoe,No,WR,WR,21,0,0,25,0,0,0,0,0,1,1,0,43,502,7,3,0,0,Kansas,OH
2010Danny Batten,BattDa99,2010,6,192,BUF,Danny Batten,No,DE,DE,22,0,0,16,0,0,0,0,0,0,0,0,0,0,0,11,0,0.5,South Dakota St.,NY
2010James Starks,StarJa00,2010,6,193,GNB,James Starks,No,RB,RB,24,0,0,73,0,0,0,0,0,595,2461,9,120,990,6,1,0,0,Buffalo,WI
2010Ramon Harewood,HareRa00,2010,6,194,BAL,Ramon Harewood,No,T,T,23,0,0,6,0,0,0,0,0,0,0,0,0,0,0,0,0,0,Morehouse,MD
2010Antonio Brown,BrowAn04,2010,6,195,PIT,Antonio Brown,No,WR,WR,22,2,4,97,3,5,35,1,1,31,119,0,608,8091,48,13,0,0,Central Michigan,PA
2010Jamar Wall,WallJa99,2010,6,196,DAL,Jamar Wall,No,DB,DB,22,0,0,2,0,0,0,0,0,0,0,0,0,0,0,0,0,0,Texas Tech,TX
2010Trindon Holliday,HollTr00,2010,6,197,HOU,Trindon Holliday,No,WR,WR,24,0,0,33,0,0,0,0,0,1,7,0,2,17,0,0,0,0,LSU,TX
2010David Gettis,GettDa00,2010,6,198,CAR,David Gettis,No,WR,WR,23,0,0,17,0,0,0,0,0,3,2,0,37,508,3,3,0,0,Baylor,NC
2010Joe Webb,WebbJo00,2010,6,199,MIN,Joe Webb,No,WR,WR,23,0,0,64,88,152,853,3,5,42,272,4,8,61,0,4,0,0,Ala-Birmingham,MN
2010Charles Scott,0,2010,6,200,PHI,Charles Scott,No,RB,RB,0,0,0,0,0,0,0,0,0,0,0,0,0,0,0,0,0,0,LSU,PA
2010Jorrick Calvin,CalvJo99,2010,6,201,ARI,Jorrick Calvin,No,DB,DB,23,0,0,12,0,0,0,0,0,0,0,0,0,0,0,0,0,0,Troy,AZ
2010Jordan Pugh,PughJo99,2010,6,202,CAR,Jordan Pugh,No,DB,DB,22,0,0,44,0,0,0,0,0,0,0,0,0,0,0,34,2,1,Texas A&M,NC
2010Scotty McGee,0,2010,6,203,JAX,Scotty McGee,No,DB,DB,0,0,0,0,0,0,0,0,0,0,0,0,0,0,0,0,0,0,James Madison,FL
2010Tony Pike,PikeTo00,2010,6,204,CAR,Tony Pike,No,QB,QB,24,0,0,1,6,12,47,0,0,0,0,0,0,0,0,0,0,0,Cincinnati,NC
2010Ted Larsen,LarsTe20,2010,6,205,NWE,Ted Larsen,No,C,C,23,0,0,95,0,0,0,0,0,0,0,0,0,0,0,2,0,0,North Carolina St.,MA
2010Kyle Williams,WillKy01,2010,6,206,SFO,Kyle Williams,No,WR,WR,22,0,0,39,0,0,0,0,0,8,76,0,47,574,4,2,0,0,Arizona St.,CA
2010Myron Rolle,0,2010,6,207,TEN,Myron Rolle,No,DB,DB,0,0,0,0,0,0,0,0,0,0,0,0,0,0,0,0,0,0,Florida St.,TN
2010Thomas Welch,WelcTh20,2010,7,208,NWE,Thomas Welch,No,T,T,23,0,0,27,0,0,0,0,0,0,0,0,0,0,0,0,0,0,Vanderbilt,MA
2010Levi Brown,BrowLe00,2010,7,209,BUF,Levi Brown,No,QB,QB,23,0,0,1,2,3,24,0,1,0,0,0,0,0,0,0,0,0,Troy,NY
2010Cody Grimm,GrimCo99,2010,7,210,TAM,Cody Grimm,No,DB,DB,23,0,0,23,0,0,0,0,0,0,0,0,0,0,0,47,2,0,Virginia Tech,FL
2010Marquis Johnson,JohnMa99,2010,7,211,STL,Marquis Johnson,No,DB,DB,22,0,0,5,0,0,0,0,0,0,0,0,0,0,0,5,0,0,Alabama,MO
2010Chris McCoy,0,2010,7,212,MIA,Chris McCoy,No,DE,DE,0,0,0,0,0,0,0,0,0,0,0,0,0,0,0,0,0,0,Middle Tenn. St.,FL
2010Willie Young,YounWi99,2010,7,213,DET,Willie Young,No,DE,DE,25,0,0,88,0,0,0,0,0,0,0,0,0,0,0,114,1,29,North Carolina St.,MI
2010Mickey Shuler,ShulMi01,2010,7,214,MIN,Mickey Shuler,No,TE,TE,23,0,0,10,0,0,0,0,0,0,0,0,2,44,0,1,0,0,Penn St.,MN
2010Jeremy Ware,WareJe99,2010,7,215,OAK,Jeremy Ware,No,DB,DB,24,0,0,8,0,0,0,0,0,0,0,0,0,0,0,1,1,0,Michigan St.,CA
2010Kyle Calloway,0,2010,7,216,BUF,Kyle Calloway,No,T,T,0,0,0,0,0,0,0,0,0,0,0,0,0,0,0,0,0,0,Iowa,NY
2010Dekoda Watson,WatsDe99,2010,7,217,TAM,Dekoda Watson,No,LB,LB,22,0,0,83,0,0,0,0,0,0,0,0,0,0,0,77,1,3,Florida St.,FL
2010J'Marcus Webb,WebbJM20,2010,7,218,CHI,J'Marcus Webb,No,T,T,22,0,0,79,0,0,0,0,0,0,0,0,0,0,0,1,0,0,West Texas A&M,IL
2010Terrence Austin,AustTe00,2010,7,219,WAS,Terrence Austin,No,WR,WR,22,0,0,18,0,0,0,0,0,0,0,0,15,184,0,2,0,0,UCLA,DC
2010Jamar Chaney,ChanJa98,2010,7,220,PHI,Jamar Chaney,No,LB,LB,23,0,0,54,0,0,0,0,0,0,0,0,0,0,0,114,3,1,Mississippi St.,PA
2010Matt Dodge,DodgMa99,2010,7,221,NYG,Matt Dodge,No,P,P,23,0,0,16,0,0,0,0,0,1,0,0,0,0,0,0,0,0,East Carolina,NY
2010Marc Mariani,MariMa00,2010,7,222,TEN,Marc Mariani,No,WR,WR,23,0,1,65,0,0,0,0,0,1,4,0,27,324,0,1,0,0,Montana,TN
2010R.J. Stanford,StanR.00,2010,7,223,CAR,R.J. Stanford,No,DB,DB,22,0,0,46,0,0,0,0,0,0,0,0,0,0,0,39,2,0,Utah,NC
2010Phillip Adams,AdamPh00,2010,7,224,SFO,Phillip Adams,No,DB,DB,22,0,0,78,0,0,0,0,0,0,0,0,0,0,0,99,5,0,South Carolina St.,CA
2010Syd'Quan Thompson,ThomSy99,2010,7,225,DEN,Syd'Quan Thompson,No,DB,DB,23,0,0,13,0,0,0,0,0,0,0,0,0,0,0,12,2,0,California,CO
2010George Selvie,SelvGe99,2010,7,226,STL,George Selvie,No,DE,DE,23,0,0,80,0,0,0,0,0,0,0,0,0,0,0,105,0,14,South Florida,MO
2010Dorin Dickerson,DickDo00,2010,7,227,HOU,Dorin Dickerson,No,WR,WR,22,0,0,24,0,0,0,0,0,1,-8,0,11,151,0,0,0,0,Pittsburgh,TX
2010Reggie Stephens,StepRe22,2010,7,228,CIN,Reggie Stephens,No,C,C,23,0,0,0,0,0,0,0,0,0,0,0,0,0,0,0,0,0,Iowa St.,OH
2010Eric Cook,0,2010,7,229,WAS,Eric Cook,No,C,C,0,0,0,0,0,0,0,0,0,0,0,0,0,0,0,0,0,0,New Mexico,DC
2010C.J. Wilson,WilsC.98,2010,7,230,GNB,C.J. Wilson,No,DE,DE,23,0,0,79,0,0,0,0,0,0,0,0,0,0,0,78,0,6.5,East Carolina,WI
2010Selvish Capers,CapeSe20,2010,7,231,WAS,Selvish Capers,No,T,T,24,0,0,3,0,0,0,0,0,0,0,0,0,0,0,0,0,0,West Virginia,DC
2010Jammie Kirlew,KirlJa99,2010,7,232,DEN,Jammie Kirlew,No,DE,DE,23,0,0,1,0,0,0,0,0,0,0,0,0,0,0,0,0,0,Indiana,CO
2010Jim Dray,DrayJi00,2010,7,233,ARI,Jim Dray,No,TE,TE,23,0,0,91,0,0,0,0,0,0,0,0,56,605,3,1,0,0,Stanford,AZ
2010Sean Lissemore,LissSe99,2010,7,234,DAL,Sean Lissemore,No,DT,DT,23,0,0,69,0,0,0,0,0,0,0,0,0,0,0,78,1,6.5,William & Mary,TX
2010Dedrick Epps,EppsDe00,2010,7,235,SDG,Dedrick Epps,No,TE,TE,22,0,0,6,0,0,0,0,0,0,0,0,1,9,0,0,0,0,Miami (FL),CA
2010Dexter Davis,DaviDe99,2010,7,236,SEA,Dexter Davis,No,LB,LB,23,0,0,16,0,0,0,0,0,0,0,0,0,0,0,10,0,1,Arizona St.,WA
2010Ryan D'Imperio,DImpRy00,2010,7,237,MIN,Ryan D'Imperio,No,RB,RB,23,0,0,12,0,0,0,0,0,0,0,0,2,7,0,0,0,0,Rutgers,MN
2010Ricardo Mathews,MathRi99,2010,7,238,IND,Ricardo Mathews,No,DT,DT,23,0,0,91,0,0,0,0,0,0,0,0,0,0,0,63,0,4,Cincinnati,IN
2010Sean Canfield,CanfSe00,2010,7,239,NOR,Sean Canfield,No,QB,QB,24,0,0,0,0,0,0,0,0,0,0,0,0,0,0,0,0,0,Oregon St.,LA
2010Kavell Conner,ConnKa99,2010,7,240,IND,Kavell Conner,No,LB,LB,23,0,0,78,0,0,0,0,0,0,0,0,0,0,0,198,0,2,Clemson,IN
2010David Howard,0,2010,7,241,TEN,David Howard,No,DT,DT,0,0,0,0,0,0,0,0,0,0,0,0,0,0,0,0,0,0,Brown,TN
2010Doug Worthington,WortDo99,2010,7,242,PIT,Doug Worthington,No,DT,DT,23,0,0,8,0,0,0,0,0,0,0,0,0,0,0,2,0,0,Ohio St.,PA
2010Jeff Owens,OwenJe20,2010,7,243,PHI,Jeff Owens,No,DT,DT,23,0,0,1,0,0,0,0,0,0,0,0,0,0,0,0,0,0,Georgia,PA
2010Kurt Coleman,ColeKu99,2010,7,244,PHI,Kurt Coleman,No,DB,DB,22,0,0,99,0,0,0,0,0,0,0,0,0,0,0,282,19,1,Ohio St.,PA
2010Jameson Konz,KonzJa00,2010,7,245,SEA,Jameson Konz,No,TE,TE,24,0,0,1,0,0,0,0,0,0,0,0,0,0,0,0,0,0,Kent St.,WA
2010Ray Fisher,0,2010,7,246,IND,Ray Fisher,No,DB,DB,0,0,0,0,0,0,0,0,0,0,0,0,0,0,0,0,0,0,Indiana,IN
2010Brandon Deaderick,DeadBr99,2010,7,247,NWE,Brandon Deaderick,No,DE,DE,23,0,0,60,0,0,0,0,0,0,0,0,0,0,0,43,0,5.5,Alabama,MA
2010Kade Weston,0,2010,7,248,NWE,Kade Weston,No,DT,DT,0,0,0,0,0,0,0,0,0,0,0,0,0,0,0,0,0,0,Georgia,MA
2010Robert McClain,McClRo98,2010,7,249,CAR,Robert McClain,No,DB,DB,22,0,0,75,0,0,0,0,0,0,0,0,0,0,0,178,4,2.5,Connecticut,NC
2010Zac Robinson,RobiZa00,2010,7,250,NWE,Zac Robinson,No,QB,QB,24,0,0,0,0,0,0,0,0,0,0,0,0,0,0,0,0,0,Oklahoma St.,MA
2010Stevie Brown,BrowSt99,2010,7,251,OAK,Stevie Brown,No,DB,DB,23,0,0,55,0,0,0,0,0,0,0,0,0,0,0,98,8,1,Michigan,CA
2010Austin Spitler,SpitAu99,2010,7,252,MIA,Austin Spitler,No,LB,LB,23,0,0,55,0,0,0,0,0,0,0,0,0,0,0,11,0,0,Ohio St.,FL
2010Erik Lorig,LoriEr99,2010,7,253,TAM,Erik Lorig,No,DE,DE,23,0,0,66,0,0,0,0,0,3,4,0,39,220,2,3,0,0,Stanford,FL
2010Josh Hull,HullJo99,2010,7,254,STL,Josh Hull,No,LB,LB,23,0,0,39,0,0,0,0,0,0,0,0,0,0,0,11,0,0,Penn St.,MO
2010Tim Toone,ToonTi00,2010,7,255,DET,Tim Toone,No,WR,WR,25,0,0,0,0,0,0,0,0,0,0,0,0,0,0,0,0,0,Weber St.,MI
2009Matthew Stafford,StafMa00,2009,1,1,DET,Matthew Stafford,No,QB,QB,21,0,1,104,2507,4082,28859,182,103,232,800,12,2,-3,0,7,0,0,,MI
2009Jason Smith,SmitJa22,2009,1,2,STL,Jason Smith,No,T,T,23,0,0,45,0,0,0,0,0,0,0,0,0,0,0,3,0,0,,MO
2009Tyson Jackson,JackTy98,2009,1,3,KAN,Tyson Jackson,No,DE,DE,23,0,0,116,0,0,0,0,0,0,0,0,0,0,0,162,0,0,,MO
2009Aaron Curry,CurrAa99,2009,1,4,SEA,Aaron Curry,No,LB,LB,23,0,0,48,0,0,0,0,0,0,0,0,0,0,0,190,0,0,,WA
2009Mark Sanchez,SancMa00,2009,1,5,NYJ,Mark Sanchez,No,QB,QB,22,0,0,76,1286,2268,15134,86,84,167,449,13,0,0,0,3,0,0,,NY
2009Andre Smith,SmitAn23,2009,1,6,CIN,Andre Smith,No,T,T,22,0,0,86,0,0,0,0,0,0,0,0,0,0,0,7,0,0,,OH
2009Darrius Heyward-Bey,HeywDa00,2009,1,7,OAK,Darrius Heyward-Bey,No,WR,WR,22,0,0,112,0,0,0,0,0,12,169,1,198,2795,16,11,0,0,,CA
2009Eugene Monroe,MonrEu20,2009,1,8,JAX,Eugene Monroe,No,T,T,22,0,0,93,0,0,0,0,0,0,0,0,0,0,0,1,0,0,,FL
2009B.J. Raji,RajiBJ99,2009,1,9,GNB,B.J. Raji,No,DT,DT,23,0,1,91,0,0,0,0,0,1,1,1,0,0,0,104,0,0,,WI
2009Michael Crabtree,CrabMi00,2009,1,10,SFO,Michael Crabtree,No,WR,WR,22,0,0,105,0,0,0,0,0,3,18,0,484,5850,41,6,0,0,,CA
2009Aaron Maybin,MaybAa99,2009,1,11,BUF,Aaron Maybin,No,DE,DE,21,0,0,48,0,0,0,0,0,0,0,0,0,0,0,25,0,0,,NY
2009Knowshon Moreno,MoreKn00,2009,1,12,DEN,Knowshon Moreno,No,RB,RB,22,0,0,63,0,0,0,0,0,877,3616,27,158,1409,9,3,0,0,,CO
2009Brian Orakpo,OrakBr99,2009,1,13,WAS,Brian Orakpo,No,LB,LB,23,0,3,98,0,0,0,0,0,0,0,0,0,0,0,234,0,0,,DC
2009Malcolm Jenkins,JenkMa99,2009,1,14,NOR,Malcolm Jenkins,No,DB,DB,21,0,1,113,0,0,0,0,0,0,0,0,0,0,0,455,0,0,,LA
2009Brian Cushing,CushBr99,2009,1,15,HOU,Brian Cushing,No,LB,LB,22,0,1,94,0,0,0,0,0,0,0,0,0,0,0,407,0,0,,TX
2009Larry English,EnglLa99,2009,1,16,SDG,Larry English,No,LB,LB,23,0,0,64,0,0,0,0,0,0,0,0,0,0,0,60,0,0,,CA
2009Josh Freeman,FreeJo00,2009,1,17,TAM,Josh Freeman,No,QB,QB,21,0,0,62,1179,2048,13873,81,68,205,946,4,0,-3,0,6,0,0,,FL
2009Robert Ayers,AyerRo99,2009,1,18,DEN,Robert Ayers,No,DE,DE,24,0,0,102,0,0,0,0,0,0,0,0,0,0,0,164,0,0,,CO
2009Jeremy Maclin,MaclJe00,2009,1,19,PHI,Jeremy Maclin,No,WR,WR,21,0,0,98,0,1,0,0,0,10,43,0,460,6235,46,17,0,0,,PA
2009Brandon Pettigrew,PettBr00,2009,1,20,DET,Brandon Pettigrew,No,TE,TE,24,0,0,93,0,0,0,0,0,0,0,0,301,2965,17,8,0,0,,MI
2009Alex Mack,MackAl20,2009,1,21,CLE,Alex Mack,No,C,C,23,0,3,111,0,0,0,0,0,0,0,0,0,0,0,7,0,0,,OH
2009Percy Harvin,HarvPe00,2009,1,22,MIN,Percy Harvin,No,WR,WR,21,0,1,75,0,0,0,0,0,146,927,5,353,4026,22,7,0,0,,MN
2009Michael Oher,OherMi20,2009,1,23,BAL,Michael Oher,No,T,T,23,0,0,110,0,0,0,0,0,0,0,0,1,-8,0,0,0,0,,MD
2009Peria Jerry,JerrPe99,2009,1,24,ATL,Peria Jerry,No,DT,DT,25,0,0,64,0,0,0,0,0,0,0,0,0,0,0,51,0,0,,GA
2009Vontae Davis,DaviVo99,2009,1,25,MIA,Vontae Davis,No,DB,DB,21,0,2,110,0,0,0,0,0,0,0,0,0,0,0,329,0,0,,FL
2009Clay Matthews,MattCl99,2009,1,26,GNB,Clay Matthews,No,LB,LB,23,1,6,107,0,0,0,0,0,0,0,0,0,0,0,303,0,0,,WI
2009Donald Brown,BrowDo00,2009,1,27,IND,Donald Brown,No,RB,RB,22,0,0,88,0,0,0,0,0,695,2829,18,120,1066,2,11,0,0,,IN
2009Eric Wood,WoodEr20,2009,1,28,BUF,Eric Wood,No,C,C,23,0,1,104,0,0,0,0,0,0,0,0,0,0,0,2,0,0,,NY
2009Hakeem Nicks,NickHa01,2009,1,29,NYG,Hakeem Nicks,No,WR,WR,21,0,0,92,0,0,0,0,0,2,8,0,356,5081,31,9,0,0,,NY
2009Kenny Britt,BritKe00,2009,1,30,TEN,Kenny Britt,No,WR,WR,21,0,0,99,0,0,0,0,0,2,14,0,290,4615,28,5,0,0,,TN
2009Beanie Wells,WellCh00,2009,1,31,ARI,Beanie Wells,No,RB,RB,21,0,0,51,0,0,0,0,0,625,2471,24,28,293,0,3,0,0,,AZ
2009Evander Hood,HoodEv99,2009,1,32,PIT,Evander Hood,No,DE,DE,22,0,0,109,0,0,0,0,0,0,0,0,0,0,0,120,0,0,,PA
2009Louis Delmas,DelmLo99,2009,2,33,DET,Louis Delmas,No,DB,DB,22,0,0,78,0,0,0,0,0,0,0,0,0,0,0,294,0,0,,MI
2009Patrick Chung,ChunPa99,2009,2,34,NWE,Patrick Chung,No,DB,DB,22,0,0,103,0,0,0,0,0,0,0,0,0,0,0,348,0,0,,MA
2009James Laurinaitis,LaurJa99,2009,2,35,STL,James Laurinaitis,No,LB,LB,22,0,0,118,0,0,0,0,0,0,0,0,0,0,0,663,0,0,,MO
2009Brian Robiskie,RobiBr00,2009,2,36,CLE,Brian Robiskie,No,WR,WR,21,0,0,38,0,0,0,0,0,0,0,0,43,485,4,4,0,0,,OH
2009Alphonso Smith,SmitAl98,2009,2,37,DEN,Alphonso Smith,No,DB,DB,23,0,0,42,0,0,0,0,0,0,0,0,0,0,0,66,0,0,,CO
2009Rey Maualuga,MauaRe99,2009,2,38,CIN,Rey Maualuga,No,LB,LB,22,0,0,108,0,0,0,0,0,0,0,0,0,0,0,349,0,0,,OH
2009Eben Britton,BritEb20,2009,2,39,JAX,Eben Britton,No,T,T,21,0,0,60,0,0,0,0,0,0,0,0,0,0,0,2,0,0,,FL
2009Ron Brace,BracRo99,2009,2,40,NWE,Ron Brace,No,DT,DT,22,0,0,39,0,0,0,0,0,0,0,0,0,0,0,24,0,0,,MA
2009Darius Butler,ButlDa99,2009,2,41,NWE,Darius Butler,No,DB,DB,23,0,0,105,0,0,0,0,0,0,0,0,0,0,0,255,0,0,,MA
2009Jairus Byrd,ByrdJa99,2009,2,42,BUF,Jairus Byrd,No,DB,DB,22,0,3,100,0,0,0,0,0,0,0,0,0,0,0,344,0,0,,NY
2009Everette Brown,BrowEv99,2009,2,43,CAR,Everette Brown,No,DE,DE,22,0,0,44,0,0,0,0,0,0,0,0,0,0,0,48,0,0,,NC
2009Pat White,WhitPa01,2009,2,44,MIA,Pat White,No,QB,QB,23,0,0,13,0,5,0,0,0,21,81,0,0,0,0,0,0,0,,FL
2009Clint Sintim,SintCl99,2009,2,45,NYG,Clint Sintim,No,LB,LB,23,0,0,24,0,0,0,0,0,0,0,0,0,0,0,11,0,0,,NY
2009Connor Barwin,BarwCo99,2009,2,46,HOU,Connor Barwin,No,DE,DE,22,0,1,107,0,0,0,0,0,0,0,0,0,0,0,232,0,0,,TX
2009Michael Mitchell,MitcMi99,2009,2,47,OAK,Michael Mitchell,No,DB,DB,22,0,0,119,0,0,0,0,0,0,0,0,0,0,0,288,0,0,,CA
2009Darcel McBath,McBaDa99,2009,2,48,DEN,Darcel McBath,No,DB,DB,23,0,0,37,0,0,0,0,0,0,0,0,0,0,0,30,0,0,,CO
2009Max Unger,UngeMa20,2009,2,49,SEA,Max Unger,No,C,C,23,1,2,93,0,0,0,0,0,0,0,0,0,0,0,4,0,0,,WA
2009Mohamed Massaquoi,MassMo00,2009,2,50,CLE,Mohamed Massaquoi,No,WR,WR,22,0,0,54,1,1,29,1,0,2,-6,0,118,1745,7,9,0,0,,OH
2009Andy Levitre,LeviAn20,2009,2,51,BUF,Andy Levitre,No,G,G,23,0,0,122,0,0,0,0,0,0,0,0,0,0,0,11,0,0,,NY
2009David Veikune,VeikDa99,2009,2,52,CLE,David Veikune,No,LB,LB,23,0,0,14,0,0,0,0,0,0,0,0,0,0,0,0,0,0,,OH
2009LeSean McCoy,McCoLe01,2009,2,53,PHI,LeSean McCoy,No,RB,RB,21,2,4,111,0,0,0,0,0,1802,8403,54,358,2718,13,6,0,0,,PA
2009Phil Loadholt,LoadPh20,2009,2,54,MIN,Phil Loadholt,No,T,T,23,0,0,89,0,0,0,0,0,0,0,0,0,0,0,6,0,0,,MN
2009William Moore,MoorWi99,2009,2,55,ATL,William Moore,No,DB,DB,24,0,1,76,0,0,0,0,0,0,0,0,0,0,0,277,0,0,,GA
2009Fili Moala,MoalFi99,2009,2,56,IND,Fili Moala,No,DT,DT,24,0,0,64,0,0,0,0,0,0,0,0,0,0,0,48,0,0,,IN
2009Paul Kruger,KrugPa99,2009,2,57,BAL,Paul Kruger,No,DE,DE,23,0,0,108,0,0,0,0,0,0,0,0,0,0,0,139,0,0,,MD
2009Sebastian Vollmer,VollSe20,2009,2,58,NWE,Sebastian Vollmer,No,T,T,25,0,0,88,0,0,0,0,0,0,0,0,0,0,0,3,0,0,,MA
2009Sherrod Martin,MartSh99,2009,2,59,CAR,Sherrod Martin,No,DB,DB,24,0,0,83,0,0,0,0,0,0,0,0,0,0,0,145,0,0,,NC
2009Will Beatty,BeatWi20,2009,2,60,NYG,Will Beatty,No,T,T,24,0,0,85,0,0,0,0,0,0,0,0,0,0,0,10,0,0,,NY
2009Sean Smith,SmitSe99,2009,2,61,MIA,Sean Smith,No,DB,DB,22,0,0,117,0,0,0,0,0,0,0,0,0,0,0,331,0,0,,FL
2009Sen'Derrick Marks,MarkSe99,2009,2,62,TEN,Sen'Derrick Marks,No,DT,DT,22,0,0,97,0,0,0,0,0,0,0,0,0,0,0,141,0,0,,TN
2009Cody Brown,BrowCo96,2009,2,63,ARI,Cody Brown,No,LB,LB,22,0,0,0,0,0,0,0,0,0,0,0,0,0,0,0,0,0,,AZ
2009Richard Quinn,QuinRi00,2009,2,64,DEN,Richard Quinn,No,TE,TE,23,0,0,30,0,0,0,0,0,0,0,0,1,9,0,1,0,0,,CO
2009Shonn Greene,GreeSh00,2009,3,65,NYJ,Shonn Greene,No,RB,RB,24,0,0,85,0,0,0,0,0,993,4110,24,72,534,0,5,0,0,,NY
2009Bradley Fletcher,FletBr99,2009,3,66,STL,Bradley Fletcher,No,DB,DB,23,0,0,73,0,0,0,0,0,0,0,0,0,0,0,250,0,0,,MO
2009Alex Magee,MageAl99,2009,3,67,KAN,Alex Magee,No,DE,DE,22,0,0,25,0,0,0,0,0,0,0,0,0,0,0,14,0,0,,MO
2009Jarron Gilbert,GilbJa99,2009,3,68,CHI,Jarron Gilbert,No,DT,DT,23,0,0,5,0,0,0,0,0,0,0,0,0,0,0,2,0,0,,IL
2009Jason Williams,WillJa95,2009,3,69,DAL,Jason Williams,No,LB,LB,23,0,0,60,0,0,0,0,0,0,0,0,0,0,0,31,0,0,,TX
2009Michael Johnson,JohnMi98,2009,3,70,CIN,Michael Johnson,No,DE,DE,22,0,0,119,0,0,0,0,0,0,0,0,0,0,0,204,0,0,,OH
2009Matt Shaughnessy,ShauMa99,2009,3,71,OAK,Matt Shaughnessy,No,DE,DE,23,0,0,75,0,0,0,0,0,0,0,0,0,0,0,144,0,0,,CA
2009Terrance Knighton,KnigTe99,2009,3,72,JAX,Terrance Knighton,No,DT,DT,23,0,0,108,0,0,0,0,0,0,0,0,0,0,0,159,0,0,,FL
2009Derek Cox,CoxxDe99,2009,3,73,JAX,Derek Cox,No,DB,DB,23,0,0,63,0,0,0,0,0,0,0,0,0,0,0,204,0,0,,FL
2009Glen Coffee,CoffGl00,2009,3,74,SFO,Glen Coffee,No,RB,RB,22,0,0,14,0,0,0,0,0,83,226,1,11,76,0,1,0,0,,CA
2009Robert Brewster,BrewRo20,2009,3,75,DAL,Robert Brewster,No,T,T,23,0,0,1,0,0,0,0,0,0,0,0,0,0,0,0,0,0,,TX
2009DeAndre Levy,LevyDe99,2009,3,76,DET,DeAndre Levy,No,LB,LB,22,0,0,91,0,0,0,0,0,0,0,0,0,0,0,439,0,0,,MI
2009Antoine Caldwell,CaldAn20,2009,3,77,HOU,Antoine Caldwell,No,G,G,23,0,0,39,0,0,0,0,0,0,0,0,0,0,0,1,0,0,,TX
2009Louis Vasquez,VasqLo20,2009,3,78,SDG,Louis Vasquez,No,G,G,22,1,1,102,0,0,0,0,0,0,0,0,0,0,0,1,0,0,,CA
2009Kraig Urbik,UrbiKr20,2009,3,79,PIT,Kraig Urbik,No,T,T,24,0,0,94,0,0,0,0,0,0,0,0,0,0,0,4,0,0,,PA
2009Kevin Barnes,BarnKe99,2009,3,80,WAS,Kevin Barnes,No,DB,DB,23,0,0,31,0,0,0,0,0,0,0,0,0,0,0,39,0,0,,DC
2009Roy Miller,MillRo99,2009,3,81,TAM,Roy Miller,No,DT,DT,22,0,0,112,0,0,0,0,0,0,0,0,0,0,0,168,0,0,,FL
2009Derrick Williams,WillDe05,2009,3,82,DET,Derrick Williams,No,WR,WR,23,0,0,18,0,0,0,0,0,1,4,0,9,82,0,1,0,0,,MI
2009Brandon Tate,TateBr00,2009,3,83,NWE,Brandon Tate,No,WR,WR,21,0,0,107,0,0,0,0,0,12,112,0,63,997,6,2,0,0,,MA
2009Mike Wallace,WallMi00,2009,3,84,PIT,Mike Wallace,No,WR,WR,23,0,1,121,0,1,0,0,0,32,238,0,462,7042,53,14,0,0,,PA
2009Ramses Barden,BardRa00,2009,3,85,NYG,Ramses Barden,No,WR,WR,23,0,0,29,0,0,0,0,0,0,0,0,29,394,0,0,0,0,,NY
2009Asher Allen,AlleAs99,2009,3,86,MIN,Asher Allen,No,DB,DB,21,0,0,36,0,0,0,0,0,0,0,0,0,0,0,102,0,0,,MN
2009Patrick Turner,TurnPa00,2009,3,87,MIA,Patrick Turner,No,WR,WR,22,0,0,24,0,0,0,0,0,0,0,0,10,122,1,1,0,0,,FL
2009Lardarius Webb,WebbLa99,2009,3,88,BAL,Lardarius Webb,No,DB,DB,23,0,0,105,0,0,0,0,0,0,0,0,0,0,0,345,0,0,,MD
2009Jared Cook,CookJa02,2009,3,89,TEN,Jared Cook,No,TE,TE,22,0,0,111,0,0,0,0,0,1,0,0,285,3661,17,7,0,0,,TN
2009Chris Owens,OwenCh99,2009,3,90,ATL,Chris Owens,No,DB,DB,22,0,0,87,0,0,0,0,0,0,0,0,0,0,0,173,0,0,,GA
2009Deon Butler,ButlDe00,2009,3,91,SEA,Deon Butler,No,WR,WR,23,0,0,35,0,0,0,0,0,2,6,0,57,611,4,1,0,0,,WA
2009Jerraud Powers,PoweJe99,2009,3,92,IND,Jerraud Powers,No,DB,DB,22,0,0,94,0,0,0,0,0,0,0,0,0,0,0,325,0,0,,IN
2009Corvey Irvin,IrviCo99,2009,3,93,CAR,Corvey Irvin,No,DT,DT,24,0,0,24,0,0,0,0,0,0,0,0,0,0,0,9,0,0,,NC
2009Ryan Mouton,MoutRy99,2009,3,94,TEN,Ryan Mouton,No,DB,DB,23,0,0,36,0,0,0,0,0,0,0,0,0,0,0,42,0,0,,TN
2009Rashad Johnson,JohnRa98,2009,3,95,ARI,Rashad Johnson,No,DB,DB,23,0,0,109,0,0,0,0,0,2,64,0,0,0,0,284,0,0,,AZ
2009Keenan Lewis,LewiKe96,2009,3,96,PIT,Keenan Lewis,No,DB,DB,23,0,0,83,0,0,0,0,0,0,0,0,0,0,0,171,0,0,,PA
2009Tyrone McKenzie,McKeTy99,2009,3,97,NWE,Tyrone McKenzie,No,LB,LB,23,0,0,19,0,0,0,0,0,0,0,0,0,0,0,2,0,0,,MA
2009Chase Coffman,CoffCh00,2009,3,98,CIN,Chase Coffman,No,TE,TE,22,0,0,39,0,0,0,0,0,0,0,0,18,176,2,1,0,0,,OH
2009Juaquin Iglesias,IgleJu00,2009,3,99,CHI,Juaquin Iglesias,No,WR,WR,22,0,0,1,0,0,0,0,0,0,0,0,0,0,0,0,0,0,,IL
2009Travis Beckum,BeckTr00,2009,3,100,NYG,Travis Beckum,No,TE,TE,22,0,0,48,0,0,0,0,0,0,0,0,26,264,3,3,0,0,,NY
2009Stephen McGee,McGeSt00,2009,4,101,DAL,Stephen McGee,No,QB,QB,24,0,0,3,46,82,420,3,0,17,102,0,0,0,0,0,0,0,,TX
2009Donald Washington,WashDo98,2009,4,102,KAN,Donald Washington,No,DB,DB,23,0,0,32,0,0,0,0,0,0,0,0,0,0,0,31,0,0,,MO
2009Darell Scott,ScotDo99,2009,4,103,STL,Darell Scott,No,DT,DT,23,0,0,33,0,0,0,0,0,0,0,0,0,0,0,43,0,0,,MO
2009Kaluka Maiava,MaiaKa99,2009,4,104,CLE,Kaluka Maiava,No,LB,LB,22,0,0,63,0,0,0,0,0,0,0,0,0,0,0,99,0,0,,OH
2009Henry Melton,MeltHe99,2009,4,105,CHI,Henry Melton,No,DE,DE,22,0,1,80,0,0,0,0,0,0,0,0,0,0,0,91,0,0,,IL
2009Jonathan Luigs,LuigJo20,2009,4,106,CIN,Jonathan Luigs,No,C,C,23,0,0,8,0,0,0,0,0,0,0,0,0,0,0,0,0,0,,OH
2009Mike Thomas,ThomMi01,2009,4,107,JAX,Mike Thomas,No,WR,WR,22,0,0,61,0,0,0,0,0,34,268,0,176,1796,7,6,0,0,,FL
2009Brian Hartline,HartBr00,2009,4,108,MIA,Brian Hartline,No,WR,WR,22,0,0,104,0,0,0,0,0,7,65,1,344,4766,14,13,0,0,,FL
2009T.J. Lang,LangT.20,2009,4,109,GNB,T.J. Lang,No,T,T,22,0,0,115,0,0,0,0,0,0,0,0,0,0,0,8,0,0,,WI
2009Victor Butler,ButlVi99,2009,4,110,DAL,Victor Butler,No,LB,LB,22,0,0,65,0,0,0,0,0,0,0,0,0,0,0,51,0,0,,TX
2009Mike Goodson,GoodMi00,2009,4,111,CAR,Mike Goodson,No,RB,RB,22,0,0,42,0,0,0,0,0,167,783,3,61,543,1,5,0,0,,NC
2009Glover Quin,QuinGl99,2009,4,112,HOU,Glover Quin,No,DB,DB,23,0,1,122,0,0,0,0,0,0,0,0,0,0,0,448,0,0,,TX
2009Vaughn Martin,MartVa99,2009,4,113,SDG,Vaughn Martin,No,DT,DT,23,0,0,51,0,0,0,0,0,0,0,0,0,0,0,47,0,0,,CA
2009David Bruton,BrutDa99,2009,4,114,DEN,David Bruton,No,DB,DB,22,0,0,108,0,0,0,0,0,2,48,0,0,0,0,125,0,0,,CO
2009Sammie Lee Hill,HillSa99,2009,4,115,DET,Sammie Lee Hill,No,DT,DT,22,0,0,97,0,0,0,0,0,0,0,0,0,0,0,102,0,0,,MI
2009Chip Vaughn,VaugCh99,2009,4,116,NOR,Chip Vaughn,No,DB,DB,23,0,0,3,0,0,0,0,0,0,0,0,0,0,0,0,0,0,,LA
2009Kyle Moore,MoorKy99,2009,4,117,TAM,Kyle Moore,No,DE,DE,22,0,0,31,0,0,0,0,0,0,0,0,0,0,0,36,0,0,,FL
2009Stanley Arnoux,ArnoSt99,2009,4,118,NOR,Stanley Arnoux,No,LB,LB,23,0,0,9,0,0,0,0,0,0,0,0,0,0,0,0,0,0,,LA
2009D.J. Moore,MoorDJ99,2009,4,119,CHI,D.J. Moore,No,DB,DB,22,0,0,47,0,0,0,0,0,0,0,0,0,0,0,97,0,0,,IL
2009Brandon Williams,WillBr95,2009,4,120,DAL,Brandon Williams,No,DE,DE,21,0,0,6,0,0,0,0,0,0,0,0,0,0,0,4,0,0,,TX
2009Shawn Nelson,NelsSh00,2009,4,121,BUF,Shawn Nelson,No,TE,TE,23,0,0,17,0,0,0,0,0,0,0,0,20,181,1,2,0,0,,NY
2009Anthony Hill,HillAn00,2009,4,122,HOU,Anthony Hill,No,TE,TE,24,0,0,12,0,0,0,0,0,0,0,0,3,19,0,0,0,0,,TX
2009Rich Ohrnberger,OhrnRi20,2009,4,123,NWE,Rich Ohrnberger,No,G,G,23,0,0,39,0,0,0,0,0,0,0,0,0,0,0,0,0,0,,MA
2009Louis Murphy,MurpLo00,2009,4,124,OAK,Louis Murphy,No,WR,WR,22,0,0,88,0,0,0,0,0,14,146,1,162,2322,10,7,0,0,,CA
2009Lawrence Sidbury,SidbLa99,2009,4,125,ATL,Lawrence Sidbury,No,DE,DE,23,0,0,50,0,0,0,0,0,0,0,0,0,0,0,15,0,0,,GA
2009Slade Norris,NorrSl99,2009,4,126,OAK,Slade Norris,No,DE,DE,23,0,0,9,0,0,0,0,0,0,0,0,0,0,0,0,0,0,,CA
2009Austin Collie,CollAu00,2009,4,127,IND,Austin Collie,No,WR,WR,23,0,0,49,0,0,0,0,0,2,1,0,179,1908,16,3,0,0,,IN
2009Tony Fiammetta,FiamTo00,2009,4,128,CAR,Tony Fiammetta,No,RB,RB,23,0,0,51,0,0,0,0,0,11,26,0,12,130,0,3,0,0,,NC
2009Andre Brown,BrowAn03,2009,4,129,NYG,Andre Brown,No,RB,RB,22,0,0,22,0,0,0,0,0,214,876,11,32,189,0,3,0,0,,NY
2009Gerald McRath,McRaGe99,2009,4,130,TEN,Gerald McRath,No,LB,LB,23,0,0,40,0,0,0,0,0,0,0,0,0,0,0,79,0,0,,TN
2009Greg Toler,ToleGr99,2009,4,131,ARI,Greg Toler,No,DB,DB,24,0,0,83,0,0,0,0,0,0,0,0,0,0,0,244,0,0,,AZ
2009Seth Olsen,OlseSe20,2009,4,132,DEN,Seth Olsen,No,G,G,23,0,0,14,0,0,0,0,0,0,0,0,0,0,0,0,0,0,,CO
2009Tyronne Green,GreeTy20,2009,4,133,SDG,Tyronne Green,No,G,G,23,0,0,41,0,0,0,0,0,0,0,0,0,0,0,0,0,0,,CA
2009Gartrell Johnson,JohnGa01,2009,4,134,SDG,Gartrell Johnson,No,RB,RB,23,0,0,19,0,0,0,0,0,23,79,0,3,6,0,1,0,0,,CA
2009Troy Kropog,KropTr20,2009,4,135,TEN,Troy Kropog,No,T,T,23,0,0,7,0,0,0,0,0,0,0,0,0,0,0,0,0,0,,TN
2009Terrance Taylor,0,2009,4,136,IND,Terrance Taylor,No,DT,DT,0,0,0,0,0,0,0,0,0,0,0,0,0,0,0,0,0,0,,IN
2009Jason Phillips,PhilJa99,2009,5,137,BAL,Jason Phillips,No,LB,LB,23,0,0,29,0,0,0,0,0,0,0,0,0,0,0,25,0,0,,MD
2009William Middleton,MiddWi98,2009,5,138,ATL,William Middleton,No,DB,DB,23,0,0,49,0,0,0,0,0,0,0,0,0,0,0,85,0,0,,GA
2009Colin Brown,BrowCo23,2009,5,139,KAN,Colin Brown,No,T,T,24,0,0,18,0,0,0,0,0,0,0,0,0,0,0,0,0,0,,MO
2009Johnny Knox,KnoxJo00,2009,5,140,CHI,Johnny Knox,No,WR,WR,22,0,1,45,0,0,0,0,0,1,2,0,133,2214,12,12,0,0,,IL
2009Kenny McKinley,McKiKe00,2009,5,141,DEN,Kenny McKinley,No,WR,WR,22,0,0,8,0,0,0,0,0,0,0,0,0,0,0,0,0,0,,CO
2009Kevin Huber,HubeKe20,2009,5,142,CIN,Kevin Huber,No,P,P,24,0,1,120,0,0,0,0,0,3,-1,0,0,0,0,0,0,0,,OH
2009DeAngelo Smith,SmitDe98,2009,5,143,DAL,DeAngelo Smith,No,DB,DB,23,0,0,7,0,0,0,0,0,0,0,0,0,0,0,6,0,0,,TX
2009Jarett Dillard,DillJa00,2009,5,144,JAX,Jarett Dillard,No,WR,WR,23,0,0,21,0,0,0,0,0,0,0,0,35,398,1,1,0,0,,FL
2009Quinn Johnson,JohnQu00,2009,5,145,GNB,Quinn Johnson,No,RB,RB,23,0,0,44,0,0,0,0,0,4,5,0,13,100,0,1,0,0,,WI
2009Scott McKillop,McKiSc99,2009,5,146,SFO,Scott McKillop,No,LB,LB,23,0,0,16,0,0,0,0,0,0,0,0,0,0,0,3,0,0,,CA
2009Nic Harris,HarrNi99,2009,5,147,BUF,Nic Harris,No,LB,LB,22,0,0,30,0,0,0,0,0,0,0,0,0,0,0,24,0,0,,NY
2009Brandon Hughes,HughBr99,2009,5,148,SDG,Brandon Hughes,No,DB,DB,23,0,0,31,0,0,0,0,0,0,0,0,0,0,0,15,0,0,,CA
2009Davon Drew,DrewDa00,2009,5,149,BAL,Davon Drew,No,TE,TE,23,0,0,0,0,0,0,0,0,0,0,0,0,0,0,0,0,0,,MD
2009Jasper Brinkley,BrinJa99,2009,5,150,MIN,Jasper Brinkley,No,LB,LB,24,0,0,94,0,0,0,0,0,0,0,0,0,0,0,212,0,0,,MN
2009Rhett Bomar,BomaRh00,2009,5,151,NYG,Rhett Bomar,No,QB,QB,24,0,0,0,0,0,0,0,0,0,0,0,0,0,0,0,0,0,,NY
2009James Casey,CaseJa00,2009,5,152,HOU,James Casey,No,TE,TE,25,0,0,95,0,0,0,0,0,2,17,0,72,842,6,18,0,0,,TX
2009Cornelius Ingram,IngrCo00,2009,5,153,PHI,Cornelius Ingram,No,TE,TE,24,0,0,0,0,0,0,0,0,0,0,0,0,0,0,0,0,0,,PA
2009Marcus Freeman,0,2009,5,154,CHI,Marcus Freeman,No,LB,LB,0,0,0,0,0,0,0,0,0,0,0,0,0,0,0,0,0,0,,IL
2009Xavier Fulton,FultXa20,2009,5,155,TAM,Xavier Fulton,No,T,T,23,0,0,0,0,0,0,0,0,0,0,0,0,0,0,0,0,0,,FL
2009Garrett Reynolds,ReynGa20,2009,5,156,ATL,Garrett Reynolds,No,T,T,22,0,0,67,0,0,0,0,0,0,0,0,0,0,0,3,0,0,,GA
2009Victor Harris,HarrVi99,2009,5,157,PHI,Victor Harris,No,DB,DB,23,0,0,18,0,0,0,0,0,0,0,0,0,0,0,34,0,0,,PA
2009Cody Glenn,GlenCo99,2009,5,158,WAS,Cody Glenn,No,LB,LB,22,0,0,19,0,0,0,0,0,0,0,0,0,0,0,3,0,0,,DC
2009Fenuki Tupou,TupoFe20,2009,5,159,PHI,Fenuki Tupou,No,T,T,24,0,0,0,0,0,0,0,0,0,0,0,0,0,0,0,0,0,,PA
2009Brooks Foster,FostBr00,2009,5,160,STL,Brooks Foster,No,WR,WR,23,0,0,0,0,0,0,0,0,0,0,0,0,0,0,0,0,0,,MO
2009John Nalbone,NalbJo00,2009,5,161,MIA,John Nalbone,No,TE,TE,23,0,0,2,0,0,0,0,0,0,0,0,0,0,0,0,0,0,,FL
2009Jamon Meredith,MereJa20,2009,5,162,GNB,Jamon Meredith,No,T,T,23,0,0,67,0,0,0,0,0,0,0,0,0,0,0,0,0,0,,WI
2009Duke Robinson,RobiDu21,2009,5,163,CAR,Duke Robinson,No,G,G,22,0,0,0,0,0,0,0,0,0,0,0,0,0,0,0,0,0,,NC
2009Thomas Morstead,MorsTh00,2009,5,164,NOR,Thomas Morstead,No,P,P,23,0,1,120,0,0,0,0,0,0,0,0,0,0,0,4,0,0,,LA
2009Chris Clemons,ClemCh97,2009,5,165,MIA,Chris Clemons,No,DB,DB,24,0,0,80,0,0,0,0,0,1,3,0,0,0,0,208,0,0,,FL
2009Michael Hamlin,HamlMi99,2009,5,166,DAL,Michael Hamlin,No,DB,DB,23,0,0,12,0,0,0,0,0,0,0,0,0,0,0,11,0,0,,TX
2009Herman Johnson,JohnHe23,2009,5,167,ARI,Herman Johnson,No,T,T,24,0,0,0,0,0,0,0,0,0,0,0,0,0,0,0,0,0,,AZ
2009Joe Burnett,BurnJo99,2009,5,168,PIT,Joe Burnett,No,DB,DB,22,0,0,15,0,0,0,0,0,0,0,0,0,0,0,3,0,0,,PA
2009Frank Summers,SummFr00,2009,5,169,PIT,Frank Summers,No,RB,RB,24,0,0,27,0,0,0,0,0,18,63,2,12,88,1,0,0,0,,PA
2009George Bussey,BussGe21,2009,5,170,NWE,George Bussey,No,T,T,24,0,0,0,0,0,0,0,0,0,0,0,0,0,0,0,0,0,,MA
2009Nate Davis,DaviNa00,2009,5,171,SFO,Nate Davis,No,QB,QB,22,0,0,0,0,0,0,0,0,0,0,0,0,0,0,0,0,0,,CA
2009David Buehler,BuehDa44,2009,5,172,DAL,David Buehler,No,K,K,22,0,0,36,0,0,0,0,0,0,0,0,0,0,0,0,0,0,,TX
2009Javon Ringer,RingJa00,2009,5,173,TEN,Javon Ringer,No,RB,RB,22,0,0,37,0,0,0,0,0,120,486,3,38,243,0,1,0,0,,TN
2009Tom Brandstater,BranTo00,2009,6,174,DEN,Tom Brandstater,No,QB,QB,24,0,0,1,0,2,0,0,0,0,0,0,0,0,0,0,0,0,,CO
2009Quinten Lawrence,LawrQu00,2009,6,175,KAN,Quinten Lawrence,No,WR,WR,25,0,0,6,0,0,0,0,0,2,42,0,1,9,0,0,0,0,,MO
2009Spencer Adkins,AdkiSp99,2009,6,176,ATL,Spencer Adkins,No,LB,LB,22,0,0,24,0,0,0,0,0,0,0,0,0,0,0,6,0,0,,GA
2009Don Carey,CareDo00,2009,6,177,CLE,Don Carey,No,DB,DB,22,0,0,82,0,0,0,0,0,0,0,0,0,0,0,115,0,0,,OH
2009Mike Teel,TeelMi00,2009,6,178,SEA,Mike Teel,No,QB,QB,23,0,0,0,0,0,0,0,0,0,0,0,0,0,0,0,0,0,,WA
2009Morgan Trent,TrenMo99,2009,6,179,CIN,Morgan Trent,No,DB,DB,23,0,0,36,0,0,0,0,0,0,0,0,0,0,0,48,0,0,,OH
2009Zach Miller,MillZa02,2009,6,180,JAX,Zach Miller,No,TE,TE,24,0,0,58,0,0,0,0,0,3,12,0,126,1395,13,1,0,0,,FL
2009Andrew Gardner,GardAn20,2009,6,181,MIA,Andrew Gardner,No,T,T,23,0,0,27,0,0,0,0,0,0,0,0,0,0,0,2,0,0,,FL
2009Jarius Wynn,WynnJa99,2009,6,182,GNB,Jarius Wynn,No,DE,DE,23,0,0,69,0,0,0,0,0,0,0,0,0,0,0,44,0,0,,WI
2009Cary Harris,HarrCa99,2009,6,183,BUF,Cary Harris,No,DB,DB,22,0,0,6,0,0,0,0,0,0,0,0,0,0,0,1,0,0,,NY
2009Bear Pascoe,PascBe00,2009,6,184,SFO,Bear Pascoe,No,TE,TE,23,0,0,85,0,0,0,0,0,1,2,0,40,336,2,1,0,0,,CA
2009Cedric Peerman,PeerCe00,2009,6,185,BAL,Cedric Peerman,No,RB,RB,22,0,1,86,0,0,0,0,0,64,334,1,13,123,0,29,0,0,,MD
2009Robert Henson,HensRo99,2009,6,186,WAS,Robert Henson,No,LB,LB,23,0,0,6,0,0,0,0,0,0,0,0,0,0,0,1,0,0,,DC
2009Brandon Underwood,UndeBr99,2009,6,187,GNB,Brandon Underwood,No,DB,DB,23,0,0,23,0,0,0,0,0,0,0,0,0,0,0,5,0,0,,WI
2009Brice McCain,McCaBr99,2009,6,188,HOU,Brice McCain,No,DB,DB,22,0,0,111,0,0,0,0,0,0,0,0,0,0,0,162,0,0,,TX
2009Kevin Ellison,ElliKe98,2009,6,189,SDG,Kevin Ellison,No,LB,LB,22,0,0,13,0,0,0,0,0,0,0,0,0,0,0,41,0,0,,CA
2009Al Afalava,AfalAl99,2009,6,190,CHI,Al Afalava,No,DB,DB,22,0,0,29,0,0,0,0,0,0,0,0,0,0,0,51,0,0,,IL
2009Coye Francies,FranCo99,2009,6,191,CLE,Coye Francies,No,DB,DB,22,0,0,23,0,0,0,0,0,0,0,0,0,0,0,3,0,0,,OH
2009Aaron Brown,BrowAa00,2009,6,192,DET,Aaron Brown,No,RB,RB,23,0,0,22,0,0,0,0,0,45,189,0,18,138,1,0,0,0,,MI
2009Matt Slauson,SlauMa20,2009,6,193,NYJ,Matt Slauson,No,G,G,23,0,0,95,0,0,0,0,0,0,0,0,1,1,0,3,0,0,,NY
2009Brandon Gibson,GibsBr00,2009,6,194,PHI,Brandon Gibson,No,WR,WR,22,0,0,76,0,0,0,0,0,5,44,0,233,2711,13,6,0,0,,PA
2009James Davis,DaviJa03,2009,6,195,CLE,James Davis,No,RB,RB,23,0,0,9,0,0,0,0,0,28,75,0,8,50,0,0,0,0,,OH
2009Keith Null,NullKe00,2009,6,196,STL,Keith Null,No,QB,QB,24,0,0,4,73,119,566,3,9,5,6,0,0,0,0,0,0,0,,MO
2009Stephen Hodge,HodgSt99,2009,6,197,DAL,Stephen Hodge,No,DB,DB,22,0,0,0,0,0,0,0,0,0,0,0,0,0,0,0,0,0,,TX
2009Jake Ingram,IngrJa20,2009,6,198,NWE,Jake Ingram,No,C,C,23,0,0,25,0,0,0,0,0,0,0,0,0,0,0,0,0,0,,MA
2009Stryker Sulak,0,2009,6,199,OAK,Stryker Sulak,No,DE,DE,0,0,0,0,0,0,0,0,0,0,0,0,0,0,0,0,0,0,,CA
2009DeAndre Wright,WrigDe99,2009,6,200,NYG,DeAndre Wright,No,DB,DB,23,0,0,0,0,0,0,0,0,0,0,0,0,0,0,0,0,0,,NY
2009Curtis Painter,PainCu00,2009,6,201,IND,Curtis Painter,No,QB,QB,24,0,0,14,148,287,1681,6,13,23,109,0,0,0,0,1,0,0,,IN
2009Brandon Myers,MyerBr00,2009,6,202,OAK,Brandon Myers,No,TE,TE,24,0,0,109,0,0,0,0,0,0,0,0,196,1924,9,2,0,0,,CA
2009Jason McCourty,McCoJa99,2009,6,203,TEN,Jason McCourty,No,DB,DB,22,0,0,105,0,0,0,0,0,0,0,0,0,0,0,397,0,0,,TN
2009Will Davis,DaviWi99,2009,6,204,ARI,Will Davis,No,DE,DE,23,0,0,21,0,0,0,0,0,0,0,0,0,0,0,16,0,0,,AZ
2009Ra'Shon Harris,HarrRa99,2009,6,205,PIT,Ra'Shon Harris,No,DT,DT,23,0,0,2,0,0,0,0,0,0,0,0,0,0,0,0,0,0,,PA
2009Dominique Edison,EdisDo00,2009,6,206,TEN,Dominique Edison,No,WR,WR,23,0,0,5,0,0,0,0,0,0,0,0,0,0,0,0,0,0,,TN
2009Myron Pryor,PryoMy99,2009,6,207,NWE,Myron Pryor,No,DT,DT,23,0,0,24,0,0,0,0,0,0,0,0,0,0,0,20,0,0,,MA
2009John Phillips,PhilJo00,2009,6,208,DAL,John Phillips,No,TE,TE,22,0,0,105,0,0,0,0,0,0,0,0,51,358,5,11,0,0,,TX
2009Bernard Scott,ScotBe00,2009,6,209,CIN,Bernard Scott,No,RB,RB,25,0,0,49,0,1,0,0,0,259,1049,4,31,175,0,1,0,0,,OH
2009Vance Walker,WalkVa99,2009,7,210,ATL,Vance Walker,No,DT,DT,22,0,0,104,0,0,0,0,0,0,0,0,0,0,0,116,0,0,,GA
2009Chris Ogbonnaya,OgboCh00,2009,7,211,STL,Chris Ogbonnaya,No,RB,RB,23,0,0,53,0,0,0,0,0,158,710,2,96,714,2,6,0,0,,MO
2009Javarris Williams,WillJa05,2009,7,212,KAN,Javarris Williams,No,RB,RB,23,0,0,4,0,0,0,0,0,6,6,0,0,0,0,0,0,0,,MO
2009Paul Fanaika,FanaPa20,2009,7,213,PHI,Paul Fanaika,No,G,G,23,0,0,33,0,0,0,0,0,0,0,0,0,0,0,4,0,0,,PA
2009J.D. Folsom,FolsJ.99,2009,7,214,MIA,J.D. Folsom,No,LB,LB,25,0,0,2,0,0,0,0,0,0,0,0,0,0,0,0,0,0,,FL
2009Fui Vakapuna,VakaFu00,2009,7,215,CIN,Fui Vakapuna,No,RB,RB,25,0,0,0,0,0,0,0,0,0,0,0,0,0,0,0,0,0,,OH
2009Captain Munnerlyn,MunnCa99,2009,7,216,CAR,Captain Munnerlyn,No,DB,DB,21,0,0,119,0,0,0,0,0,0,0,0,0,0,0,344,0,0,,NC
2009E.J. Biggers,BiggE.99,2009,7,217,TAM,E.J. Biggers,No,DB,DB,22,0,0,92,0,0,0,0,0,0,0,0,0,0,0,216,0,0,,FL
2009Brad Jones,JoneBr99,2009,7,218,GNB,Brad Jones,No,LB,LB,23,0,0,83,0,0,0,0,0,0,0,0,0,0,0,186,0,0,,WI
2009Curtis Taylor,TaylCu99,2009,7,219,SFO,Curtis Taylor,No,DB,DB,24,0,0,13,0,0,0,0,0,0,0,0,0,0,0,0,0,0,,CA
2009Ellis Lankster,LankEl99,2009,7,220,BUF,Ellis Lankster,No,DB,DB,22,0,0,49,0,0,0,0,0,0,0,0,0,0,0,45,0,0,,NY
2009Eddie Williams,WillEd00,2009,7,221,WAS,Eddie Williams,No,RB,RB,22,0,0,13,0,0,0,0,0,2,2,0,1,17,0,0,0,0,,DC
2009Pat McAfee,McAfPa44,2009,7,222,IND,Pat McAfee,No,K,K,22,1,1,122,1,2,35,0,0,1,18,0,0,0,0,6,0,0,,IN
2009Troy Nolan,NolaTr99,2009,7,223,HOU,Troy Nolan,No,DB,DB,23,0,0,38,0,0,0,0,0,0,0,0,0,0,0,56,0,0,,TX
2009Demetrius Byrd,0,2009,7,224,SDG,Demetrius Byrd,No,WR,WR,0,0,0,0,0,0,0,0,0,0,0,0,0,0,0,0,0,0,,CA
2009Blake Schlueter,SchlBl20,2009,7,225,DEN,Blake Schlueter,No,C,C,23,0,0,0,0,0,0,0,0,0,0,0,0,0,0,0,0,0,,CO
2009A.Q. Shipley,ShipA.20,2009,7,226,PIT,A.Q. Shipley,No,C,C,23,0,0,67,0,0,0,0,0,0,0,0,0,0,0,0,0,0,,PA
2009Mike Mickens,MickMi99,2009,7,227,DAL,Mike Mickens,No,DB,DB,22,0,0,0,0,0,0,0,0,0,0,0,0,0,0,0,0,0,,TX
2009Lydon Murtha,MurtLy20,2009,7,228,DET,Lydon Murtha,No,T,T,23,0,0,9,0,0,0,0,0,0,0,0,0,0,0,0,0,0,,MI
2009Manuel Johnson,JohnMa04,2009,7,229,DAL,Manuel Johnson,No,WR,WR,22,0,0,2,0,0,0,0,0,0,0,0,1,6,0,0,0,0,,TX
2009Moise Fokou,FokoMo99,2009,7,230,PHI,Moise Fokou,No,LB,LB,24,0,0,73,0,0,0,0,0,0,0,0,0,0,0,151,0,0,,PA
2009Jamarca Sanford,SanfJa99,2009,7,231,MIN,Jamarca Sanford,No,DB,DB,24,0,0,95,0,0,0,0,0,0,0,0,0,0,0,188,0,0,,MN
2009Julian Edelman,EdelJu00,2009,7,232,NWE,Julian Edelman,No,WR,WR,23,0,0,97,0,0,0,0,0,38,251,0,383,3968,23,17,0,0,,MA
2009Sammie Stroughter,StroSa00,2009,7,233,TAM,Sammie Stroughter,No,WR,WR,23,0,0,33,0,0,0,0,0,1,2,0,60,639,1,4,0,0,,FL
2009Darryl Richard,RichDa97,2009,7,234,NWE,Darryl Richard,No,DT,DT,23,0,0,0,0,0,0,0,0,0,0,0,0,0,0,0,0,0,,MA
2009Zack Follett,FollZa99,2009,7,235,DET,Zack Follett,No,LB,LB,22,0,0,17,0,0,0,0,0,0,0,0,0,0,0,8,0,0,,MI
2009Jaimie Thomas,ThomJa22,2009,7,236,IND,Jaimie Thomas,No,T,T,23,0,0,8,0,0,0,0,0,0,0,0,0,0,0,0,0,0,,IN
2009Jake O'Connell,OConJa00,2009,7,237,KAN,Jake O'Connell,No,TE,TE,23,0,0,35,0,0,0,0,0,0,0,0,15,108,0,1,0,0,,MO
2009Stoney Woodson,0,2009,7,238,NYG,Stoney Woodson,No,DB,DB,0,0,0,0,0,0,0,0,0,0,0,0,0,0,0,0,0,0,,NY
2009Ryan Durand,DuraRy20,2009,7,239,TEN,Ryan Durand,No,G,G,23,0,0,1,0,0,0,0,0,0,0,0,0,0,0,0,0,0,,TN
2009LaRod Stephens-Howling,StepLa00,2009,7,240,ARI,LaRod Stephens-Howling,No,RB,RB,22,0,0,58,0,0,0,0,0,189,671,5,58,545,3,2,0,0,,AZ
2009David Johnson,JohnDa05,2009,7,241,PIT,David Johnson,No,TE,TE,22,0,0,93,0,0,0,0,0,2,4,0,29,277,1,0,0,0,,PA
2009Nick Schommer,SchoNi99,2009,7,242,TEN,Nick Schommer,No,DB,DB,23,0,0,13,0,0,0,0,0,0,0,0,0,0,0,0,0,0,,TN
2009Marko Mitchell,MitcMa00,2009,7,243,WAS,Marko Mitchell,No,WR,WR,24,0,0,10,0,0,0,0,0,0,0,0,4,32,0,0,0,0,,DC
2009Ricky Jean-Francois,JeanRi99,2009,7,244,SFO,Ricky Jean-Francois,No,DT,DT,22,0,0,104,0,0,0,0,0,0,0,0,0,0,0,84,0,0,,CA
2009Courtney Greene,GreeCo99,2009,7,245,SEA,Courtney Greene,No,DB,DB,22,0,0,30,0,0,0,0,0,0,0,0,0,0,0,60,0,0,,WA
2009Lance Louis,LouiLa20,2009,7,246,CHI,Lance Louis,No,G,G,24,0,0,61,0,0,0,0,0,0,0,0,1,4,0,7,0,0,,IL
2009Nick Reed,ReedNi99,2009,7,247,SEA,Nick Reed,No,DE,DE,22,0,0,26,0,0,0,0,0,0,0,0,0,0,0,10,0,0,,WA
2009Cameron Morrah,MorrCa00,2009,7,248,SEA,Cameron Morrah,No,TE,TE,22,0,0,27,0,0,0,0,0,1,1,0,16,194,0,0,0,0,,WA
2009Clinton McDonald,McDoCl99,2009,7,249,CIN,Clinton McDonald,No,DT,DT,22,0,0,77,0,0,0,0,0,0,0,0,0,0,0,136,0,0,,OH
2009Rashad Jennings,JennRa00,2009,7,250,JAX,Rashad Jennings,No,RB,RB,24,0,0,87,0,0,0,0,0,849,3519,22,176,1407,1,4,0,0,,FL
2009Derek Kinder,0,2009,7,251,CHI,Derek Kinder,No,WR,WR,0,0,0,0,0,0,0,0,0,0,0,0,0,0,0,0,0,0,,IL
2009Freddie Brown,0,2009,7,252,CIN,Freddie Brown,No,WR,WR,0,0,0,0,0,0,0,0,0,0,0,0,0,0,0,0,0,0,,OH
2009Tiquan Underwood,UndeTi00,2009,7,253,JAX,Tiquan Underwood,No,WR,WR,22,0,0,45,0,0,0,0,0,1,1,0,63,1006,6,5,0,0,,FL
2009Trevor Canfield,CanfTr20,2009,7,254,ARI,Trevor Canfield,No,G,G,23,0,0,0,0,0,0,0,0,0,0,0,0,0,0,0,0,0,,AZ
2009Dan Gronkowski,GronDa00,2009,7,255,DET,Dan Gronkowski,No,TE,TE,24,0,0,21,0,0,0,0,0,0,0,0,9,69,0,0,0,0,,MI
2009Ryan Succop,SuccRy44,2009,7,256,KAN,Ryan Succop,No,K,K,23,0,0,123,0,0,0,0,0,0,0,0,0,0,0,2,0,0,,MO
2008Jake Long,LongJa20,2008,1,1,MIA,Jake Long,No,T,T,23,1,4,104,0,0,0,0,0,0,0,0,0,0,0,4,0,0,Michigan,FL
2008Chris Long,LongCh99,2008,1,2,STL,Chris Long,No,DE,DE,23,0,0,124,0,0,0,0,0,0,0,0,0,0,0,209,0,55.5,Virginia,MO
2008Matt Ryan,RyanMa00,2008,1,3,ATL,Matt Ryan,No,QB,QB,23,0,3,136,3151,4876,36004,226,112,307,832,5,0,0,0,1,0,0,Boston Col.,GA
2008Darren McFadden,McFaDa00,2008,1,4,OAK,Darren McFadden,No,RB,RB,21,0,0,100,1,4,16,1,0,1277,5336,28,251,2097,5,12,0,0,Arkansas,CA
2008Glenn Dorsey,DorsGl99,2008,1,5,KAN,Glenn Dorsey,No,DT,DT,23,0,0,99,0,0,0,0,0,0,0,0,0,0,0,215,0,7,LSU,MO
2008Vernon Gholston,GholVe99,2008,1,6,NYJ,Vernon Gholston,No,DE,DE,22,0,0,45,0,0,0,0,0,0,0,0,0,0,0,16,0,0,Ohio St.,NY
2008Sedrick Ellis,ElliSe99,2008,1,7,NOR,Sedrick Ellis,No,DT,DT,23,0,0,70,0,0,0,0,0,0,0,0,0,0,0,100,0,12.5,USC,LA
2008Derrick Harvey,HarvDe99,2008,1,8,JAX,Derrick Harvey,No,DE,DE,21,0,0,52,0,0,0,0,0,0,0,0,0,0,0,72,1,8,Florida,FL
2008Keith Rivers,RiveKe99,2008,1,9,CIN,Keith Rivers,No,LB,LB,22,0,0,74,0,0,0,0,0,0,0,0,0,0,0,183,2,3,USC,OH
2008Jerod Mayo,MayoJe99,2008,1,10,NWE,Jerod Mayo,No,LB,LB,22,1,2,103,0,0,0,0,0,0,0,0,0,0,0,535,3,11,Tennessee,MA
2008Leodis McKelvin,McKeLe99,2008,1,11,BUF,Leodis McKelvin,No,DB,DB,23,0,0,105,0,0,0,0,0,0,0,0,0,0,0,268,14,0,Troy,NY
2008Ryan Clady,CladRy20,2008,1,12,DEN,Ryan Clady,No,T,T,22,2,4,107,0,0,0,0,0,0,0,0,0,0,0,4,0,0,Boise St.,CO
2008Jonathan Stewart,StewJo00,2008,1,13,CAR,Jonathan Stewart,No,RB,RB,21,0,1,110,0,0,0,0,0,1393,6179,41,150,1223,6,8,0,0,Oregon,NC
2008Chris Williams,WillCh25,2008,1,14,CHI,Chris Williams,No,T,T,23,0,0,79,0,0,0,0,0,0,0,0,1,4,0,2,0,0,Vanderbilt,IL
2008Branden Albert,AlbeBr20,2008,1,15,KAN,Branden Albert,No,G,G,23,0,2,115,0,0,0,0,0,0,0,0,0,0,0,5,0,0,Virginia,MO
2008Dominique Rodgers-Cromartie,RodgDo99,2008,1,16,ARI,Dominique Rodgers-Cromartie,No,DB,DB,22,0,2,132,0,0,0,0,0,0,0,0,0,0,0,340,26,1,Tennessee St.,AZ
2008Gosder Cherilus,CherGo20,2008,1,17,DET,Gosder Cherilus,No,T,T,24,0,0,126,0,0,0,0,0,0,0,0,0,0,0,3,0,0,Boston Col.,MI
2008Joe Flacco,FlacJo00,2008,1,18,BAL,Joe Flacco,No,QB,QB,23,0,0,132,2739,4484,30965,172,111,297,693,15,2,35,0,6,0,0,Delaware,MD
2008Jeff Otah,OtahJe20,2008,1,19,CAR,Jeff Otah,No,T,T,22,0,0,29,0,0,0,0,0,0,0,0,0,0,0,2,0,0,Pittsburgh,NC
2008Aqib Talib,TaliAq99,2008,1,20,TAM,Aqib Talib,No,DB,DB,22,0,3,114,0,0,0,0,0,0,0,0,0,0,0,324,33,1,Kansas,FL
2008Sam Baker,BakeSa21,2008,1,21,ATL,Sam Baker,No,T,T,23,0,0,75,0,0,0,0,0,0,0,0,0,0,0,3,0,0,USC,GA
2008Felix Jones,JoneFe00,2008,1,22,DAL,Felix Jones,No,RB,RB,21,0,0,80,0,0,0,0,0,617,2912,11,137,1129,3,4,0,0,Arkansas,TX
2008Rashard Mendenhall,MendRa00,2008,1,23,PIT,Rashard Mendenhall,No,RB,RB,21,0,0,72,0,0,0,0,0,1081,4236,37,95,795,2,6,0,0,Illinois,PA
2008Chris Johnson,JohnCh04,2008,1,24,TEN,Chris Johnson,No,RB,RB,23,1,3,126,0,1,0,0,0,2118,9537,55,302,2212,9,8,0,0,East Carolina,TN
2008Mike Jenkins,JenkMi99,2008,1,25,DAL,Mike Jenkins,No,DB,DB,23,0,1,101,0,0,0,0,0,0,0,0,0,0,0,218,10,0,South Florida,TX
2008Duane Brown,BrowDu20,2008,1,26,HOU,Duane Brown,No,T,T,23,1,3,126,0,0,0,0,0,0,0,0,0,0,0,6,0,0,Virginia Tech,TX
2008Antoine Cason,CasoAn99,2008,1,27,SDG,Antoine Cason,No,DB,DB,22,0,0,110,0,0,0,0,0,0,0,0,0,0,0,302,16,0,Arizona,CA
2008Lawrence Jackson,JackLa98,2008,1,28,SEA,Lawrence Jackson,No,DE,DE,23,0,0,69,0,0,0,0,0,0,0,0,0,0,0,97,0,19.5,USC,WA
2008Kentwan Balmer,BalmKe99,2008,1,29,SFO,Kentwan Balmer,No,DT,DT,21,0,0,46,0,0,0,0,0,0,0,0,0,0,0,39,0,0,North Carolina,CA
2008Dustin Keller,KellDu00,2008,1,30,NYJ,Dustin Keller,No,TE,TE,24,0,0,72,0,0,0,0,0,1,7,0,241,2876,17,7,0,0,Purdue,NY
2008Kenny Phillips,PhilKe99,2008,1,31,NYG,Kenny Phillips,No,DB,DB,21,0,0,59,0,0,0,0,0,0,0,0,0,0,0,208,8,0,Miami (FL),NY
2008Phillip Merling,MerlPh99,2008,2,32,MIA,Phillip Merling,No,DE,DE,23,0,0,53,0,0,0,0,0,0,0,0,0,0,0,53,1,3.5,Clemson,FL
2008Donnie Avery,AverDo00,2008,2,33,STL,Donnie Avery,No,WR,WR,24,0,0,77,0,0,0,0,0,20,114,1,218,2861,14,5,0,0,Houston,MO
2008Devin Thomas,ThomDe02,2008,2,34,WAS,Devin Thomas,No,WR,WR,21,0,0,55,0,0,0,0,0,6,51,1,43,482,3,1,0,0,Michigan St.,DC
2008Brandon Flowers,FlowBr99,2008,2,35,KAN,Brandon Flowers,No,DB,DB,22,0,1,119,0,0,0,0,0,0,0,0,0,0,0,429,21,3,Virginia Tech,MO
2008Jordy Nelson,NelsJo00,2008,2,36,GNB,Jordy Nelson,No,WR,WR,23,0,1,115,0,0,0,0,0,0,0,0,453,6772,58,6,0,0,Kansas St.,WI
2008Curtis Lofton,LoftCu99,2008,2,37,ATL,Curtis Lofton,No,LB,LB,22,0,0,128,0,0,0,0,0,0,0,0,0,0,0,667,3,8,Oklahoma,GA
2008John Carlson,CarlJo00,2008,2,38,SEA,John Carlson,No,TE,TE,24,0,0,90,0,0,0,0,0,0,0,0,210,2256,15,14,0,0,Notre Dame,WA
2008Chilo Rachal,RachCh20,2008,2,39,SFO,Chilo Rachal,No,G,G,22,0,0,64,0,0,0,0,0,0,0,0,0,0,0,3,0,0,USC,CA
2008Tracy Porter,PortTr99,2008,2,40,NOR,Tracy Porter,No,DB,DB,22,0,0,92,0,0,0,0,0,0,0,0,0,0,0,295,13,2.5,Indiana,LA
2008James Hardy,HardJa00,2008,2,41,BUF,James Hardy,No,WR,WR,22,0,0,16,0,0,0,0,0,0,0,0,10,96,2,1,0,0,Indiana,NY
2008Eddie Royal,RoyaEd00,2008,2,42,DEN,Eddie Royal,No,WR,WR,22,0,0,115,0,1,0,0,0,35,275,0,407,4363,28,9,0,0,Virginia Tech,CO
2008Tyrell Johnson,JohnTy99,2008,2,43,MIN,Tyrell Johnson,No,DB,DB,23,0,0,53,0,0,0,0,0,0,0,0,0,0,0,89,2,0,Arkansas St.,MN
2008Matt Forte,FortMa00,2008,2,44,CHI,Matt Forte,No,RB,RB,22,0,2,130,0,1,0,0,0,2224,9334,52,510,4295,20,21,0,0,Tulane,IL
2008Jordon Dizon,DizoJo99,2008,2,45,DET,Jordon Dizon,No,LB,LB,22,0,0,28,0,0,0,0,0,0,0,0,0,0,0,24,0,1,Colorado,MI
2008Jerome Simpson,SimpJe00,2008,2,46,CIN,Jerome Simpson,No,WR,WR,22,0,0,62,0,0,0,0,0,1,2,0,150,2058,9,4,0,0,Coastal Carolina,OH
2008Trevor Laws,LawsTr99,2008,2,47,PHI,Trevor Laws,No,DT,DT,23,0,0,56,0,0,0,0,0,0,0,0,0,0,0,45,1,5,Notre Dame,PA
2008Fred Davis,DaviFr01,2008,2,48,WAS,Fred Davis,No,TE,TE,22,0,0,72,0,0,0,0,0,2,-2,0,162,2043,13,4,0,0,USC,DC
2008DeSean Jackson,JackDe00,2008,2,49,PHI,DeSean Jackson,No,WR,WR,21,0,3,122,0,1,0,0,1,61,380,3,480,8399,45,13,0,0,California,PA
2008Calais Campbell,CampCa99,2008,2,50,ARI,Calais Campbell,No,DE,DE,22,0,2,132,0,0,0,0,0,0,0,0,0,0,0,358,3,51.5,Miami (FL),AZ
2008Malcolm Kelly,KellMa01,2008,2,51,WAS,Malcolm Kelly,No,WR,WR,21,0,0,21,0,0,0,0,0,0,0,0,28,365,0,0,0,0,Oklahoma,DC
2008Quentin Groves,GrovQu99,2008,2,52,JAX,Quentin Groves,No,DE,DE,24,0,0,100,0,0,0,0,0,0,0,0,0,0,0,127,2,9.5,Auburn,FL
2008Limas Sweed,SweeLi00,2008,2,53,PIT,Limas Sweed,No,WR,WR,23,0,0,20,0,0,0,0,0,0,0,0,7,69,0,2,0,0,Texas,PA
2008Jason Jones,JoneJa99,2008,2,54,TEN,Jason Jones,No,DE,DE,22,0,0,105,0,0,0,0,0,0,0,0,0,0,0,151,0,30.5,East. Michigan,TN
2008Ray Rice,RiceRa00,2008,2,55,BAL,Ray Rice,No,RB,RB,21,0,3,92,1,2,1,1,0,1430,6180,37,369,3034,6,5,0,0,Rutgers,MD
2008Brian Brohm,BrohBr00,2008,2,56,GNB,Brian Brohm,No,QB,QB,23,0,0,3,27,52,252,0,5,3,-3,0,0,0,0,0,0,0,Louisville,WI
2008Chad Henne,HennCh01,2008,2,57,MIA,Chad Henne,No,QB,QB,23,0,0,65,1159,1954,12931,58,63,117,360,3,1,-6,0,2,0,0,Michigan,FL
2008Dexter Jackson,JackDe01,2008,2,58,TAM,Dexter Jackson,No,WR,WR,22,0,0,7,0,0,0,0,0,0,0,0,0,0,0,1,0,0,Appalachian St.,FL
2008Mike Pollak,PollMi20,2008,2,59,IND,Mike Pollak,No,T,T,23,0,0,81,0,0,0,0,0,0,0,0,0,0,0,2,0,0,Arizona St.,IN
2008Patrick Lee,LeexPa99,2008,2,60,GNB,Patrick Lee,No,DB,DB,24,0,0,47,0,0,0,0,0,0,0,0,0,0,0,50,1,0,Auburn,WI
2008Martellus Bennett,BennMa00,2008,2,61,DAL,Martellus Bennett,No,TE,TE,21,0,1,129,0,0,0,0,0,1,6,0,387,4104,27,7,0,0,Texas A&M,TX
2008Terrence Wheatley,WheaTe99,2008,2,62,NWE,Terrence Wheatley,No,DB,DB,23,0,0,12,0,0,0,0,0,0,0,0,0,0,0,3,0,0,Colorado,MA
2008Terrell Thomas,ThomTe99,2008,2,63,NYG,Terrell Thomas,No,DB,DB,23,0,0,60,0,0,0,0,0,0,0,0,0,0,0,235,12,3,USC,NY
2008Kevin Smith,SmitKe02,2008,3,64,DET,Kevin Smith,No,RB,RB,21,0,0,54,0,0,0,0,0,598,2346,17,123,1082,5,7,0,0,Central Florida,MI
2008John Greco,GrecJo20,2008,3,65,STL,John Greco,No,T,T,23,0,0,110,0,0,0,0,0,0,0,0,0,0,0,3,0,0,Toledo,MO
2008Kendall Langford,LangKe98,2008,3,66,MIA,Kendall Langford,No,DE,DE,22,0,0,135,0,0,0,0,0,0,0,0,0,0,0,208,0,22.5,Hampton,FL
2008Charles Godfrey,GodfCh99,2008,3,67,CAR,Charles Godfrey,No,DB,DB,22,0,0,95,0,0,0,0,0,0,0,0,0,0,0,291,11,3,Iowa,NC
2008Chevis Jackson,JackCh99,2008,3,68,ATL,Chevis Jackson,No,DB,DB,22,0,0,33,0,0,0,0,0,0,0,0,0,0,0,51,1,1,LSU,GA
2008Jacob Hester,HestJa00,2008,3,69,SDG,Jacob Hester,No,FB,FB,23,0,0,65,0,0,0,0,0,111,400,3,56,315,3,3,0,0,LSU,CA
2008Earl Bennett,BennEa00,2008,3,70,CHI,Earl Bennett,No,WR,WR,21,0,0,78,0,0,0,0,0,2,9,0,185,2277,12,5,0,0,Vanderbilt,IL
2008Tavares Gooden,GoodTa99,2008,3,71,BAL,Tavares Gooden,No,LB,LB,23,0,0,58,0,0,0,0,0,0,0,0,0,0,0,46,0,0,Miami (FL),MD
2008Chris Ellis,ElliCh99,2008,3,72,BUF,Chris Ellis,No,DE,DE,23,0,0,15,0,0,0,0,0,0,0,0,0,0,0,6,0,1,Virginia Tech,NY
2008Jamaal Charles,CharJa00,2008,3,73,KAN,Jamaal Charles,No,RB,RB,21,2,4,103,0,0,0,0,0,1332,7260,43,285,2457,20,12,0,0,Texas,MO
2008Dan Connor,ConnDa99,2008,3,74,CAR,Dan Connor,No,LB,LB,22,0,0,62,0,0,0,0,0,0,0,0,0,0,0,125,0,1,Penn St.,NC
2008Reggie Smith,SmitRe99,2008,3,75,SFO,Reggie Smith,No,DB,DB,22,0,0,45,0,0,0,0,0,0,0,0,0,0,0,60,2,0,Oklahoma,CA
2008Brad Cottam,CottBr00,2008,3,76,KAN,Brad Cottam,No,TE,TE,23,0,0,24,0,0,0,0,0,0,0,0,16,183,0,0,0,0,Tennessee,MO
2008Pat Sims,SimsPa99,2008,3,77,CIN,Pat Sims,No,DT,DT,22,0,0,110,0,0,0,0,0,0,0,0,0,0,0,153,1,8,Auburn,OH
2008Shawn Crable,CrabSh99,2008,3,78,NWE,Shawn Crable,No,LB,LB,23,0,0,6,0,0,0,0,0,0,0,0,0,0,0,2,0,0.5,Michigan,MA
2008Antwaun Molden,MoldAn99,2008,3,79,HOU,Antwaun Molden,No,DB,DB,23,0,0,51,0,0,0,0,0,0,0,0,0,0,0,23,2,0,East. Kentucky,TX
2008Bryan Smith,SmitBr96,2008,3,80,PHI,Bryan Smith,No,LB,LB,24,0,0,6,0,0,0,0,0,0,0,0,0,0,0,3,0,0,McNeese St.,PA
2008Early Doucet,DoucEa00,2008,3,81,ARI,Early Doucet,No,WR,WR,22,0,0,54,0,0,0,0,0,4,14,0,139,1491,7,4,0,0,LSU,AZ
2008DaJuan Morgan,MorgDa98,2008,3,82,KAN,DaJuan Morgan,No,DB,DB,22,0,0,30,0,0,0,0,0,0,0,0,0,0,0,30,0,0,North Carolina St.,MO
2008Jeremy Zuttah,ZuttJe20,2008,3,83,TAM,Jeremy Zuttah,No,G,G,22,0,0,125,0,0,0,0,0,0,0,0,0,1,0,8,0,0,Rutgers,FL
2008Harry Douglas,DougHa00,2008,3,84,ATL,Harry Douglas,No,WR,WR,24,0,0,111,0,0,0,0,0,18,65,1,301,3634,10,6,0,0,Louisville,GA
2008Craig Stevens,StevCr00,2008,3,85,TEN,Craig Stevens,No,TE,TE,24,0,0,109,0,0,0,0,0,0,0,0,60,724,6,2,0,0,California,TN
2008Tom Zbikowski,ZbikTo99,2008,3,86,BAL,Tom Zbikowski,No,DB,DB,23,0,0,64,0,0,0,0,0,0,0,0,0,0,0,70,3,2,Notre Dame,MD
2008Andre Fluellen,FlueAn99,2008,3,87,DET,Andre Fluellen,No,DT,DT,23,0,0,81,0,0,0,0,0,0,0,0,0,0,0,44,0,4.5,Florida St.,MI
2008Bruce Davis,DaviBr99,2008,3,88,PIT,Bruce Davis,No,LB,LB,23,0,0,15,0,0,0,0,0,0,0,0,0,0,0,4,0,0,UCLA,PA
2008Steve Slaton,SlatSt00,2008,3,89,HOU,Steve Slaton,No,RB,RB,22,0,0,45,0,0,0,0,0,442,1896,13,100,808,5,3,0,0,West Virginia,TX
2008Marcus Harrison,HarrMa98,2008,3,90,CHI,Marcus Harrison,No,DT,DT,24,0,0,37,0,0,0,0,0,0,0,0,0,0,0,43,0,3,Arkansas,IL
2008Jermichael Finley,FinlJe00,2008,3,91,GNB,Jermichael Finley,No,TE,TE,21,0,0,70,0,0,0,0,0,0,0,0,223,2785,20,4,0,0,Texas,WI
2008Cliff Avril,AvriCl99,2008,3,92,DET,Cliff Avril,No,LB,LB,22,0,0,130,0,0,0,0,0,0,0,0,0,0,0,208,1,71.5,Purdue,MI
2008Philip Wheeler,WheePh99,2008,3,93,IND,Philip Wheeler,No,LB,LB,23,0,0,127,0,0,0,0,0,0,0,0,0,0,0,343,0,6.5,Georgia Tech,IN
2008Kevin O'Connell,OConKe00,2008,3,94,NWE,Kevin O'Connell,No,QB,QB,23,0,0,2,4,6,23,0,0,3,-6,0,0,0,0,0,0,0,San Diego St.,MA
2008Mario Manningham,MannMa01,2008,3,95,NYG,Mario Manningham,No,WR,WR,22,0,0,67,0,0,0,0,0,5,54,0,211,2849,19,6,0,0,Michigan,NY
2008Chad Rinehart,RineCh20,2008,3,96,WAS,Chad Rinehart,No,T,T,23,0,0,58,0,0,0,0,0,0,0,0,0,0,0,2,0,0,Northern Iowa,DC
2008Andre Caldwell,CaldAn00,2008,3,97,CIN,Andre Caldwell,No,WR,WR,23,0,0,105,0,0,0,0,0,12,97,0,156,1509,11,13,0,0,Florida,OH
2008Thomas DeCoud,DeCoTh99,2008,3,98,ATL,Thomas DeCoud,No,DB,DB,23,0,1,104,0,0,0,0,0,0,0,0,0,0,0,327,15,3,California,GA
2008Oniel Cousins,CousOn00,2008,3,99,BAL,Oniel Cousins,No,G,G,24,0,0,75,0,0,0,0,0,0,0,0,0,0,0,2,0,0,Texas-El Paso,MD
2008Tyvon Branch,BranTy99,2008,4,100,OAK,Tyvon Branch,No,DB,DB,21,0,0,96,0,0,0,0,0,0,0,0,0,0,0,408,5,9,Connecticut,CA
2008Justin King,KingJu99,2008,4,101,STL,Justin King,No,DB,DB,21,0,0,40,0,0,0,0,0,0,0,0,0,0,0,97,1,1,Penn St.,MO
2008Jeremy Thompson,ThomJe99,2008,4,102,GNB,Jeremy Thompson,No,DE,DE,22,0,0,15,0,0,0,0,0,0,0,0,0,0,0,4,0,0,Wake Forest,WI
2008William Hayes,HayeWi99,2008,4,103,TEN,William Hayes,No,DE,DE,23,0,0,118,0,0,0,0,0,0,0,0,0,0,0,212,1,31.5,Winston-Salem St.,TN
2008Beau Bell,BellBe99,2008,4,104,CLE,Beau Bell,No,LB,LB,22,0,0,5,0,0,0,0,0,0,0,0,0,0,0,0,0,0,UNLV,OH
2008Will Franklin,FranWi00,2008,4,105,KAN,Will Franklin,No,WR,WR,22,0,0,13,0,0,0,0,0,0,0,0,7,83,0,3,0,0,Missouri,MO
2008Marcus Smith,SmitMa01,2008,4,106,BAL,Marcus Smith,No,WR,WR,23,0,0,21,0,0,0,0,0,0,0,0,0,0,0,9,0,0,New Mexico,MD
2008Cody Wallace,WallCo20,2008,4,107,SFO,Cody Wallace,No,C,C,23,0,0,50,0,0,0,0,0,0,0,0,0,0,0,2,0,0,Texas A&M,CA
2008Kory Lichtensteiger,LichKo20,2008,4,108,DEN,Kory Lichtensteiger,No,C,C,23,0,0,93,0,0,0,0,0,0,0,0,0,0,0,6,0,0,Bowling Green,CO
2008Mike McGlynn,McGlMi20,2008,4,109,PHI,Mike McGlynn,No,T,T,23,0,0,83,0,0,0,0,0,0,0,0,1,1,0,2,0,0,Pittsburgh,PA
2008Shawn Murphy,MurpSh20,2008,4,110,MIA,Shawn Murphy,No,T,T,25,0,0,1,0,0,0,0,0,0,0,0,0,0,0,0,0,0,Utah St.,FL
2008Martin Rucker,RuckMa00,2008,4,111,CLE,Martin Rucker,No,TE,TE,23,0,0,12,0,0,0,0,0,0,0,0,2,17,0,0,0,0,Missouri,OH
2008Anthony Collins,CollAn21,2008,4,112,CIN,Anthony Collins,No,T,T,22,0,0,69,0,0,0,0,0,0,0,0,0,0,0,2,0,0,Kansas,OH
2008Dwight Lowery,LoweDw99,2008,4,113,NYJ,Dwight Lowery,No,DB,DB,22,0,0,110,0,0,0,0,0,0,0,0,0,0,0,295,16,5,San Jose St.,NY
2008Reggie Corner,CornRe99,2008,4,114,BUF,Reggie Corner,No,DB,DB,24,0,0,55,0,0,0,0,0,0,0,0,0,0,0,89,2,1,Akron,NY
2008Dre Moore,MoorDr99,2008,4,115,TAM,Dre Moore,No,DT,DT,23,0,0,7,0,0,0,0,0,0,0,0,0,0,0,4,0,0,Maryland,FL
2008Kenny Iwebema,IwebKe99,2008,4,116,ARI,Kenny Iwebema,No,DE,DE,23,0,0,31,0,0,0,0,0,0,0,0,0,0,0,7,0,2,Iowa,AZ
2008Quintin Demps,DempQu99,2008,4,117,PHI,Quintin Demps,No,DB,DB,23,0,0,101,0,0,0,0,0,0,0,0,0,0,0,174,13,1.5,Texas-El Paso,PA
2008Xavier Adibi,AdibXa99,2008,4,118,HOU,Xavier Adibi,No,LB,LB,23,0,0,44,0,0,0,0,0,0,0,0,0,0,0,42,0,0,Virginia Tech,TX
2008Jack Williams,WillJa96,2008,4,119,DEN,Jack Williams,No,DB,DB,23,0,0,22,0,0,0,0,0,0,0,0,0,0,0,39,0,0,Kent St.,CO
2008Craig Steltz,StelCr99,2008,4,120,CHI,Craig Steltz,No,DB,DB,22,0,0,77,0,0,0,0,0,0,0,0,0,0,0,73,1,1,LSU,IL
2008Red Bryant,BryaRe99,2008,4,121,SEA,Red Bryant,No,DT,DT,24,0,0,86,0,0,0,0,0,0,0,0,0,0,0,97,2,4.5,Texas A&M,WA
2008Tashard Choice,ChoiTa00,2008,4,122,DAL,Tashard Choice,No,RB,RB,23,0,0,88,0,0,0,0,0,372,1579,10,81,574,0,6,0,0,Georgia Tech,TX
2008Bryan Kehl,KehlBr99,2008,4,123,NYG,Bryan Kehl,No,LB,LB,24,0,0,72,0,0,0,0,0,0,0,0,0,0,0,63,1,1,BYU,NY
2008Justin Tryon,TryoJu99,2008,4,124,WAS,Justin Tryon,No,DB,DB,24,0,0,63,0,0,0,0,0,0,0,0,0,0,0,57,1,1,Arizona St.,DC
2008Arman Shields,ShieAr00,2008,4,125,OAK,Arman Shields,No,WR,WR,23,0,0,0,0,0,0,0,0,0,0,0,0,0,0,0,0,0,Richmond,CA
2008Lavelle Hawkins,HawkLa00,2008,4,126,TEN,Lavelle Hawkins,No,WR,WR,22,0,0,56,0,0,0,0,0,0,0,0,71,771,1,3,0,0,California,TN
2008Jacob Tamme,TammJa00,2008,4,127,IND,Jacob Tamme,No,TE,TE,23,0,0,130,0,0,0,0,0,0,0,0,259,2570,14,17,0,0,Kentucky,IN
2008Keenan Burton,BurtKe00,2008,4,128,STL,Keenan Burton,No,WR,WR,23,0,0,22,0,0,0,0,0,3,8,0,38,425,1,4,0,0,Kentucky,MO
2008Jonathan Wilhite,WilhJo99,2008,4,129,NWE,Jonathan Wilhite,No,DB,DB,24,0,0,54,0,0,0,0,0,0,0,0,0,0,0,94,4,2,Auburn,MA
2008Tony Hills,HillTo21,2008,4,130,PIT,Tony Hills,No,T,T,23,0,0,30,0,0,0,0,0,0,0,0,0,0,0,0,0,0,Texas,PA
2008Jack Ikegwuonu,IkegJa99,2008,4,131,PHI,Jack Ikegwuonu,No,DB,DB,22,0,0,1,0,0,0,0,0,0,0,0,0,0,0,0,0,0,Wisconsin,PA
2008Derek Fine,FineDe00,2008,4,132,BUF,Derek Fine,No,TE,TE,25,0,0,18,0,0,0,0,0,0,0,0,19,158,1,1,0,0,Kansas,NY
2008David Hale,HaleDa22,2008,4,133,BAL,David Hale,No,T,T,25,0,0,18,0,0,0,0,0,0,0,0,0,0,0,0,0,0,Weber St.,MD
2008Stanford Keglar,KeglSt99,2008,4,134,TEN,Stanford Keglar,No,LB,LB,23,0,0,35,0,0,0,0,0,0,0,0,0,0,0,2,0,0,Purdue,TN
2008Josh Sitton,SittJo20,2008,4,135,GNB,Josh Sitton,No,T,T,22,0,3,129,0,0,0,0,0,0,0,0,0,0,0,2,0,0,Central Florida,WI
2008Kenny Moore,MoorKe00,2008,5,136,DET,Kenny Moore,No,WR,WR,23,0,0,14,0,0,0,0,0,0,0,0,6,59,0,0,0,0,Wake Forest,MI
2008John David Booty,0,2008,5,137,MIN,John David Booty,No,QB,QB,0,0,0,0,0,0,0,0,0,0,0,0,0,0,0,0,0,0,USC,MN
2008Robert James,JameRo99,2008,5,138,ATL,Robert James,No,LB,LB,24,0,0,19,0,0,0,0,0,0,0,0,0,0,0,9,0,0,Arizona St.,GA
2008Ryan Torain,ToraRy00,2008,5,139,DEN,Ryan Torain,No,RB,RB,22,0,0,22,0,0,0,0,0,238,1011,6,24,148,2,3,0,0,Arizona St.,CO
2008Brandon Carr,CarrBr99,2008,5,140,KAN,Brandon Carr,No,DB,DB,22,0,0,139,0,0,0,0,0,0,0,0,0,0,0,470,15,1,Grand Valley St.,MO
2008Gary Barnidge,BarnGa01,2008,5,141,CAR,Gary Barnidge,No,TE,TE,23,0,1,119,0,0,0,0,0,0,0,0,162,2103,13,6,0,0,Louisville,NC
2008Zackary Bowman,BowmZa20,2008,5,142,CHI,Zackary Bowman,No,DB,DB,23,0,0,99,0,0,0,0,0,0,0,0,0,0,0,178,13,0,Nebraska,IL
2008Orlando Scandrick,ScanOr99,2008,5,143,DAL,Orlando Scandrick,No,DB,DB,21,0,0,109,0,0,0,0,0,0,0,0,0,0,0,304,7,11.5,Boise St.,TX
2008DeMario Pressley,PresDe99,2008,5,144,NOR,DeMario Pressley,No,DT,DT,22,0,0,8,0,0,0,0,0,0,0,0,0,0,0,18,0,0,North Carolina St.,LA
2008Jason Shirley,ShirJa99,2008,5,145,CIN,Jason Shirley,No,DT,DT,23,0,0,7,0,0,0,0,0,0,0,0,0,0,0,4,0,2.5,Fresno St.,OH
2008Jerome Felton,FeltJe00,2008,5,146,DET,Jerome Felton,No,FB,FB,22,0,1,126,0,0,0,0,0,52,177,0,47,395,0,3,0,0,Furman,MI
2008Alvin Bowen,BoweAl99,2008,5,147,BUF,Alvin Bowen,No,LB,LB,24,0,0,2,0,0,0,0,0,0,0,0,0,0,0,0,0,0,Iowa St.,NY
2008Carlton Powell,PoweCa98,2008,5,148,DEN,Carlton Powell,No,DT,DT,23,0,0,3,0,0,0,0,0,0,0,0,0,0,0,0,0,0,Virginia Tech,CO
2008Tim Hightower,HighTi00,2008,5,149,ARI,Tim Hightower,No,RB,RB,22,0,0,71,0,0,0,0,0,707,2795,29,154,1120,1,11,0,0,Richmond,AZ
2008Breno Giacomini,GiacBr20,2008,5,150,GNB,Breno Giacomini,No,T,T,23,0,0,76,0,0,0,0,0,0,0,0,0,0,0,0,0,0,Louisville,WI
2008Frank Okam,OkamFr99,2008,5,151,HOU,Frank Okam,No,DT,DT,22,0,0,25,0,0,0,0,0,0,0,0,0,0,0,28,0,0,Texas,TX
2008Letroy Guion,GuioLe99,2008,5,152,MIN,Letroy Guion,No,DT,DT,21,0,0,106,0,0,0,0,0,0,0,0,0,0,0,100,0,8.5,Florida St.,MN
2008Matt Slater,SlatMa00,2008,5,153,NWE,Matt Slater,No,WR,WR,23,0,5,129,0,0,0,0,0,2,11,0,1,46,0,34,0,0,UCLA,MA
2008Kroy Biermann,BierKr99,2008,5,154,ATL,Kroy Biermann,No,LB,LB,23,0,0,114,0,0,0,0,0,0,0,0,0,0,0,184,2,23.5,Montana,GA
2008Thomas Williams,WillTh99,2008,5,155,JAX,Thomas Williams,No,LB,LB,23,0,0,15,0,0,0,0,0,0,0,0,0,0,0,12,0,0,USC,FL
2008Dennis Dixon,DixoDe00,2008,5,156,PIT,Dennis Dixon,No,QB,QB,23,0,0,4,35,59,402,1,2,10,56,1,0,0,0,0,0,0,Oregon,PA
2008Roy Schuening,SchuRo20,2008,5,157,STL,Roy Schuening,No,G,G,24,0,0,1,0,0,0,0,0,0,0,0,0,0,0,0,0,0,Oregon St.,MO
2008Kellen Davis,DaviKe01,2008,5,158,CHI,Kellen Davis,No,TE,TE,22,0,0,125,0,0,0,0,0,0,0,0,53,579,13,10,0,0,Michigan St.,IL
2008Trae Williams,WillTr97,2008,5,159,JAX,Trae Williams,No,DB,DB,23,0,0,0,0,0,0,0,0,0,0,0,0,0,0,0,0,0,South Florida,FL
2008Josh Johnson,JohnJo05,2008,5,160,TAM,Josh Johnson,No,QB,QB,22,0,0,29,96,177,1042,5,10,44,274,0,0,0,0,2,0,0,San Diego,FL
2008Marcus Howard,HowaMa99,2008,5,161,IND,Marcus Howard,No,LB,LB,22,0,0,9,0,0,0,0,0,0,0,0,0,0,0,5,0,1.5,Georgia,IN
2008Erik Ainge,AingEr00,2008,5,162,NYJ,Erik Ainge,No,QB,QB,22,0,0,0,0,0,0,0,0,0,0,0,0,0,0,0,0,0,Tennessee,NY
2008Owen Schmitt,SchmOw00,2008,5,163,SEA,Owen Schmitt,No,FB,FB,23,0,0,74,0,0,0,0,0,11,28,0,34,218,2,3,0,0,West Virginia,WA
2008Carl Nicks,NickCa20,2008,5,164,NOR,Carl Nicks,No,T,T,23,1,2,73,0,0,0,0,0,0,0,0,0,0,0,2,0,0,Nebraska,LA
2008Jonathan Goff,GoffJo99,2008,5,165,NYG,Jonathan Goff,No,LB,LB,22,0,0,37,0,0,0,0,0,0,0,0,0,0,0,62,1,2,Vanderbilt,NY
2008Marcus Thomas,ThomMa01,2008,5,166,SDG,Marcus Thomas,No,RB,RB,24,0,0,5,0,0,0,0,0,0,0,0,0,0,0,0,0,0,Texas-El Paso,CA
2008Erik Walden,WaldEr99,2008,6,167,DAL,Erik Walden,No,DE,DE,23,0,0,124,0,0,0,0,0,0,0,0,0,0,0,214,2,28,Middle Tenn. St.,TX
2008Durant Brooks,BrooDu20,2008,6,168,WAS,Durant Brooks,No,P,P,23,0,0,6,0,0,0,0,0,0,0,0,0,0,0,0,0,0,Georgia Tech,DC
2008Trevor Scott,ScotTr99,2008,6,169,OAK,Trevor Scott,No,DE,DE,24,0,0,85,0,0,0,0,0,0,0,0,0,0,0,69,0,16.5,Buffalo,CA
2008Barry Richardson,RichBa20,2008,6,170,KAN,Barry Richardson,No,T,T,22,0,0,65,0,0,0,0,0,0,0,0,0,0,0,3,0,0,Clemson,MO
2008Marcus Henry,HenrMa00,2008,6,171,NYJ,Marcus Henry,No,WR,WR,22,0,0,0,0,0,0,0,0,0,0,0,0,0,0,0,0,0,Kansas,NY
2008Thomas Brown,BrowTh01,2008,6,172,ATL,Thomas Brown,No,RB,RB,22,0,0,0,0,0,0,0,0,0,0,0,0,0,0,0,0,0,Georgia,GA
2008Dominique Barber,BarbDo99,2008,6,173,HOU,Dominique Barber,No,DB,DB,22,0,0,39,0,0,0,0,0,0,0,0,0,0,0,26,1,1,Minnesota,TX
2008Josh Morgan,MorgJo00,2008,6,174,SFO,Josh Morgan,No,WR,WR,23,0,0,93,0,1,0,0,0,14,146,0,209,2558,12,2,0,0,Virginia Tech,CA
2008Geno Hayes,HayeGe98,2008,6,175,TAM,Geno Hayes,No,LB,LB,21,0,0,101,0,0,0,0,0,0,0,0,0,0,0,306,6,10,Florida St.,FL
2008Jalen Parmele,ParmJa00,2008,6,176,MIA,Jalen Parmele,No,RB,RB,22,0,0,36,0,0,0,0,0,48,187,0,7,60,0,2,0,0,Toledo,FL
2008Corey Lynch,LyncCo99,2008,6,177,CIN,Corey Lynch,No,DB,DB,23,0,0,76,0,0,0,0,0,1,3,0,0,0,0,74,5,0,Appalachian St.,OH
2008Taylor Mehlhaff,MehlTa99,2008,6,178,NOR,Taylor Mehlhaff,No,K,K,23,0,0,3,0,0,0,0,0,0,0,0,0,0,0,0,0,0,Wisconsin,LA
2008Xavier Omon,OmonXa00,2008,6,179,BUF,Xavier Omon,No,RB,RB,23,0,0,7,0,0,0,0,0,11,27,0,0,0,0,0,0,0,NW Missouri St.,NY
2008Kareem Moore,MoorKa99,2008,6,180,WAS,Kareem Moore,No,DB,DB,24,0,0,42,0,0,0,0,0,0,0,0,0,0,0,55,2,0,Nicholls St.,DC
2008Nick Hayden,HaydNi99,2008,6,181,CAR,Nick Hayden,No,DT,DT,22,0,0,76,0,0,0,0,0,0,0,0,0,0,0,116,0,2,Wisconsin,NC
2008Kevin Robinson,RobiKe00,2008,6,182,KAN,Kevin Robinson,No,WR,WR,23,0,0,8,0,0,0,0,0,0,0,0,0,0,0,0,0,0,Utah St.,MO
2008Spencer Larsen,LarsSp99,2008,6,183,DEN,Spencer Larsen,No,LB,LB,24,0,0,63,0,0,0,0,0,17,62,0,14,127,1,15,0,0,Arizona,CO
2008Mike Gibson,GibsMi20,2008,6,184,PHI,Mike Gibson,No,T,T,22,0,0,36,0,0,0,0,0,0,0,0,1,-2,0,2,0,0,California,PA
2008Chris Harrington,HarrCh97,2008,6,185,ARI,Chris Harrington,No,DE,DE,23,0,0,6,0,0,0,0,0,0,0,0,0,0,0,2,0,0,Texas A&M,AZ
2008Colt Brennan,BrenCo00,2008,6,186,WAS,Colt Brennan,No,QB,QB,25,0,0,0,0,0,0,0,0,0,0,0,0,0,0,0,0,0,Hawaii,DC
2008John Sullivan,SullJo24,2008,6,187,MIN,John Sullivan,No,C,C,23,0,0,117,0,0,0,0,0,0,0,0,0,0,0,3,0,0,Notre Dame,MN
2008Mike Humpal,HumpMi99,2008,6,188,PIT,Mike Humpal,No,LB,LB,23,0,0,0,0,0,0,0,0,0,0,0,0,0,0,0,0,0,Iowa,PA
2008Tyler Schmitt,SchmTy99,2008,6,189,SEA,Tyler Schmitt,No,LB,LB,22,0,0,0,0,0,0,0,0,0,0,0,0,0,0,0,0,0,San Diego St.,WA
2008Ahtyba Rubin,RubiAh99,2008,6,190,CLE,Ahtyba Rubin,No,DT,DT,22,0,0,125,0,0,0,0,0,0,0,0,0,0,0,246,2,14,Iowa St.,OH
2008Paul Hubbard,HubbPa00,2008,6,191,CLE,Paul Hubbard,No,WR,WR,23,0,0,1,0,0,0,0,0,0,0,0,1,8,0,0,0,0,Wisconsin,OH
2008DeJuan Tribble,TribDe99,2008,6,192,SDG,DeJuan Tribble,No,DB,DB,23,0,0,0,0,0,0,0,0,0,0,0,0,0,0,0,0,0,Boston Col.,CA
2008Jaymar Johnson,JohnJa01,2008,6,193,MIN,Jaymar Johnson,No,WR,WR,24,0,0,7,0,0,0,0,0,0,0,0,1,9,0,0,0,0,Jackson St.,MN
2008Ryan Mundy,MundRy00,2008,6,194,PIT,Ryan Mundy,No,DB,DB,23,0,0,96,0,0,0,0,0,0,0,0,1,33,0,184,6,2,West Virginia,PA
2008Donald Thomas,ThomDo26,2008,6,195,MIA,Donald Thomas,No,G,G,23,0,0,45,0,0,0,0,0,0,0,0,0,0,0,1,0,0,Connecticut,FL
2008Tom Santi,SantTo00,2008,6,196,IND,Tom Santi,No,TE,TE,22,0,0,9,0,0,0,0,0,0,0,0,18,171,1,0,0,0,Virginia,IN
2008Bo Ruud,RuudBo99,2008,6,197,NWE,Bo Ruud,No,LB,LB,24,0,0,0,0,0,0,0,0,0,0,0,0,0,0,0,0,0,Nebraska,MA
2008Andre Woodson,WoodAn00,2008,6,198,NYG,Andre Woodson,No,QB,QB,24,0,0,0,0,0,0,0,0,0,0,0,0,0,0,0,0,0,Kentucky,NY
2008Robert Henderson,HendRo99,2008,6,199,NYG,Robert Henderson,No,DE,DE,24,0,0,0,0,0,0,0,0,0,0,0,0,0,0,0,0,0,Southern Miss,NY
2008Joe Mays,MaysJo99,2008,6,200,PHI,Joe Mays,No,LB,LB,23,0,0,78,0,0,0,0,0,0,0,0,0,0,0,163,0,1.5,North Dakota St.,PA
2008Steve Justice,JustSt20,2008,6,201,IND,Steve Justice,No,C,C,24,0,0,8,0,0,0,0,0,0,0,0,0,0,0,0,0,0,Wake Forest,IN
2008Mike Hart,HartMi00,2008,6,202,IND,Mike Hart,No,RB,RB,22,0,0,21,0,0,0,0,0,71,264,2,12,97,0,1,0,0,Michigan,IN
2008Andy Studebaker,StudAn99,2008,6,203,PHI,Andy Studebaker,No,LB,LB,23,0,0,97,0,0,0,0,0,0,0,0,0,0,0,48,2,2.5,Wheaton,PA
2008Lex Hilliard,HillLe00,2008,6,204,MIA,Lex Hilliard,No,RB,RB,24,0,0,62,0,0,0,0,0,48,163,2,30,233,2,0,0,0,Montana,FL
2008Pierre Garcon,GarcPi00,2008,6,205,IND,Pierre Garcon,No,WR,WR,22,0,0,127,0,1,0,0,0,12,72,0,537,6663,36,15,0,0,Mount Union,IN
2008Haruki Nakamura,NakaHa99,2008,6,206,BAL,Haruki Nakamura,No,DB,DB,22,0,0,69,0,0,0,0,0,1,-4,0,0,0,0,46,2,0,Cincinnati,MD
2008Matt Sherry,SherMa00,2008,6,207,CIN,Matt Sherry,No,TE,TE,23,0,0,0,0,0,0,0,0,0,0,0,0,0,0,0,0,0,Villanova,OH
2008Ervin Baldwin,BaldEr99,2008,7,208,CHI,Ervin Baldwin,No,DE,DE,22,0,0,3,0,0,0,0,0,0,0,0,0,0,0,7,0,0,Michigan St.,IL
2008Matt Flynn,FlynMa00,2008,7,209,GNB,Matt Flynn,No,QB,QB,23,0,0,53,219,357,2541,17,11,65,69,1,0,0,0,2,0,0,LSU,WI
2008Brian Johnston,JohnBr98,2008,7,210,KAN,Brian Johnston,No,DE,DE,22,0,0,9,0,0,0,0,0,0,0,0,0,0,0,2,0,0,Gardner-Webb,MO
2008Nate Garner,GarnNa20,2008,7,211,NYJ,Nate Garner,No,T,T,23,0,0,74,0,0,0,0,0,0,0,0,0,0,0,1,0,0,Arkansas,NY
2008Wilrey Fontenot,FontWi99,2008,7,212,ATL,Wilrey Fontenot,No,DB,DB,23,0,0,0,0,0,0,0,0,0,0,0,0,0,0,0,0,0,Arizona,GA
2008Chauncey Washington,WashCh00,2008,7,213,JAX,Chauncey Washington,No,RB,RB,23,0,0,11,0,0,0,0,0,5,8,0,3,22,0,0,0,0,USC,FL
2008Larry Grant,GranLa99,2008,7,214,SFO,Larry Grant,No,LB,LB,23,0,0,68,0,0,0,0,0,0,0,0,0,0,0,54,0,5,Ohio St.,CA
2008Justin Harper,HarpJu01,2008,7,215,BAL,Justin Harper,No,WR,WR,23,0,0,2,0,0,0,0,0,0,0,0,0,0,0,0,0,0,Virginia Tech,MD
2008Landon Cohen,CoheLa99,2008,7,216,DET,Landon Cohen,No,DT,DT,22,0,0,40,0,0,0,0,0,0,0,0,0,0,0,32,0,0,Ohio,MI
2008Brett Swain,SwaiBr00,2008,7,217,GNB,Brett Swain,No,WR,WR,23,0,0,27,0,0,0,0,0,0,0,0,8,87,0,5,0,0,San Diego St.,WI
2008Caleb Campbell,CampCa00,2008,7,218,DET,Caleb Campbell,No,DB,DB,24,0,0,2,0,0,0,0,0,0,0,0,0,0,0,0,0,0,Army,MI
2008Demetress Bell,BellDe20,2008,7,219,BUF,Demetress Bell,No,T,T,24,0,0,40,0,0,0,0,0,0,0,0,0,0,0,3,0,0,NW State (LA),NY
2008Josh Barrett,BarrJo99,2008,7,220,DEN,Josh Barrett,No,DB,DB,23,0,0,25,0,0,0,0,0,0,0,0,0,0,0,25,1,0,Arizona St.,CO
2008Hilee Taylor,TaylHi99,2008,7,221,CAR,Hilee Taylor,No,LB,LB,22,0,0,16,0,0,0,0,0,0,0,0,0,0,0,4,0,1,North Carolina,NC
2008Chester Adams,AdamCh21,2008,7,222,CHI,Chester Adams,No,G,G,23,0,0,0,0,0,0,0,0,0,0,0,0,0,0,0,0,0,Georgia,IL
2008Alex Brink,BrinAl00,2008,7,223,HOU,Alex Brink,No,QB,QB,23,0,0,0,0,0,0,0,0,0,0,0,0,0,0,0,0,0,Washington St.,TX
2008Steve Johnson,JohnSt00,2008,7,224,BUF,Steve Johnson,No,WR,WR,22,0,0,99,0,0,0,0,0,2,16,0,381,4764,34,8,0,0,Kentucky,NY
2008Brandon Keith,KeitBr20,2008,7,225,ARI,Brandon Keith,No,T,T,23,0,0,26,0,0,0,0,0,0,0,0,0,0,0,1,0,0,Northern Iowa,AZ
2008Chaz Schilens,SchiCh00,2008,7,226,OAK,Chaz Schilens,No,WR,WR,22,0,0,59,0,0,0,0,0,1,-2,0,100,1191,9,2,0,0,San Diego St.,CA
2008Peyton Hillis,HillPe00,2008,7,227,DEN,Peyton Hillis,No,FB,FB,22,0,0,81,1,3,13,0,0,696,2832,23,134,1050,3,9,0,0,Arkansas,CO
2008Chris Chamberlain,ChamCh99,2008,7,228,STL,Chris Chamberlain,No,DB,DB,23,0,0,59,0,0,0,0,0,0,0,0,0,0,0,78,1,2,Tulsa,MO
2008Cary Williams,WillCa99,2008,7,229,TEN,Cary Williams,No,DB,DB,23,0,0,97,0,0,0,0,0,0,0,0,1,13,0,288,9,3,Washburn,TN
2008King Dunlap,DunlKi20,2008,7,230,PHI,King Dunlap,No,T,T,23,0,0,94,0,0,0,0,0,0,0,0,0,0,0,3,0,0,Auburn,PA
2008Alex Hall,HallAl99,2008,7,231,CLE,Alex Hall,No,LB,LB,23,0,0,32,0,0,0,0,0,0,0,0,0,0,0,35,0,3,St. Augustine's,OH
2008Keith Zinger,ZingKe20,2008,7,232,ATL,Keith Zinger,No,TE,TE,23,0,0,15,0,0,0,0,0,0,0,0,0,0,0,0,0,0,LSU,GA
2008Justin Forsett,ForsJu00,2008,7,233,SEA,Justin Forsett,No,RB,RB,22,0,1,118,0,0,0,0,0,777,3735,18,203,1317,1,5,0,0,California,WA
2008Corey Clark,ClarCo21,2008,7,234,SDG,Corey Clark,No,T,T,24,0,0,2,0,0,0,0,0,0,0,0,0,0,0,0,0,0,Texas A&M,CA
2008Brandon Coutu,CoutBr00,2008,7,235,SEA,Brandon Coutu,No,K,K,24,0,0,1,0,0,0,0,0,0,0,0,0,0,0,0,0,0,Georgia,WA
2008Jamey Richard,RichJa20,2008,7,236,IND,Jamey Richard,No,T,T,23,0,0,48,0,0,0,0,0,0,0,0,0,0,0,2,0,0,Buffalo,IN
2008Adrian Arrington,ArriAd00,2008,7,237,NOR,Adrian Arrington,No,WR,WR,22,0,0,5,0,0,0,0,0,0,0,0,9,110,0,0,0,0,Michigan,LA
2008Cory Boyd,BoydCo01,2008,7,238,TAM,Cory Boyd,No,RB,RB,23,0,0,1,0,0,0,0,0,0,0,0,0,0,0,0,0,0,South Carolina,FL
2008Mike Merritt,MerrMi01,2008,7,239,KAN,Mike Merritt,No,TE,TE,24,0,0,0,0,0,0,0,0,0,0,0,0,0,0,0,0,0,Central Florida,MO
2008Allen Patrick,PatrAl00,2008,7,240,BAL,Allen Patrick,No,RB,RB,24,0,0,0,0,0,0,0,0,0,0,0,0,0,0,0,0,0,Oklahoma,MD
2008Geoff Schwartz,SchwGe20,2008,7,241,CAR,Geoff Schwartz,No,T,T,22,0,0,74,0,0,0,0,0,0,0,0,0,0,0,4,0,0,Oregon,NC
2008Rob Jackson,JackRo99,2008,7,242,WAS,Rob Jackson,No,DE,DE,22,0,0,54,0,0,0,0,0,0,0,0,0,0,0,45,5,7.5,Kansas St.,DC
2008Joey LaRocque,LaRoJo99,2008,7,243,CHI,Joey LaRocque,No,LB,LB,22,0,0,14,0,0,0,0,0,0,0,0,0,0,0,0,0,0,Oregon St.,IL
2008Angelo Craig,0,2008,7,244,CIN,Angelo Craig,No,LB,LB,0,0,0,0,0,0,0,0,0,0,0,0,0,0,0,0,0,0,Cincinnati,OH
2008Lionel Dotson,DotsLi99,2008,7,245,MIA,Lionel Dotson,No,DT,DT,23,0,0,12,0,0,0,0,0,0,0,0,0,0,0,4,0,0,Arizona,FL
2008Mario Urrutia,UrruMa00,2008,7,246,CIN,Mario Urrutia,No,WR,WR,22,0,0,0,0,0,0,0,0,0,0,0,0,0,0,0,0,0,Louisville,OH
2008Kirk Barton,BartKi20,2008,7,247,CHI,Kirk Barton,No,T,T,23,0,0,1,0,0,0,0,0,0,0,0,0,0,0,0,0,0,Ohio St.,IL
2008Marcus Monk,MonkMa00,2008,7,248,CHI,Marcus Monk,No,WR,WR,22,0,0,0,0,0,0,0,0,0,0,0,0,0,0,0,0,0,Arkansas,IL
2008Chris Horton,HortCh99,2008,7,249,WAS,Chris Horton,No,DB,DB,23,0,0,29,0,0,0,0,0,0,0,0,0,0,0,80,3,1,UCLA,DC
2008Mackenzy Bernadeau,BernMa20,2008,7,250,CAR,Mackenzy Bernadeau,No,G,G,22,0,0,111,0,0,0,0,0,0,0,0,0,0,0,3,0,0,Bentley,NC
2008Kennard Cox,CoxxKe20,2008,7,251,BUF,Kennard Cox,No,DB,DB,23,0,0,29,0,0,0,0,0,0,0,0,0,0,0,6,0,0.5,Pittsburgh,NY
2008David Vobora,VoboDa99,2008,7,252,STL,David Vobora,No,LB,LB,22,0,0,40,0,0,0,0,0,0,0,0,0,0,0,57,0,2,Idaho,MO
2007JaMarcus Russell,RussJa00,2007,1,1,OAK,JaMarcus Russell,No,QB,QB,22,0,0,31,354,680,4083,18,23,40,175,1,0,0,0,2,0,0,LSU,CA
2007Calvin Johnson,JohnCa00,2007,1,2,DET,Calvin Johnson,No,WR,WR,22,3,6,135,0,0,0,0,0,19,167,1,731,11619,83,17,0,0,Georgia Tech,MI
2007Joe Thomas,ThomJo28,2007,1,3,CLE,Joe Thomas,No,T,T,22,6,9,155,0,0,0,0,0,0,0,0,0,0,0,8,0,0,Wisconsin,OH
2007Gaines Adams,AdamGa99,2007,1,4,TAM,Gaines Adams,No,DE,DE,24,0,0,47,0,0,0,0,0,0,0,0,0,0,0,67,2,13.5,Clemson,FL
2007Levi Brown,BrowLe20,2007,1,5,ARI,Levi Brown,No,T,T,23,0,0,82,0,0,0,0,0,0,0,0,1,4,0,6,0,0,Penn St.,AZ
2007LaRon Landry,LandLa99,2007,1,6,WAS,LaRon Landry,No,DB,DB,22,0,1,103,0,0,0,0,0,0,0,0,0,0,0,474,6,8,LSU,DC
2007Adrian Peterson,PeteAd01,2007,1,7,MIN,Adrian Peterson,No,RB,RB,22,4,7,122,0,0,0,0,0,2412,11725,97,240,1944,5,16,0,0,Oklahoma,MN
2007Jamaal Anderson,AndeJa98,2007,1,8,ATL,Jamaal Anderson,No,DE,DE,21,0,0,77,0,0,0,0,0,0,0,0,0,0,0,96,0,7.5,Arkansas,GA
2007Ted Ginn,GinnTe00,2007,1,9,MIA,Ted Ginn,No,WR,WR,22,0,0,145,1,1,10,0,0,46,355,2,287,3907,22,16,0,0,Ohio St.,FL
2007Amobi Okoye,OkoyAm99,2007,1,10,HOU,Amobi Okoye,No,DT,DT,20,0,0,87,0,0,0,0,0,0,0,0,0,0,0,118,0,16,Louisville,TX
2007Patrick Willis,WillPa98,2007,1,11,SFO,Patrick Willis,No,LB,LB,22,5,7,112,0,0,0,0,0,0,0,0,0,0,0,732,8,20.5,Mississippi,CA
2007Marshawn Lynch,LyncMa00,2007,1,12,BUF,Marshawn Lynch,No,RB,RB,21,1,5,127,1,3,8,1,0,2144,9112,74,252,1979,9,11,0,0,California,NY
2007Adam Carriker,CarrAd99,2007,1,13,STL,Adam Carriker,No,DE,DE,23,0,0,65,0,0,0,0,0,0,0,0,0,0,0,85,0,9,Nebraska,MO
2007Darrelle Revis,ReviDa99,2007,1,14,NYJ,Darrelle Revis,No,DB,DB,22,4,7,134,0,0,0,0,0,0,0,0,0,-1,0,390,28,2,Pittsburgh,NY
2007Lawrence Timmons,TimmLa99,2007,1,15,PIT,Lawrence Timmons,No,LB,LB,21,0,1,153,0,0,0,0,0,0,0,0,0,0,0,659,10,34.5,Florida St.,PA
2007Justin Harrell,HarrJu99,2007,1,16,GNB,Justin Harrell,No,DT,DT,23,0,0,14,0,0,0,0,0,0,0,0,0,0,0,18,0,0,Tennessee,WI
2007Jarvis Moss,MossJa99,2007,1,17,DEN,Jarvis Moss,No,DE,DE,23,0,0,53,0,0,0,0,0,0,0,0,0,0,0,34,0,6,Florida,CO
2007Leon Hall,HallLe98,2007,1,18,CIN,Leon Hall,No,DB,DB,22,0,0,128,0,0,0,0,0,0,0,0,0,0,0,379,26,1,Michigan,OH
2007Michael Griffin,GrifMi99,2007,1,19,TEN,Michael Griffin,No,DB,DB,22,0,2,148,0,0,0,0,0,0,0,0,0,0,0,576,25,7,Texas,TN
2007Aaron Ross,RossAa99,2007,1,20,NYG,Aaron Ross,No,DB,DB,25,0,0,83,0,0,0,0,0,0,0,0,0,0,0,201,11,2.5,Texas,NY
2007Reggie Nelson,NelsRe99,2007,1,21,JAX,Reggie Nelson,No,DB,DB,24,0,1,148,0,0,0,0,0,0,0,0,0,0,0,519,33,6.5,Florida,FL
2007Brady Quinn,QuinBr00,2007,1,22,CLE,Brady Quinn,No,QB,QB,22,0,0,24,296,550,3043,12,17,44,185,1,1,18,0,2,0,0,Notre Dame,OH
2007Dwayne Bowe,BoweDw00,2007,1,23,KAN,Dwayne Bowe,No,WR,WR,23,0,1,125,0,0,0,0,0,2,16,0,537,7208,44,9,0,0,LSU,MO
2007Brandon Meriweather,MeriBr99,2007,1,24,NWE,Brandon Meriweather,No,DB,DB,23,0,2,112,0,0,0,0,0,0,0,0,0,0,0,335,17,6,Miami (FL),MA
2007Jon Beason,BeasJo99,2007,1,25,CAR,Jon Beason,No,LB,LB,22,1,3,93,0,0,0,0,0,0,0,0,0,0,0,526,10,4,Miami (FL),NC
2007Anthony Spencer,SpenAn99,2007,1,26,DAL,Anthony Spencer,No,DE,DE,23,0,1,104,0,0,0,0,0,0,0,0,0,0,0,273,1,33,Purdue,TX
2007Robert Meachem,MeacRo00,2007,1,27,NOR,Robert Meachem,No,WR,WR,23,0,0,103,0,0,0,0,0,18,127,1,178,2914,27,13,0,0,Tennessee,LA
2007Joe Staley,StalJo20,2007,1,28,SFO,Joe Staley,No,T,T,23,0,5,140,0,0,0,0,0,0,0,0,2,31,0,7,0,0,Central Michigan,CA
2007Ben Grubbs,GrubBe20,2007,1,29,BAL,Ben Grubbs,No,G,G,23,0,2,129,0,0,0,0,0,0,0,0,0,0,0,4,0,0,Auburn,MD
2007Craig Davis,DaviCr00,2007,1,30,SDG,Craig Davis,No,WR,WR,21,0,0,25,0,0,0,0,0,4,13,0,51,558,2,2,0,0,LSU,CA
2007Greg Olsen,OlseGr00,2007,1,31,CHI,Greg Olsen,No,TE,TE,22,0,2,152,0,0,0,0,0,0,0,0,596,7037,52,12,0,0,Miami (FL),IL
2007Anthony Gonzalez,GonzAn00,2007,1,32,IND,Anthony Gonzalez,No,WR,WR,23,0,0,40,0,0,0,0,0,0,0,0,99,1307,7,0,0,0,Ohio St.,IN
2007Alan Branch,BranAl99,2007,2,33,ARI,Alan Branch,No,DT,DT,22,0,0,128,0,0,0,0,0,0,0,0,0,0,0,167,0,10,Michigan,AZ
2007Paul Posluszny,PoluPa99,2007,2,34,BUF,Paul Posluszny,No,LB,LB,22,0,1,123,0,0,0,0,0,0,0,0,0,0,0,805,15,14.5,Penn St.,NY
2007Arron Sears,SearAr20,2007,2,35,TAM,Arron Sears,No,G,G,22,0,0,31,0,0,0,0,0,0,0,0,0,0,0,1,0,0,Tennessee,FL
2007Kevin Kolb,KolbKe00,2007,2,36,PHI,Kevin Kolb,No,QB,QB,23,0,0,34,449,755,5206,28,25,69,229,2,0,0,0,2,0,0,Houston,PA
2007Eric Weddle,WeddEr99,2007,2,37,SDG,Eric Weddle,No,DB,DB,22,2,3,147,0,1,0,0,0,5,24,0,0,0,0,709,21,6.5,Utah,CA
2007Zach Miller,MillZa01,2007,2,38,OAK,Zach Miller,No,TE,TE,21,0,1,110,0,0,0,0,0,0,0,0,328,3804,20,18,0,0,Arizona St.,CA
2007Justin Blalock,BlalJu20,2007,2,39,ATL,Justin Blalock,No,G,G,23,0,0,125,0,0,0,0,0,0,0,0,0,0,0,5,0,0,Texas,GA
2007John Beck,BeckJo00,2007,2,40,MIA,John Beck,No,QB,QB,26,0,0,9,140,239,1417,3,7,19,55,3,0,0,0,0,0,0,BYU,FL
2007Chris Houston,HousCh99,2007,2,41,ATL,Chris Houston,No,DB,DB,22,0,0,99,0,0,0,0,0,0,0,0,0,0,0,324,13,0,Arkansas,GA
2007Tony Ugoh,UgohTo20,2007,2,42,IND,Tony Ugoh,No,T,T,23,0,0,40,0,0,0,0,0,0,0,0,0,0,0,0,0,0,Arkansas,IN
2007Drew Stanton,StanDr00,2007,2,43,DET,Drew Stanton,No,QB,QB,23,0,0,32,264,496,3157,14,18,71,213,2,0,0,0,2,0,0,Michigan St.,MI
2007Sidney Rice,RiceSi01,2007,2,44,MIN,Sidney Rice,No,WR,WR,21,0,1,81,4,7,174,0,0,4,9,0,243,3592,30,3,0,0,South Carolina,MN
2007Dwayne Jarrett,JarrDw00,2007,2,45,CAR,Dwayne Jarrett,No,WR,WR,21,0,0,32,0,0,0,0,0,1,11,0,35,428,1,2,0,0,USC,NC
2007LaMarr Woodley,WoodLa99,2007,2,46,PIT,LaMarr Woodley,No,DE,DE,22,0,1,110,0,0,0,0,0,0,0,0,0,0,0,225,5,58,Michigan,PA
2007David Harris,HarrDa99,2007,2,47,NYJ,David Harris,No,LB,LB,23,0,0,148,0,0,0,0,0,0,0,0,0,0,0,681,6,35,Michigan,NY
2007Justin Durant,DuraJu99,2007,2,48,JAX,Justin Durant,No,LB,LB,22,0,0,119,0,0,0,0,0,0,0,0,0,0,0,489,3,4.5,Hampton,FL
2007Kenny Irons,0,2007,2,49,CIN,Kenny Irons,No,RB,RB,0,0,0,0,0,0,0,0,0,0,0,0,0,0,0,0,0,0,Auburn,OH
2007Chris Henry,HenrCh01,2007,2,50,TEN,Chris Henry,No,RB,RB,22,0,0,11,0,0,0,0,0,32,122,2,6,53,0,3,0,0,Arizona,TN
2007Steve Smith,SmitSt02,2007,2,51,NYG,Steve Smith,No,WR,WR,22,0,1,64,0,0,0,0,0,0,0,0,245,2641,12,5,0,0,USC,NY
2007Brian Leonard,LeonBr00,2007,2,52,STL,Brian Leonard,No,RB,RB,23,0,0,88,0,0,0,0,0,221,828,0,143,1008,1,30,0,0,Rutgers,MO
2007Eric Wright,WrigEr99,2007,2,53,CLE,Eric Wright,No,DB,DB,22,0,0,92,0,0,0,0,0,0,0,0,0,0,0,332,15,1,UNLV,OH
2007Turk McBride,McBrTu99,2007,2,54,KAN,Turk McBride,No,DT,DT,22,0,0,66,0,0,0,0,0,0,0,0,0,0,0,78,0,9.5,Tennessee,MO
2007Josh Wilson,WilsJo99,2007,2,55,SEA,Josh Wilson,No,DB,DB,22,0,0,126,0,0,0,0,0,0,0,0,0,0,0,375,15,5.5,Maryland,WA
2007Tim Crowder,CrowTi99,2007,2,56,DEN,Tim Crowder,No,DE,DE,22,0,0,60,0,0,0,0,0,0,0,0,0,0,0,83,0,10.5,Texas,CO
2007Victor Abiamiri,AbiaVi99,2007,2,57,PHI,Victor Abiamiri,No,DE,DE,21,0,0,29,0,0,0,0,0,0,0,0,0,0,0,20,0,4,Notre Dame,PA
2007Ikaika Alama-Francis,AlamIk99,2007,2,58,DET,Ikaika Alama-Francis,No,DE,DE,22,0,0,35,0,0,0,0,0,0,0,0,0,0,0,30,0,1,Hawaii,MI
2007Ryan Kalil,KaliRy20,2007,2,59,CAR,Ryan Kalil,No,C,C,22,2,5,126,0,0,0,0,0,0,0,0,0,0,0,12,0,0,USC,NC
2007Samson Satele,SateSa20,2007,2,60,MIA,Samson Satele,No,C,C,22,0,0,118,0,0,0,0,0,1,0,0,1,-3,0,6,0,0,Hawaii,FL
2007Gerald Alexander,AlexGe99,2007,2,61,DET,Gerald Alexander,No,DB,DB,23,0,0,44,0,0,0,0,0,0,0,0,0,0,0,121,4,2,Boise St.,MI
2007Dan Bazuin,0,2007,2,62,CHI,Dan Bazuin,No,DE,DE,0,0,0,0,0,0,0,0,0,0,0,0,0,0,0,0,0,0,Central Michigan,IL
2007Brandon Jackson,JackBr00,2007,2,63,GNB,Brandon Jackson,No,RB,RB,21,0,0,54,0,0,0,0,0,355,1383,7,112,864,2,9,0,0,Nebraska,WI
2007Sabby Piscitelli,PiscSa99,2007,2,64,TAM,Sabby Piscitelli,No,LB,LB,24,0,0,66,0,0,0,0,0,0,0,0,0,0,0,158,5,0,Oregon St.,FL
2007Quentin Moses,MoseQu99,2007,3,65,OAK,Quentin Moses,No,DE,DE,23,0,0,44,0,0,0,0,0,0,0,0,0,0,0,29,0,3.5,Georgia,CA
2007Usama Young,YounUs99,2007,3,66,NOR,Usama Young,No,DB,DB,22,0,0,99,0,0,0,0,0,0,0,0,0,0,0,222,8,6,Kent St.,LA
2007James Marten,MartJa21,2007,3,67,DAL,James Marten,No,T,T,23,0,0,1,0,0,0,0,0,0,0,0,0,0,0,0,0,0,Boston Col.,TX
2007Quincy Black,BlacQu99,2007,3,68,TAM,Quincy Black,No,LB,LB,23,0,0,81,0,0,0,0,0,0,0,0,0,0,0,229,3,3.5,New Mexico,FL
2007Buster Davis,DaviBu99,2007,3,69,ARI,Buster Davis,No,LB,LB,23,0,0,7,0,0,0,0,0,0,0,0,0,0,0,18,0,0,Florida St.,AZ
2007Ryan Harris,HarrRy20,2007,3,70,DEN,Ryan Harris,No,T,T,22,0,0,116,0,0,0,0,0,0,0,0,0,0,0,7,0,0,Notre Dame,CO
2007Lorenzo Booker,BookLo00,2007,3,71,MIA,Lorenzo Booker,No,RB,RB,23,0,0,36,0,0,0,0,0,61,230,0,47,362,0,3,0,0,Florida St.,FL
2007Marcus McCauley,McCaMa99,2007,3,72,MIN,Marcus McCauley,No,DB,DB,24,0,0,27,0,0,0,0,0,0,0,0,0,0,0,59,0,0,Fresno St.,MN
2007Jacoby Jones,JoneJa03,2007,3,73,HOU,Jacoby Jones,No,WR,WR,23,1,1,128,0,0,0,0,0,19,62,0,203,2733,14,8,0,0,Lane College,TX
2007Yamon Figurs,FiguYa00,2007,3,74,BAL,Yamon Figurs,No,WR,WR,24,0,0,34,0,0,0,0,0,3,-7,0,5,103,1,4,0,0,Kansas St.,MD
2007Laurent Robinson,RobiLa01,2007,3,75,ATL,Laurent Robinson,No,WR,WR,22,0,0,59,0,0,0,0,0,2,-14,0,167,2110,15,7,0,0,Illinois St.,GA
2007Jason Hill,HillJa00,2007,3,76,SFO,Jason Hill,No,WR,WR,22,0,0,54,0,0,0,0,0,2,5,0,78,1043,9,14,0,0,Washington St.,CA
2007Matt Spaeth,SpaeMa00,2007,3,77,PIT,Matt Spaeth,No,TE,TE,23,0,0,123,0,0,0,0,0,0,0,0,55,420,10,8,0,0,Minnesota,PA
2007James Jones,JoneJa04,2007,3,78,GNB,James Jones,No,WR,WR,23,0,0,136,0,0,0,0,0,0,0,0,433,5861,51,7,0,0,San Jose St.,WI
2007Mike Sims-Walker,WalkMi01,2007,3,79,JAX,Mike Sims-Walker,No,WR,WR,22,0,0,44,0,0,0,0,0,0,0,0,134,1798,14,11,0,0,Central Florida,FL
2007Paul Williams,WillPa00,2007,3,80,TEN,Paul Williams,No,WR,WR,23,0,0,5,0,0,0,0,0,0,0,0,1,7,0,0,0,0,Fresno St.,TN
2007Jay Alford,AlfoJa99,2007,3,81,NYG,Jay Alford,No,DT,DT,24,0,0,36,0,0,0,0,0,0,0,0,0,0,0,13,0,3.5,Penn St.,NY
2007Tank Tyler,TyleTa99,2007,3,82,KAN,Tank Tyler,No,DT,DT,22,0,0,43,0,0,0,0,0,0,0,0,0,0,0,63,0,0,North Carolina St.,MO
2007Charles Johnson,JohnCh98,2007,3,83,CAR,Charles Johnson,No,DE,DE,21,0,0,128,0,0,0,0,0,0,0,0,0,0,0,222,0,65.5,Georgia,NC
2007Jonathan Wade,WadeJo99,2007,3,84,STL,Jonathan Wade,No,DB,DB,23,0,0,61,0,0,0,0,0,0,0,0,0,0,0,98,2,0,Tennessee,MO
2007Brandon Mebane,MebaBr99,2007,3,85,SEA,Brandon Mebane,No,DT,DT,22,0,0,141,0,0,0,0,0,0,0,0,0,0,0,245,1,16.5,California,WA
2007Marshal Yanda,YandMa20,2007,3,86,BAL,Marshal Yanda,No,T,T,23,2,5,138,0,0,0,0,0,0,0,0,0,0,0,6,0,0,Iowa,MD
2007Stewart Bradley,BradSt99,2007,3,87,PHI,Stewart Bradley,No,LB,LB,23,0,0,76,0,0,0,0,0,0,0,0,0,0,0,179,3,3,Nebraska,PA
2007Andy Alleman,AlleAn20,2007,3,88,NOR,Andy Alleman,No,G,G,23,0,0,24,0,0,0,0,0,0,0,0,0,0,0,0,0,0,Akron,LA
2007Aaron Rouse,RousAa99,2007,3,89,GNB,Aaron Rouse,No,DB,DB,23,0,0,41,0,0,0,0,0,0,0,0,0,0,0,109,4,1,Virginia Tech,WI
2007Tony Hunt,HuntTo01,2007,3,90,PHI,Tony Hunt,No,RB,RB,21,0,0,14,0,0,0,0,0,14,25,2,6,42,0,2,0,0,Penn St.,PA
2007Mario Henderson,HendMa21,2007,3,91,OAK,Mario Henderson,No,DT,DT,22,0,0,44,0,0,0,0,0,0,0,0,0,0,0,3,0,0,Florida St.,CA
2007Trent Edwards,EdwaTr01,2007,3,92,BUF,Trent Edwards,No,QB,QB,23,0,0,38,563,929,6033,26,30,78,330,3,0,0,0,1,0,0,Stanford,NY
2007Garrett Wolfe,WolfGa00,2007,3,93,CHI,Garrett Wolfe,No,RB,RB,23,0,0,50,0,0,0,0,0,72,282,1,11,129,0,39,0,0,Northern Illinois,IL
2007Michael Okwo,0,2007,3,94,CHI,Michael Okwo,No,LB,LB,0,0,0,0,0,0,0,0,0,0,0,0,0,0,0,0,0,0,Stanford,IL
2007Dante Hughes,HughDa99,2007,3,95,IND,Dante Hughes,No,DB,DB,22,0,0,53,0,0,0,0,0,0,0,0,0,0,0,87,1,0,California,IN
2007Anthony Waters,WateAn00,2007,3,96,SDG,Anthony Waters,No,LB,LB,23,0,0,20,0,0,0,0,0,0,0,0,0,0,0,13,0,0,Clemson,CA
2007Ray McDonald,McDoRa99,2007,3,97,SFO,Ray McDonald,No,DE,DE,23,0,0,115,0,0,0,0,0,0,0,0,0,0,0,154,1,19.5,Florida,CA
2007Quinn Pitcock,PitcQu99,2007,3,98,IND,Quinn Pitcock,No,DT,DT,24,0,0,9,0,0,0,0,0,0,0,0,0,0,0,13,0,1.5,Ohio St.,IN
2007Johnnie Lee Higgins,HiggJo00,2007,3,99,OAK,Johnnie Lee Higgins,No,WR,WR,24,0,0,60,0,0,0,0,0,7,58,0,57,779,4,3,0,0,Texas-El Paso,CA
2007Michael Bush,BushMi00,2007,4,100,OAK,Michael Bush,No,RB,RB,23,0,0,89,1,3,8,0,0,809,3250,29,104,1010,2,2,0,0,Louisville,CA
2007Adam Podlesh,PodlAd20,2007,4,101,JAX,Adam Podlesh,No,P,P,24,0,0,107,0,1,0,0,0,2,-2,0,0,0,0,9,0,0,Maryland,FL
2007Brian Robison,RobiBr98,2007,4,102,MIN,Brian Robison,No,DE,DE,24,0,0,153,0,0,0,0,0,0,0,0,0,0,0,185,0,53.5,Texas,MN
2007Isaiah Stanback,StanIs00,2007,4,103,DAL,Isaiah Stanback,No,QB,QB,23,0,0,22,0,0,0,0,0,0,0,0,6,52,0,0,0,0,Washington,TX
2007Jay Moore,0,2007,4,104,SFO,Jay Moore,No,DE,DE,0,0,0,0,0,0,0,0,0,0,0,0,0,0,0,0,0,0,Nebraska,CA
2007A.J. Davis,0,2007,4,105,DET,A.J. Davis,No,DB,DB,0,0,0,0,0,0,0,0,0,0,0,0,0,0,0,0,0,0,North Carolina St.,MI
2007Tanard Jackson,JackTa99,2007,4,106,TAM,Tanard Jackson,No,DB,DB,22,0,0,56,0,0,0,0,0,0,0,0,0,0,0,212,10,1,Syracuse,FL
2007Antonio Pittman,PittAn00,2007,4,107,NOR,Antonio Pittman,No,RB,RB,21,0,0,23,0,0,0,0,0,117,435,0,21,147,0,4,0,0,Ohio St.,LA
2007Paul Soliai,SoliPa99,2007,4,108,MIA,Paul Soliai,No,DT,DT,23,0,1,135,0,0,0,0,0,0,0,0,0,0,0,157,0,5.5,Utah,FL
2007Stephen Nicholas,NichSt99,2007,4,109,ATL,Stephen Nicholas,No,LB,LB,24,0,0,101,0,0,0,0,0,0,0,0,0,0,0,284,2,8,South Florida,GA
2007John Bowie,BowiJo99,2007,4,110,OAK,John Bowie,No,DB,DB,23,0,0,5,0,0,0,0,0,0,0,0,0,0,0,2,0,0,Cincinnati,CA
2007Dwayne Wright,WrigDw01,2007,4,111,BUF,Dwayne Wright,No,RB,RB,24,0,0,15,0,0,0,0,0,29,94,0,3,17,0,3,0,0,Fresno St.,NY
2007Daniel Sepulveda,SepuDa20,2007,4,112,PIT,Daniel Sepulveda,No,P,P,23,0,0,52,2,2,65,0,0,0,0,0,0,0,0,6,0,0,Baylor,PA
2007Brian Smith,0,2007,4,113,JAX,Brian Smith,No,DE,DE,0,0,0,0,0,0,0,0,0,0,0,0,0,0,0,0,0,0,Missouri,FL
2007Marvin White,WhitMa99,2007,4,114,CIN,Marvin White,No,DB,DB,23,0,0,43,0,0,0,0,0,0,0,0,0,0,0,110,1,0,TCU,OH
2007Leroy Harris,HarrLe21,2007,4,115,TEN,Leroy Harris,No,C,C,23,0,0,76,0,0,0,0,0,0,0,0,0,0,0,0,0,0,North Carolina St.,TN
2007Zak DeOssie,DeOsZa99,2007,4,116,NYG,Zak DeOssie,No,LB,LB,23,0,2,150,0,0,0,0,0,0,0,0,0,0,0,19,0,0,Brown,NY
2007Manuel Ramirez,RamiMa20,2007,4,117,DET,Manuel Ramirez,No,G,G,24,0,0,83,0,0,0,0,0,0,0,0,0,0,0,6,0,0,Texas Tech,MI
2007Ryne Robinson,RobiRy00,2007,4,118,CAR,Ryne Robinson,No,WR,WR,22,0,0,16,0,0,0,0,0,0,0,0,4,35,0,1,0,0,Miami (OH),NC
2007Allen Barbre,BarbAl20,2007,4,119,GNB,Allen Barbre,No,T,T,23,0,0,72,0,0,0,0,0,0,0,0,0,0,0,1,0,0,Missouri Southern,WI
2007Baraka Atkins,AtkiBa99,2007,4,120,SEA,Baraka Atkins,No,DE,DE,23,0,0,21,0,0,0,0,0,0,0,0,0,0,0,20,0,2,Miami (FL),WA
2007Marcus Thomas,ThomMa99,2007,4,121,DEN,Marcus Thomas,No,DT,DT,22,0,0,76,0,0,0,0,0,0,0,0,0,0,0,104,2,1,Florida,CO
2007Doug Free,FreeDo20,2007,4,122,DAL,Doug Free,No,T,T,23,0,0,119,0,0,0,0,0,0,0,0,0,0,0,4,0,0,Northern Illinois,TX
2007Fred Bennett,BennFr99,2007,4,123,HOU,Fred Bennett,No,DB,DB,23,0,0,49,0,0,0,0,0,0,0,0,0,0,0,106,5,0,South Carolina,TX
2007Mansfield Wrotto,WrotMa20,2007,4,124,SEA,Mansfield Wrotto,No,G,G,22,0,0,27,0,0,0,0,0,0,0,0,0,0,0,0,0,0,Georgia Tech,WA
2007Jermon Bushrod,BushJe20,2007,4,125,NOR,Jermon Bushrod,No,T,T,23,0,2,118,0,0,0,0,0,0,0,0,0,0,0,6,0,0,Towson,LA
2007Dashon Goldson,GoldDa99,2007,4,126,SFO,Dashon Goldson,No,DB,DB,23,1,2,127,0,0,0,0,0,2,53,0,0,0,0,464,16,3,Washington,CA
2007Kareem Brown,BrowKa99,2007,4,127,NWE,Kareem Brown,No,DT,DT,24,0,0,1,0,0,0,0,0,0,0,0,0,0,0,0,0,0,Miami (FL),MA
2007Chris Davis,DaviCh02,2007,4,128,TEN,Chris Davis,No,WR,WR,23,0,0,17,0,0,0,0,0,2,19,0,7,69,0,3,0,0,Florida St.,TN
2007Scott Chandler,ChanSc00,2007,4,129,SDG,Scott Chandler,No,TE,TE,22,0,0,90,0,0,0,0,0,0,0,0,205,2379,21,17,0,0,Iowa,CA
2007Josh Beekman,BeekJo20,2007,4,130,CHI,Josh Beekman,No,C,C,24,0,0,28,0,0,0,0,0,0,0,0,0,0,0,4,0,0,Boston Col.,IL
2007Brannon Condren,CondBr99,2007,4,131,IND,Brannon Condren,No,DB,DB,24,0,0,13,0,0,0,0,0,0,0,0,0,0,0,5,0,0,Troy,IN
2007Ryan McBean,McBeRy99,2007,4,132,PIT,Ryan McBean,No,DT,DT,23,0,0,47,0,0,0,0,0,0,0,0,0,0,0,49,0,4,Oklahoma St.,PA
2007Martrez Milner,MilnMa00,2007,4,133,ATL,Martrez Milner,No,TE,TE,23,0,0,8,0,0,0,0,0,0,0,0,9,50,0,0,0,0,Georgia,GA
2007Antwan Barnes,BarnAn99,2007,4,134,BAL,Antwan Barnes,No,LB,LB,22,0,0,88,0,0,0,0,0,0,0,0,0,0,0,105,1,25.5,Florida International,MD
2007Joe Cohen,CoheJo00,2007,4,135,SFO,Joe Cohen,No,DT,DT,23,0,0,7,0,0,0,0,0,0,0,0,0,0,0,6,0,1,Florida,CA
2007Clint Session,SessCl99,2007,4,136,IND,Clint Session,No,LB,LB,23,0,0,57,0,0,0,0,0,0,0,0,0,0,0,227,4,2.5,Pittsburgh,IN
2007Le'Ron McClain,McClLe00,2007,4,137,BAL,Le'Ron McClain,No,RB,RB,22,1,2,111,0,0,0,0,0,354,1310,13,94,557,3,7,0,0,Alabama,MD
2007Jay Richardson,RichJa99,2007,5,138,OAK,Jay Richardson,No,DE,DE,23,0,0,59,0,0,0,0,0,0,0,0,0,0,0,87,0,7,Ohio St.,CA
2007Dustin Fry,FryxDu20,2007,5,139,STL,Dustin Fry,No,C,C,23,0,0,4,0,0,0,0,0,0,0,0,0,0,0,0,0,0,Clemson,MO
2007Brandon McDonald,McDoBr99,2007,5,140,CLE,Brandon McDonald,No,DB,DB,22,0,0,80,0,0,0,0,0,0,0,0,0,0,0,178,9,1,Memphis,OH
2007Greg Peterson,PeteGr99,2007,5,141,TAM,Greg Peterson,No,DE,DE,23,0,0,14,0,0,0,0,0,0,0,0,0,0,0,13,0,1.5,North Carolina Central,FL
2007Steve Breaston,BreaSt00,2007,5,142,ARI,Steve Breaston,No,WR,WR,24,0,0,86,1,2,17,0,0,10,120,0,255,3387,9,7,0,0,Michigan,AZ
2007Dallas Sartz,0,2007,5,143,WAS,Dallas Sartz,No,LB,LB,0,0,0,0,0,0,0,0,0,0,0,0,0,0,0,0,0,0,USC,DC
2007Brandon Harrison,HarrBr99,2007,5,144,HOU,Brandon Harrison,No,DB,DB,22,0,0,15,0,0,0,0,0,0,0,0,0,0,0,24,0,0,Stanford,TX
2007David Jones,JoneDa99,2007,5,145,NOR,David Jones,No,DB,DB,22,0,0,59,0,0,0,0,0,0,0,0,0,0,0,87,1,0,Wingate,LA
2007Aundrae Allison,AlliAu00,2007,5,146,MIN,Aundrae Allison,No,WR,WR,21,0,0,26,0,0,0,0,0,3,4,0,18,231,0,2,0,0,East Carolina,MN
2007Tarell Brown,BrowTa99,2007,5,147,SFO,Tarell Brown,No,DB,DB,22,0,0,117,0,0,0,0,0,0,0,0,0,0,0,272,11,0,Texas,CA
2007Kolby Smith,SmitKo00,2007,5,148,KAN,Kolby Smith,No,RB,RB,22,0,0,27,0,0,0,0,0,162,540,3,34,209,0,7,0,0,Louisville,MO
2007Uche Nwaneri,NwanUc20,2007,5,149,JAX,Uche Nwaneri,No,G,G,23,0,0,104,0,0,0,0,0,0,0,0,0,0,0,5,0,0,Purdue,FL
2007Josh Gattis,GattJo99,2007,5,150,JAX,Josh Gattis,No,DB,DB,23,0,0,4,0,0,0,0,0,0,0,0,0,0,0,1,0,0,Wake Forest,FL
2007Jeff Rowe,RoweJe00,2007,5,151,CIN,Jeff Rowe,No,QB,QB,23,0,0,2,0,0,0,0,0,0,0,0,0,0,0,0,0,0,Nevada,OH
2007Antonio Johnson,JohnAn03,2007,5,152,TEN,Antonio Johnson,No,DT,DT,22,0,0,83,0,0,0,0,0,0,0,0,0,0,0,98,0,4.5,Mississippi St.,TN
2007Kevin Boss,BossKe00,2007,5,153,NYG,Kevin Boss,No,TE,TE,23,0,0,74,0,0,0,0,0,1,16,0,150,2033,22,8,0,0,West. Oregon,NY
2007Clifton Ryan,RyanCl99,2007,5,154,STL,Clifton Ryan,No,DT,DT,23,0,0,49,0,0,0,0,0,0,0,0,0,0,0,82,0,3,Michigan St.,MO
2007Dante Rosario,RosaDa00,2007,5,155,CAR,Dante Rosario,No,TE,TE,22,0,0,122,0,0,0,0,0,1,-2,0,116,1235,8,30,0,0,Oregon,NC
2007Cameron Stephenson,0,2007,5,156,PIT,Cameron Stephenson,No,G,G,0,0,0,0,0,0,0,0,0,0,0,0,0,0,0,0,0,0,Rutgers,PA
2007David Clowney,ClowDa00,2007,5,157,GNB,David Clowney,No,WR,WR,22,0,0,28,0,0,0,0,0,3,1,0,22,341,1,2,0,0,Virginia Tech,WI
2007Johnny Baldwin,BaldJo99,2007,5,158,DET,Johnny Baldwin,No,LB,LB,23,0,0,3,0,0,0,0,0,0,0,0,0,0,0,2,0,0,Arkansas A&M,MI
2007C.J. Gaddis,0,2007,5,159,PHI,C.J. Gaddis,No,DB,DB,0,0,0,0,0,0,0,0,0,0,0,0,0,0,0,0,0,0,Clemson,PA
2007Justin Medlock,MedlJu20,2007,5,160,KAN,Justin Medlock,No,K,K,23,0,0,11,0,0,0,0,0,0,0,0,0,0,0,0,0,0,UCLA,MO
2007Will Herring,HerrWi99,2007,5,161,SEA,Will Herring,No,LB,LB,24,0,0,109,0,0,0,0,0,0,0,0,0,0,0,121,3,1,Auburn,WA
2007Brent Celek,CeleBr00,2007,5,162,PHI,Brent Celek,No,TE,TE,22,0,0,153,0,0,0,0,0,0,0,0,378,4820,30,10,0,0,Cincinnati,PA
2007Brandon Frye,FryeBr21,2007,5,163,HOU,Brandon Frye,No,T,T,24,0,0,11,0,0,0,0,0,0,0,0,0,0,0,0,0,0,Virginia Tech,TX
2007Tim Shaw,ShawTi99,2007,5,164,CAR,Tim Shaw,No,LB,LB,23,0,0,80,0,0,0,0,0,0,0,0,0,0,0,96,0,0,Penn St.,NC
2007Eric Frampton,FramEr99,2007,5,165,OAK,Eric Frampton,No,DB,DB,23,0,0,91,0,0,0,0,0,0,0,0,0,0,0,84,0,0,Washington St.,CA
2007Derek Landri,LandDe99,2007,5,166,JAX,Derek Landri,No,DT,DT,24,0,0,88,0,0,0,0,0,0,0,0,0,0,0,96,0,9,Notre Dame,FL
2007Kevin Payne,PaynKe99,2007,5,167,CHI,Kevin Payne,No,DB,DB,23,0,0,32,0,0,0,0,0,0,0,0,0,0,0,113,4,1,La-Monroe,IL
2007Corey Graham,GrahCo99,2007,5,168,CHI,Corey Graham,No,DB,DB,22,0,1,151,0,0,0,0,0,0,0,0,0,0,0,442,15,3,New Hampshire,IL
2007Roy Hall,HallRo02,2007,5,169,IND,Roy Hall,No,WR,WR,23,0,0,7,0,0,0,0,0,0,0,0,1,9,0,4,0,0,Ohio St.,IN
2007William Gay,GayxWi99,2007,5,170,PIT,William Gay,No,DB,DB,22,0,0,155,0,0,0,0,0,0,0,0,0,0,0,439,12,7,Louisville,PA
2007Clint Oldenburg,OldeCl20,2007,5,171,NWE,Clint Oldenburg,No,T,T,24,0,0,2,0,0,0,0,0,0,0,0,0,0,0,0,0,0,Colorado St.,MA
2007Legedu Naanee,NaanLe00,2007,5,172,SDG,Legedu Naanee,No,WR,WR,24,0,0,73,2,2,48,0,0,6,5,0,108,1232,4,22,0,0,Boise St.,CA
2007Michael Coe,CoexMi99,2007,5,173,IND,Michael Coe,No,DB,DB,23,0,0,38,0,0,0,0,0,0,0,0,0,0,0,34,0,0,Alabama St.,IN
2007Troy Smith,SmitTr02,2007,5,174,BAL,Troy Smith,No,QB,QB,23,0,0,20,121,234,1734,8,5,52,230,3,1,36,0,2,0,0,Ohio St.,MD
2007Oren O'Neal,ONeaOr00,2007,6,175,OAK,Oren O'Neal,No,FB,FB,24,0,0,18,0,0,0,0,0,1,0,0,1,1,0,3,0,0,Arkansas St.,CA
2007Rufus Alexander,AlexRu20,2007,6,176,MIN,Rufus Alexander,No,LB,LB,24,0,0,1,0,0,0,0,0,0,0,0,0,0,0,0,0,0,Oklahoma,MN
2007Jacob Bender,BendJa20,2007,6,177,NYJ,Jacob Bender,No,T,T,22,0,0,2,0,0,0,0,0,0,0,0,0,0,0,0,0,0,Nicholls St.,NY
2007Nick Folk,FolkNi20,2007,6,178,DAL,Nick Folk,No,K,K,22,0,1,144,0,0,0,0,0,0,0,0,0,0,0,3,0,0,Arizona,TX
2007H.B. Blades,BladH.99,2007,6,179,WAS,H.B. Blades,No,LB,LB,23,0,0,64,0,0,0,0,0,0,0,0,0,0,0,98,0,0,Pittsburgh,DC
2007Justin Rogers,RogeJu99,2007,6,180,NWE,Justin Rogers,No,LB,LB,24,0,0,32,0,0,0,0,0,0,0,0,0,0,0,24,0,0,SMU,MA
2007Reagan Maui'a,MauiRe00,2007,6,181,MIA,Reagan Maui'a,No,RB,RB,23,0,0,39,0,0,0,0,0,4,5,0,6,44,0,5,0,0,Hawaii,FL
2007Adam Hayward,HaywAd98,2007,6,182,TAM,Adam Hayward,No,LB,LB,23,0,0,118,0,0,0,0,0,0,0,0,0,0,0,136,0,1,Portland,FL
2007Kasey Studdard,StudKa20,2007,6,183,HOU,Kasey Studdard,No,G,G,23,0,0,25,0,0,0,0,0,0,0,0,0,0,0,1,0,0,Texas,TX
2007John Wendling,WendJo99,2007,6,184,BUF,John Wendling,No,DB,DB,24,0,0,110,0,0,0,0,0,0,0,0,0,0,0,114,1,0,Wyoming,NY
2007Trey Lewis,LewiTr99,2007,6,185,ATL,Trey Lewis,No,DT,DT,22,0,0,18,0,0,0,0,0,0,0,0,0,0,0,25,1,0,Washburn,GA
2007Thomas Clayton,0,2007,6,186,SFO,Thomas Clayton,No,RB,RB,0,0,0,0,0,0,0,0,0,0,0,0,0,0,0,0,0,0,Kansas St.,CA
2007Matt Toeaina,ToeaMa99,2007,6,187,CIN,Matt Toeaina,No,DT,DT,22,0,0,36,0,0,0,0,0,0,0,0,0,0,0,35,0,2,Oregon,OH
2007Joel Filani,0,2007,6,188,TEN,Joel Filani,No,WR,WR,0,0,0,0,0,0,0,0,0,0,0,0,0,0,0,0,0,0,Texas Tech,TN
2007Adam Koets,KoetAd20,2007,6,189,NYG,Adam Koets,No,T,T,23,0,0,12,0,0,0,0,0,0,0,0,0,0,0,1,0,0,Oregon St.,NY
2007Ken Shackleford,0,2007,6,190,STL,Ken Shackleford,No,T,T,0,0,0,0,0,0,0,0,0,0,0,0,0,0,0,0,0,0,Georgia,MO
2007Korey Hall,HallKo99,2007,6,191,GNB,Korey Hall,No,LB,LB,24,0,0,61,0,0,0,0,0,0,0,0,21,137,1,36,0,0,Boise St.,WI
2007Desmond Bishop,BishDe99,2007,6,192,GNB,Desmond Bishop,No,LB,LB,23,0,0,75,0,0,0,0,0,0,0,0,0,0,0,226,1,9,California,WI
2007Mason Crosby,CrosMa20,2007,6,193,GNB,Mason Crosby,No,K,K,23,0,0,154,0,0,0,0,0,0,0,0,0,0,0,17,0,0,Colorado,WI
2007David Irons,IronDa99,2007,6,194,ATL,David Irons,No,DB,DB,24,0,0,20,0,0,0,0,0,0,0,0,0,0,0,16,0,0,Auburn,GA
2007Deon Anderson,AndeDe01,2007,6,195,DAL,Deon Anderson,No,FB,FB,24,0,0,39,0,0,0,0,0,2,3,0,9,67,1,14,0,0,Connecticut,TX
2007Herbert Taylor,TaylHe21,2007,6,196,KAN,Herbert Taylor,No,T,T,23,0,0,20,0,0,0,0,0,0,0,0,0,0,0,0,0,0,TCU,MO
2007Courtney Taylor,TaylCo00,2007,6,197,SEA,Courtney Taylor,No,WR,WR,23,0,0,18,0,0,0,0,0,0,0,0,14,136,0,6,0,0,Auburn,WA
2007Doug Datish,0,2007,6,198,ATL,Doug Datish,No,C,C,0,0,0,0,0,0,0,0,0,0,0,0,0,0,0,0,0,0,Ohio St.,GA
2007Drew Mormino,0,2007,6,199,MIA,Drew Mormino,No,C,C,0,0,0,0,0,0,0,0,0,0,0,0,0,0,0,0,0,0,Central Michigan,FL
2007Melila Purcell,0,2007,6,200,CLE,Melila Purcell,No,DE,DE,0,0,0,0,0,0,0,0,0,0,0,0,0,0,0,0,0,0,Hawaii,OH
2007Rashad Barksdale,BarkRa99,2007,6,201,PHI,Rashad Barksdale,No,DB,DB,23,0,0,6,0,0,0,0,0,0,0,0,0,0,0,8,0,0,Albany,PA
2007Mike Richardson,RichMi99,2007,6,202,NWE,Mike Richardson,No,DB,DB,23,0,0,22,0,0,0,0,0,0,0,0,0,0,0,28,0,0,Notre Dame,MA
2007Daren Stone,StonDa99,2007,6,203,ATL,Daren Stone,No,DB,DB,22,0,0,20,0,0,0,0,0,0,0,0,0,0,0,12,0,0,Maine,GA
2007Jacob Ford,FordJa99,2007,6,204,TEN,Jacob Ford,No,DE,DE,24,0,0,43,0,0,0,0,0,0,0,0,0,0,0,69,0,15.5,Central Arkansas,TN
2007Jordan Palmer,PalmJo20,2007,6,205,WAS,Jordan Palmer,No,QB,QB,23,0,0,5,11,18,66,0,2,2,3,0,0,0,0,0,0,0,Texas-El Paso,DC
2007Ryan Smith,0,2007,6,206,TEN,Ryan Smith,No,DB,DB,0,0,0,0,0,0,0,0,0,0,0,0,0,0,0,0,0,0,Florida,TN
2007Prescott Burgess,BurgPr99,2007,6,207,BAL,Prescott Burgess,No,LB,LB,23,0,0,40,0,0,0,0,0,0,0,0,0,0,0,33,0,0,Michigan,MD
2007Justise Hairston,0,2007,6,208,NWE,Justise Hairston,No,RB,RB,0,0,0,0,0,0,0,0,0,0,0,0,0,0,0,0,0,0,Connecticut State,MA
2007Corey Hilliard,HillCo21,2007,6,209,NWE,Corey Hilliard,No,T,T,22,0,0,47,0,0,0,0,0,0,0,0,0,0,0,1,0,0,Oklahoma St.,MA
2007Jordan Kent,KentJo20,2007,6,210,SEA,Jordan Kent,No,WR,WR,23,0,0,14,0,0,0,0,0,0,0,0,1,5,0,3,0,0,Oregon,WA
2007Oscar Lua,0,2007,7,211,NWE,Oscar Lua,No,LB,LB,0,0,0,0,0,0,0,0,0,0,0,0,0,0,0,0,0,0,USC,MA
2007Courtney Brown,BrowCo97,2007,7,212,DAL,Courtney Brown,No,DB,DB,23,0,0,17,0,0,0,0,0,0,0,0,0,0,0,10,0,0,Cal Poly-SLO,TX
2007Chase Pittman,0,2007,7,213,CLE,Chase Pittman,No,DE,DE,0,0,0,0,0,0,0,0,0,0,0,0,0,0,0,0,0,0,LSU,OH
2007Chris Denman,0,2007,7,214,TAM,Chris Denman,No,T,T,0,0,0,0,0,0,0,0,0,0,0,0,0,0,0,0,0,0,Fresno St.,FL
2007Ben Patrick,PatrBe00,2007,7,215,ARI,Ben Patrick,No,TE,TE,23,0,0,42,0,0,0,0,0,0,0,0,45,446,4,2,0,0,Delaware,AZ
2007Tyler Ecker,0,2007,7,216,WAS,Tyler Ecker,No,TE,TE,0,0,0,0,0,0,0,0,0,0,0,0,0,0,0,0,0,0,Michigan,DC
2007Tyler Thigpen,ThigTy00,2007,7,217,MIN,Tyler Thigpen,No,QB,QB,23,0,0,29,275,509,3222,21,18,79,469,3,1,37,1,1,0,0,Coastal Carolina,MN
2007Zach Diles,DileZa99,2007,7,218,HOU,Zach Diles,No,LB,LB,22,0,0,74,0,0,0,0,0,0,0,0,0,0,0,176,1,1,Kansas St.,TX
2007Kelvin Smith,SmitKe97,2007,7,219,MIA,Kelvin Smith,No,LB,LB,23,0,0,7,0,0,0,0,0,0,0,0,0,0,0,0,0,0,Syracuse,FL
2007Marvin Mitchell,MitcMa99,2007,7,220,NOR,Marvin Mitchell,No,LB,LB,22,0,0,98,0,0,0,0,0,0,0,0,0,0,0,125,1,1,Tennessee,LA
2007Trumaine McBride,McBrTr99,2007,7,221,CHI,Trumaine McBride,No,DB,DB,22,0,0,84,0,0,0,0,0,0,0,0,0,0,0,132,7,1,Mississippi,IL
2007Derek Schouman,SchoDe00,2007,7,222,BUF,Derek Schouman,No,TE,TE,22,0,0,25,0,0,0,0,0,0,0,0,27,275,1,1,0,0,Boise St.,NY
2007Michael Otto,OttoMi20,2007,7,223,TEN,Michael Otto,No,T,T,24,0,0,62,0,0,0,0,0,0,0,0,0,0,0,1,0,0,Purdue,TN
2007Michael Johnson,JohnMi99,2007,7,224,NYG,Michael Johnson,No,DB,DB,23,0,0,49,0,0,0,0,0,0,0,0,0,0,0,117,3,2,Arizona,NY
2007Brandon Fields,FielBr20,2007,7,225,MIA,Brandon Fields,No,P,P,23,0,1,130,0,1,0,0,0,3,0,0,0,0,0,12,0,0,Michigan St.,FL
2007C.J. Wilson,WilsC.99,2007,7,226,CAR,C.J. Wilson,No,DB,DB,22,0,0,23,0,0,0,0,0,0,0,0,0,0,0,23,0,0,Baylor,NC
2007Dallas Baker,BakeDa01,2007,7,227,PIT,Dallas Baker,No,WR,WR,24,0,0,8,0,0,0,0,0,0,0,0,1,6,0,0,0,0,Florida,PA
2007DeShawn Wynn,WynnDe00,2007,7,228,GNB,DeShawn Wynn,No,RB,RB,23,0,0,23,0,0,0,0,0,64,332,5,14,122,0,2,0,0,Florida,WI
2007John Broussard,BrouJo00,2007,7,229,JAX,John Broussard,No,WR,WR,23,0,0,8,0,0,0,0,0,0,0,0,4,126,1,2,0,0,San Jose St.,FL
2007Dan Santucci,SantDa20,2007,7,230,CIN,Dan Santucci,No,G,G,24,0,0,2,0,0,0,0,0,0,0,0,0,0,0,0,0,0,Notre Dame,OH
2007Michael Allan,0,2007,7,231,KAN,Michael Allan,No,TE,TE,0,0,0,0,0,0,0,0,0,0,0,0,0,0,0,0,0,0,Whitworth (WA),MO
2007Steve Vallos,VallSt00,2007,7,232,SEA,Steve Vallos,No,G,G,23,0,0,59,0,0,0,0,0,0,0,0,0,0,0,1,0,0,Wake Forest,WA
2007Chandler Williams,0,2007,7,233,MIN,Chandler Williams,No,WR,WR,0,0,0,0,0,0,0,0,0,0,0,0,0,0,0,0,0,0,Florida International,MN
2007Syndric Steptoe,StepSy20,2007,7,234,CLE,Syndric Steptoe,No,WR,WR,22,0,0,16,0,0,0,0,0,0,0,0,19,182,0,3,0,0,Arizona,OH
2007Chansi Stuckey,StucCh20,2007,7,235,NYJ,Chansi Stuckey,No,WR,WR,23,0,0,55,0,0,0,0,0,6,16,1,106,1062,5,8,0,0,Clemson,NY
2007Nate Ilaoa,0,2007,7,236,PHI,Nate Ilaoa,No,RB,RB,0,0,0,0,0,0,0,0,0,0,0,0,0,0,0,0,0,0,Hawaii,PA
2007Alan Ball,BallAl99,2007,7,237,DAL,Alan Ball,No,DB,DB,22,0,0,108,0,0,0,0,0,0,0,0,0,0,0,194,6,0.5,Illinois,TX
2007Abraham Wright,0,2007,7,238,MIA,Abraham Wright,No,DE,DE,0,0,0,0,0,0,0,0,0,0,0,0,0,0,0,0,0,0,Colorado,FL
2007C.J. Ah You,AhYoC.00,2007,7,239,BUF,C.J. Ah You,No,DE,DE,25,0,0,33,0,0,0,0,0,0,0,0,0,0,0,33,0,6,Oklahoma,NY
2007Brandon Siler,SileBr99,2007,7,240,SDG,Brandon Siler,No,LB,LB,21,0,0,74,0,0,0,0,0,0,0,0,0,0,0,140,2,3,Florida,CA
2007Aaron Brant,0,2007,7,241,CHI,Aaron Brant,No,G,G,0,0,0,0,0,0,0,0,0,0,0,0,0,0,0,0,0,0,Iowa St.,IL
2007Keyunta Dawson,DawsKe99,2007,7,242,IND,Keyunta Dawson,No,DE,DE,22,0,0,71,0,0,0,0,0,0,0,0,0,0,0,72,0,1.5,Texas Tech,IN
2007Clark Harris,HarrCl20,2007,7,243,GNB,Clark Harris,No,TE,TE,23,0,0,121,0,0,0,0,0,0,0,0,0,0,0,3,0,0,Rutgers,WI
2007Jason Snelling,SnelJa00,2007,7,244,ATL,Jason Snelling,No,RB,RB,23,0,0,96,0,0,0,0,0,363,1420,8,168,1249,9,37,0,0,Virginia,GA
2007Marcus Hamilton,HamiMa99,2007,7,245,TAM,Marcus Hamilton,No,DB,DB,23,0,0,10,0,0,0,0,0,0,0,0,0,0,0,6,0,0,Virginia,FL
2007Kenneth Darby,DarbKe00,2007,7,246,TAM,Kenneth Darby,No,RB,RB,24,0,0,41,0,0,0,0,0,95,408,2,49,356,1,20,0,0,Alabama,FL
2007Mike Elgin,0,2007,7,247,NWE,Mike Elgin,No,G,G,0,0,0,0,0,0,0,0,0,0,0,0,0,0,0,0,0,0,Iowa,MA
2007Keith Jackson,0,2007,7,248,STL,Keith Jackson,No,DT,DT,0,0,0,0,0,0,0,0,0,0,0,0,0,0,0,0,0,0,Arkansas,MO
2007Derek Stanley,StanDe00,2007,7,249,STL,Derek Stanley,No,WR,WR,22,0,0,15,0,0,0,0,0,2,5,0,6,119,1,3,0,0,Wisc-Whitewater,MO
2007Ahmad Bradshaw,BradAh00,2007,7,250,NYG,Ahmad Bradshaw,No,RB,RB,21,0,0,103,0,0,0,0,0,1083,4928,36,187,1493,12,36,0,0,Marshall,NY
2007Chad Nkang,NkanCh99,2007,7,251,JAX,Chad Nkang,No,LB,LB,22,0,0,23,0,0,0,0,0,0,0,0,0,0,0,20,0,0,Elon,FL
2007Andrew Carnahan,0,2007,7,252,JAX,Andrew Carnahan,No,T,T,0,0,0,0,0,0,0,0,0,0,0,0,0,0,0,0,0,0,Arizona St.,FL
2007Nedu Ndukwe,NdukCh99,2007,7,253,CIN,Nedu Ndukwe,No,DB,DB,22,0,0,55,0,0,0,0,0,0,0,0,0,0,0,175,7,7.5,Notre Dame,OH
2007Jonathan Holland,HollJo01,2007,7,254,OAK,Jonathan Holland,No,WR,WR,22,0,0,17,0,0,0,0,0,0,0,0,0,0,0,10,0,0,Louisiana Tech,CA
2007Ramzee Robinson,RobiRa99,2007,7,255,DET,Ramzee Robinson,No,DB,DB,23,0,0,26,0,0,0,0,0,0,0,0,0,0,0,29,0,0,Alabama,MI
2006Mario Williams,WillMa22,2006,1,1,HOU,Mario Williams,No,DE,DE,21,1,4,154,0,0,0,0,0,0,0,0,0,0,0,317,0,97.5,North Carolina St.,TX
2006Reggie Bush,BushRe00,2006,1,2,NOR,Reggie Bush,No,RB,RB,21,0,0,129,0,1,0,0,1,1283,5491,36,477,3598,18,10,0,0,USC,LA
2006Vince Young,YounVi00,2006,1,3,TEN,Vince Young,No,QB,QB,23,0,2,60,755,1304,8964,46,51,282,1459,12,0,0,0,5,0,0,Texas,TN
2006D'Brickashaw Ferguson,FergDB20,2006,1,4,NYJ,D'Brickashaw Ferguson,No,T,T,22,0,3,160,0,0,0,0,0,0,0,0,0,0,0,7,0,0,Virginia,NY
2006A.J. Hawk,HawkA.20,2006,1,5,GNB,A.J. Hawk,No,LB,LB,22,0,0,159,0,0,0,0,0,0,0,0,0,0,0,644,9,20,Ohio St.,WI
2006Vernon Davis,DaviVe00,2006,1,6,SFO,Vernon Davis,No,TE,TE,22,0,2,159,0,0,0,0,0,6,15,0,492,6291,57,10,0,0,Maryland,CA
2006Michael Huff,HuffMi20,2006,1,7,OAK,Michael Huff,No,DB,DB,23,0,0,118,0,0,0,0,0,0,0,0,0,0,0,368,11,5.5,Texas,CA
2006Donte Whitner,WhitDo20,2006,1,8,BUF,Donte Whitner,No,DB,DB,21,0,3,153,0,0,0,0,0,0,0,0,0,0,0,652,11,3,Ohio St.,NY
2006Ernie Sims,SimsEr20,2006,1,9,DET,Ernie Sims,No,LB,LB,21,0,0,109,0,0,0,0,0,0,0,0,0,0,0,419,1,5.5,Florida St.,MI
2006Matt Leinart,LeinMa00,2006,1,10,ARI,Matt Leinart,No,QB,QB,23,0,0,33,366,641,4065,15,21,47,89,2,0,0,0,0,0,0,USC,AZ
2006Jay Cutler,CutlJa00,2006,1,11,DEN,Jay Cutler,No,QB,QB,23,0,1,139,2782,4491,32467,208,146,367,1650,9,0,0,0,11,0,0,Vanderbilt,CO
2006Haloti Ngata,NgatHa20,2006,1,12,BAL,Haloti Ngata,No,DT,DT,22,2,5,157,0,0,0,0,0,0,0,0,0,0,0,305,5,29.5,Oregon,MD
2006Kamerion Wimbley,WimbKa20,2006,1,13,CLE,Kamerion Wimbley,No,DE,DE,22,0,0,140,0,0,0,0,0,0,0,0,0,0,0,322,2,53.5,Florida St.,OH
2006Brodrick Bunkley,BunkBr20,2006,1,14,PHI,Brodrick Bunkley,No,DT,DT,22,0,0,130,0,0,0,0,0,0,0,0,0,0,0,170,0,8.5,Florida St.,PA
2006Tye Hill,HillTy20,2006,1,15,STL,Tye Hill,No,DB,DB,24,0,0,40,0,0,0,0,0,0,0,0,0,0,0,111,5,0,Clemson,MO
2006Jason Allen,AlleJa23,2006,1,16,MIA,Jason Allen,No,DB,DB,23,0,0,98,0,0,0,0,0,0,0,0,0,0,0,213,15,0,Tennessee,FL
2006Chad Greenway,GreeCh99,2006,1,17,MIN,Chad Greenway,No,LB,LB,23,0,2,151,0,0,0,0,0,0,0,0,0,0,0,751,11,18,Iowa,MN
2006Bobby Carpenter,CarpBo20,2006,1,18,DAL,Bobby Carpenter,No,LB,LB,23,0,0,93,0,0,0,0,0,0,0,0,0,0,0,126,1,3.5,Ohio St.,TX
2006Antonio Cromartie,CromAn20,2006,1,19,SDG,Antonio Cromartie,No,DB,DB,22,1,4,162,0,0,0,0,0,1,1,0,1,-2,0,378,31,0,Florida St.,CA
2006Tamba Hali,HaliTa20,2006,1,20,KAN,Tamba Hali,No,DE,DE,22,0,5,166,0,0,0,0,0,0,0,0,0,0,0,443,2,87.5,Penn St.,MO
2006Laurence Maroney,MaroLa00,2006,1,21,NWE,Laurence Maroney,No,RB,RB,21,0,0,49,0,0,0,0,0,618,2504,21,44,459,1,2,0,0,Minnesota,MA
2006Manny Lawson,LawsMa20,2006,1,22,SFO,Manny Lawson,No,DE,DE,22,0,0,143,0,0,0,0,0,0,0,0,0,0,0,351,4,24.5,North Carolina St.,CA
2006Davin Joseph,JoseDa20,2006,1,23,TAM,Davin Joseph,No,G,G,22,0,2,116,0,0,0,0,0,0,0,0,0,0,0,4,0,0,Oklahoma,FL
2006Johnathan Joseph,JoseJo20,2006,1,24,CIN,Johnathan Joseph,No,DB,DB,22,0,2,153,0,0,0,0,0,0,0,0,0,0,0,504,26,0,South Carolina,OH
2006Santonio Holmes,HolmSa00,2006,1,25,PIT,Santonio Holmes,No,WR,WR,22,0,0,112,0,1,0,0,0,16,89,0,389,6030,36,9,0,0,Ohio St.,PA
2006John McCargo,McCaJo22,2006,1,26,BUF,John McCargo,No,DT,DT,23,0,0,44,0,0,0,0,0,0,0,0,0,0,0,35,0,2.5,North Carolina St.,NY
2006DeAngelo Williams,WillDe02,2006,1,27,CAR,DeAngelo Williams,No,RB,RB,23,0,1,140,0,0,0,0,0,1707,8029,60,233,2079,8,8,0,0,Memphis,NC
2006Marcedes Lewis,LewiMa00,2006,1,28,JAX,Marcedes Lewis,No,TE,TE,22,0,1,154,0,0,0,0,0,0,0,0,351,4184,28,11,0,0,UCLA,FL
2006Nick Mangold,MangNi20,2006,1,29,NYJ,Nick Mangold,No,C,C,22,2,7,163,0,0,0,0,0,0,0,0,1,-3,0,8,0,0,Ohio St.,NY
2006Joseph Addai,AddaJo00,2006,1,30,IND,Joseph Addai,No,RB,RB,23,0,1,78,1,1,22,1,0,1095,4453,39,191,1448,9,5,0,0,LSU,IN
2006Kelly Jennings,JennKe20,2006,1,31,SEA,Kelly Jennings,No,DB,DB,23,0,0,91,0,0,0,0,0,0,0,0,0,0,0,210,2,1,Miami (FL),WA
2006Mathias Kiwanuka,KiwaMa20,2006,1,32,NYG,Mathias Kiwanuka,No,DE,DE,23,0,0,120,0,0,0,0,0,0,0,0,0,0,0,301,3,38.5,Boston Col.,NY
2006DeMeco Ryans,RyanDe20,2006,2,33,HOU,DeMeco Ryans,No,LB,LB,22,0,2,140,0,0,0,0,0,0,0,0,0,0,0,735,7,13.5,Alabama,TX
2006D'Qwell Jackson,JackDQ20,2006,2,34,CLE,D'Qwell Jackson,No,LB,LB,23,0,1,140,0,0,0,0,0,0,0,0,0,0,0,765,9,19.5,Maryland,OH
2006Rocky McIntosh,McInRo20,2006,2,35,WAS,Rocky McIntosh,No,LB,LB,23,0,0,124,0,0,0,0,0,0,0,0,0,0,0,370,4,9,Miami (FL),DC
2006Chad Jackson,JackCh00,2006,2,36,NWE,Chad Jackson,No,WR,WR,21,0,0,18,0,0,0,0,0,4,22,0,14,171,3,1,0,0,Florida,MA
2006Jimmy Williams,WillJi23,2006,2,37,ATL,Jimmy Williams,No,DB,DB,22,0,0,27,0,0,0,0,0,0,0,0,0,0,0,34,1,0,Virginia Tech,GA
2006Thomas Howard,HowaTh20,2006,2,38,OAK,Thomas Howard,No,LB,LB,23,0,0,95,0,0,0,0,0,0,0,0,0,0,0,391,7,6,Texas-El Paso,CA
2006Winston Justice,JustWi20,2006,2,39,PHI,Winston Justice,No,T,T,22,0,0,63,0,0,0,0,0,0,0,0,0,0,0,1,0,0,USC,PA
2006Daniel Bullocks,BullDa20,2006,2,40,DET,Daniel Bullocks,No,DB,DB,23,0,0,31,0,0,0,0,0,0,0,0,0,0,0,118,0,1,Nebraska,MI
2006Deuce Lutui,LutuDe20,2006,2,41,ARI,Deuce Lutui,No,G,G,23,0,0,101,0,0,0,0,0,0,0,0,0,0,0,4,0,0,USC,AZ
2006Danieal Manning,MannDa21,2006,2,42,CHI,Danieal Manning,No,DB,DB,24,0,0,128,0,0,0,0,0,0,0,0,0,0,0,434,11,4,Abilene Christian,IL
2006Roman Harper,HarpRo21,2006,2,43,NOR,Roman Harper,No,DB,DB,23,0,2,150,0,0,0,0,0,0,0,0,0,0,0,621,11,18,Alabama,LA
2006Sinorice Moss,MossSi00,2006,2,44,NYG,Sinorice Moss,No,WR,WR,22,0,0,37,0,0,0,0,0,1,4,0,39,421,3,2,0,0,Miami (FL),NY
2006LenDale White,WhitLe01,2006,2,45,TEN,LenDale White,No,RB,RB,21,0,0,58,0,0,0,0,0,628,2349,24,42,204,0,5,0,0,USC,TN
2006Joe Klopfenstein,KlopJo00,2006,2,46,STL,Joe Klopfenstein,No,TE,TE,22,0,0,49,0,0,0,0,0,0,0,0,34,397,2,2,0,0,Colorado,MO
2006Daryn Colledge,CollDa20,2006,2,47,GNB,Daryn Colledge,No,T,T,24,0,0,141,0,0,0,0,0,0,0,0,0,0,0,6,0,0,Boise St.,WI
2006Cedric Griffin,GrifCe20,2006,2,48,MIN,Cedric Griffin,No,DB,DB,23,0,0,89,0,0,0,0,0,0,0,0,0,0,0,350,8,0,Texas,MN
2006Kellen Clemens,ClemKe00,2006,2,49,NYJ,Kellen Clemens,No,QB,QB,23,0,0,50,344,630,4017,16,20,80,232,3,0,0,0,0,0,0,Oregon,NY
2006Marcus McNeill,McNeMa20,2006,2,50,SDG,Marcus McNeill,No,T,T,22,0,2,82,0,0,0,0,0,0,0,0,0,0,0,2,0,0,Auburn,CA
2006Ryan Cook,CookRy20,2006,2,51,MIN,Ryan Cook,No,C,C,23,0,0,90,0,0,0,0,0,0,0,0,0,0,0,1,0,0,New Mexico,MN
2006Greg Jennings,JennGr00,2006,2,52,GNB,Greg Jennings,No,WR,WR,23,0,2,143,0,0,0,0,0,1,-1,0,571,8291,64,21,0,0,West. Michigan,WI
2006Anthony Fasano,FasaAn00,2006,2,53,DAL,Anthony Fasano,No,TE,TE,22,0,0,159,0,0,0,0,0,0,0,0,285,3142,35,13,0,0,Notre Dame,TX
2006Bernard Pollard,PollBe20,2006,2,54,KAN,Bernard Pollard,No,DB,DB,21,0,0,126,0,0,0,0,0,0,0,0,0,0,0,549,12,10.5,Purdue,MO
2006Andrew Whitworth,WhitAn20,2006,2,55,CIN,Andrew Whitworth,No,T,T,24,1,2,162,0,0,0,0,0,0,0,0,1,1,1,7,0,0,LSU,OH
2006Chris Chester,ChesCh21,2006,2,56,BAL,Chris Chester,No,G,G,23,0,0,163,0,0,0,0,0,0,0,0,0,0,0,6,0,0,Oklahoma,MD
2006Devin Hester,HestDe99,2006,2,57,CHI,Devin Hester,No,DB,DB,23,3,4,153,0,0,0,0,0,36,116,1,255,3311,16,17,0,0,Miami (FL),IL
2006Richard Marshall,MarsRi20,2006,2,58,CAR,Richard Marshall,No,DB,DB,21,0,0,124,0,0,0,0,0,0,0,0,0,0,0,526,18,7,Fresno St.,NC
2006Jeremy Trueblood,TrueJe20,2006,2,59,TAM,Jeremy Trueblood,No,T,T,23,0,0,116,0,0,0,0,0,0,0,0,0,0,0,5,0,0,Boston Col.,FL
2006Maurice Jones-Drew,DrewMa00,2006,2,60,JAX,Maurice Jones-Drew,No,RB,RB,21,1,3,126,1,2,8,1,1,1847,8167,68,346,2944,11,18,0,0,UCLA,FL
2006Tony Scheffler,ScheTo00,2006,2,61,DEN,Tony Scheffler,No,TE,TE,23,0,0,107,0,0,0,0,0,3,7,0,258,3207,22,12,1,0,West. Michigan,CO
2006Tim Jennings,JennTi20,2006,2,62,IND,Tim Jennings,No,DB,DB,22,0,2,137,0,0,0,0,0,0,0,0,0,0,0,395,20,0,Georgia,IN
2006Darryl Tapp,TappDa20,2006,2,63,SEA,Darryl Tapp,No,DE,DE,22,0,0,156,0,0,0,0,0,0,0,0,0,0,0,253,2,28,Virginia Tech,WA
2006Tarvaris Jackson,JackTa00,2006,2,64,MIN,Tarvaris Jackson,No,QB,QB,23,0,0,59,640,1073,7263,39,35,171,636,6,0,0,0,3,0,0,Alabama St.,MN
2006Charles Spencer,SpenCh20,2006,3,65,HOU,Charles Spencer,No,G,G,24,0,0,2,0,0,0,0,0,0,0,0,0,0,0,0,0,0,Pittsburgh,TX
2006Eric Winston,WinsEr20,2006,3,66,HOU,Eric Winston,No,T,T,22,0,0,151,0,0,0,0,0,0,0,0,0,0,0,6,0,0,Miami (FL),TX
2006Abdul Hodge,HodgAb20,2006,3,67,GNB,Abdul Hodge,No,LB,LB,24,0,0,35,0,0,0,0,0,0,0,0,0,0,0,25,0,0,Iowa,WI
2006Claude Wroten,WrotCl20,2006,3,68,STL,Claude Wroten,No,DT,DT,23,0,0,26,0,0,0,0,0,0,0,0,0,0,0,20,0,1.5,LSU,MO
2006Paul McQuistan,McQuPa21,2006,3,69,OAK,Paul McQuistan,No,T,T,23,0,0,97,0,0,0,0,0,0,0,0,0,0,0,2,0,0,Weber St.,CA
2006Ashton Youboty,YoubAs20,2006,3,70,BUF,Ashton Youboty,No,DB,DB,22,0,0,49,0,0,0,0,0,0,0,0,0,0,0,73,2,2,Ohio St.,NY
2006Chris Gocong,GocoCh99,2006,3,71,PHI,Chris Gocong,No,DE,DE,22,0,0,79,0,0,0,0,0,0,0,0,0,0,0,228,0,9.5,Cal Poly-San Luis Obispo,PA
2006Leonard Pope,PopeLe00,2006,3,72,ARI,Leonard Pope,No,TE,TE,23,0,0,103,0,0,0,0,0,0,0,0,105,982,11,7,0,0,Georgia,AZ
2006Dusty Dvoracek,DvorDu99,2006,3,73,CHI,Dusty Dvoracek,No,DT,DT,23,0,0,13,0,0,0,0,0,0,0,0,0,0,0,24,0,0,Oklahoma,IL
2006Brian Calhoun,CalhBr00,2006,3,74,DET,Brian Calhoun,No,RB,RB,22,0,0,11,0,0,0,0,0,14,54,0,7,55,0,2,0,0,Wisconsin,MI
2006Jason Spitz,SpitJa20,2006,3,75,GNB,Jason Spitz,No,G,G,23,0,0,75,0,0,0,0,0,0,0,0,0,0,0,2,0,0,Louisville,WI
2006Anthony Schlegel,SchlAn20,2006,3,76,NYJ,Anthony Schlegel,No,LB,LB,25,0,0,17,0,0,0,0,0,0,0,0,0,0,0,19,0,0,Ohio St.,NY
2006Jon Alston,AlstJo20,2006,3,77,STL,Jon Alston,No,LB,LB,23,0,0,39,0,0,0,0,0,1,22,0,0,0,0,51,0,0,Stanford,MO
2006Travis Wilson,WilsTr00,2006,3,78,CLE,Travis Wilson,No,WR,WR,22,0,0,4,0,0,0,0,0,0,0,0,2,32,0,0,0,0,Oklahoma,OH
2006Jerious Norwood,NorwJe00,2006,3,79,ATL,Jerious Norwood,No,RB,RB,23,0,0,66,0,2,0,0,1,399,2056,7,96,912,3,9,0,0,Mississippi St.,GA
2006Clint Ingram,IngrCl20,2006,3,80,JAX,Clint Ingram,No,LB,LB,23,0,0,56,0,0,0,0,0,0,0,0,0,0,0,159,2,5.5,Oklahoma,FL
2006Charlie Whitehurst,WhitCh02,2006,3,81,SDG,Charlie Whitehurst,No,QB,QB,24,0,0,26,219,396,2463,11,8,56,156,2,0,10,0,0,0,0,Clemson,CA
2006Derek Hagan,HagaDe00,2006,3,82,MIA,Derek Hagan,No,WR,WR,22,0,0,100,0,0,0,0,0,0,0,0,148,1734,7,25,0,0,Arizona St.,FL
2006Anthony Smith,SmitAn21,2006,3,83,PIT,Anthony Smith,No,DB,DB,23,0,0,76,0,0,0,0,0,0,0,0,0,0,0,144,7,0,Syracuse,PA
2006Brandon Williams,WillBr01,2006,3,84,SFO,Brandon Williams,No,WR,WR,22,0,0,23,0,0,0,0,0,0,0,0,0,0,0,1,0,0,Wisconsin,CA
2006Brodie Croyle,CroyBr00,2006,3,85,KAN,Brodie Croyle,No,QB,QB,23,0,0,18,181,319,1669,8,9,10,15,0,0,0,0,1,0,0,Alabama,MO
2006David Thomas,ThomDa02,2006,3,86,NWE,David Thomas,No,TE,TE,23,0,0,80,0,0,0,0,0,0,0,0,102,938,8,4,0,0,Texas,MA
2006David Pittman,PittDa99,2006,3,87,BAL,David Pittman,No,DB,DB,22,0,0,7,0,0,0,0,0,0,0,0,0,0,0,9,2,0,NW State (LA),MD
2006James Anderson,AndeJa21,2006,3,88,CAR,James Anderson,No,LB,LB,23,0,0,133,0,0,0,0,0,0,0,0,0,0,0,420,3,12,Virginia Tech,NC
2006Rashad Butler,ButlRa20,2006,3,89,CAR,Rashad Butler,No,T,T,23,0,0,51,0,0,0,0,0,0,0,0,0,0,0,0,0,0,Miami (FL),NC
2006Maurice Stovall,StovMa00,2006,3,90,TAM,Maurice Stovall,No,WR,WR,21,0,0,81,0,0,0,0,0,2,29,0,52,668,3,37,0,0,Notre Dame,FL
2006Frostee Rucker,RuckFr99,2006,3,91,CIN,Frostee Rucker,No,DE,DE,23,0,0,120,0,0,0,0,0,0,0,0,0,0,0,153,1,20,USC,OH
2006Jason Hatcher,HatcJa20,2006,3,92,DAL,Jason Hatcher,No,DE,DE,24,0,1,147,0,0,0,0,0,0,0,0,0,0,0,175,1,34.5,Grambling St.,TX
2006Dominique Byrd,ByrdDo00,2006,3,93,STL,Dominique Byrd,No,TE,TE,22,0,0,17,0,0,0,0,0,0,0,0,6,83,1,0,0,0,USC,MO
2006Freddy Keiaho,KeiaFr20,2006,3,94,IND,Freddy Keiaho,No,LB,LB,23,0,0,55,0,0,0,0,0,0,0,0,0,0,0,184,1,1.5,San Diego St.,IN
2006Willie Reid,ReidWi00,2006,3,95,PIT,Willie Reid,No,WR,WR,24,0,0,7,0,0,0,0,0,0,0,0,4,54,0,0,0,0,Florida St.,PA
2006Gerris Wilkinson,WilkGe20,2006,3,96,NYG,Gerris Wilkinson,No,LB,LB,23,0,0,58,0,0,0,0,0,0,0,0,0,0,0,51,0,0,Georgia Tech,NY
2006Eric Smith,SmitEr22,2006,3,97,NYJ,Eric Smith,No,DB,DB,23,0,0,96,0,0,0,0,0,0,0,0,1,27,0,224,6,3.5,Michigan St.,NY
2006Owen Daniels,DaniOw00,2006,4,98,HOU,Owen Daniels,No,TE,TE,23,0,2,131,0,0,0,0,0,0,0,0,479,5661,36,13,0,0,Wisconsin,TX
2006Max Jean-Gilles,JeanMa20,2006,4,99,PHI,Max Jean-Gilles,No,G,G,22,0,0,42,0,0,0,0,0,0,0,0,0,0,0,1,0,0,Georgia,PA
2006Michael Robinson,RobiMi00,2006,4,100,SFO,Michael Robinson,No,WR,WR,23,0,1,112,1,2,28,0,0,115,422,2,75,610,3,60,0,0,Penn St.,CA
2006Darnell Bing,BingDa00,2006,4,101,OAK,Darnell Bing,No,DB,DB,22,0,0,5,0,0,0,0,0,0,0,0,0,0,0,4,0,0,USC,CA
2006Calvin Lowry,LowrCa20,2006,4,102,TEN,Calvin Lowry,No,DB,DB,23,0,0,48,0,0,0,0,0,0,0,0,0,0,0,62,2,0,Penn St.,TN
2006Brad Smith,SmitBr01,2006,4,103,NYJ,Brad Smith,No,QB,QB,22,0,0,127,4,10,51,1,2,134,972,4,104,987,5,72,0,0,Missouri,NY
2006Cory Rodgers,0,2006,4,104,GNB,Cory Rodgers,No,WR,WR,0,0,0,0,0,0,0,0,0,0,0,0,0,0,0,0,0,0,TCU,WI
2006Ko Simpson,SimpKo20,2006,4,105,BUF,Ko Simpson,No,DB,DB,22,0,0,41,0,0,0,0,0,0,0,0,0,0,0,128,3,1,South Carolina,NY
2006Garrett Mills,MillGa01,2006,4,106,NWE,Garrett Mills,No,FB,FB,22,0,0,16,0,0,0,0,0,0,0,0,9,110,0,4,0,0,Tulsa,MA
2006Gabe Watson,WatsGa20,2006,4,107,ARI,Gabe Watson,No,DT,DT,23,0,0,62,0,0,0,0,0,0,0,0,0,0,0,81,0,2,Michigan,AZ
2006Jahri Evans,EvanJa21,2006,4,108,NOR,Jahri Evans,No,T,T,23,4,6,163,0,0,0,0,0,0,0,0,0,0,0,6,0,0,Bloomsburg,LA
2006Jason Avant,AvanJa00,2006,4,109,PHI,Jason Avant,No,WR,WR,23,0,0,148,0,0,0,0,0,2,2,0,346,4118,13,33,0,0,Michigan,PA
2006Leon Williams,WillLe20,2006,4,110,CLE,Leon Williams,No,LB,LB,23,0,0,61,0,0,0,0,0,0,0,0,0,0,0,127,0,5,Miami (FL),OH
2006Demetrius Williams,WillDe03,2006,4,111,BAL,Demetrius Williams,No,WR,WR,23,0,0,46,0,0,0,0,0,0,0,0,63,1008,4,2,0,0,Oregon,MD
2006Isaac Sowells,SoweIs20,2006,4,112,CLE,Isaac Sowells,No,T,T,24,0,0,17,0,0,0,0,0,0,0,0,0,0,0,0,0,0,Indiana,OH
2006Victor Adeyanju,AdeyVi20,2006,4,113,STL,Victor Adeyanju,No,DE,DE,23,0,0,53,0,0,0,0,0,0,0,0,0,0,0,97,0,3,Indiana,MO
2006Joe Toledo,0,2006,4,114,MIA,Joe Toledo,No,T,T,0,0,0,0,0,0,0,0,0,0,0,0,0,0,0,0,0,0,Washington,FL
2006Will Blackmon,BlacWi20,2006,4,115,GNB,Will Blackmon,No,DB,DB,21,0,0,92,0,0,0,0,0,0,0,0,0,0,0,148,3,3.5,Boston Col.,WI
2006Stephen Tulloch,TullSt20,2006,4,116,TEN,Stephen Tulloch,No,LB,LB,21,0,0,153,0,0,0,0,0,0,0,0,0,0,0,675,5,14.5,North Carolina St.,TN
2006Leon Washington,WashLe00,2006,4,117,NYJ,Leon Washington,No,RB,RB,24,1,2,126,1,1,36,0,0,487,2271,16,168,1286,4,13,0,0,Florida St.,NY
2006Stephen Gostkowski,GostSt20,2006,4,118,NWE,Stephen Gostkowski,No,K,K,22,2,4,162,0,0,0,0,0,0,0,0,0,0,0,15,0,0,Memphis,MA
2006Brandon Marshall,MarsBr00,2006,4,119,DEN,Brandon Marshall,No,WR,WR,22,1,6,162,0,1,0,0,0,20,118,0,925,11874,81,28,0,0,Central Florida,CO
2006Jamar Williams,WillJa21,2006,4,120,CHI,Jamar Williams,No,LB,LB,22,0,0,54,0,0,0,0,0,0,0,0,0,0,0,72,0,1,Arizona St.,IL
2006Nate Salley,SallNa20,2006,4,121,CAR,Nate Salley,No,DB,DB,22,0,0,24,0,0,0,0,0,0,0,0,0,0,0,9,0,0,Ohio St.,NC
2006Alan Zemaitis,0,2006,4,122,TAM,Alan Zemaitis,No,DB,DB,0,0,0,0,0,0,0,0,0,0,0,0,0,0,0,0,0,0,Penn St.,FL
2006Domata Peko,PekoDo20,2006,4,123,CIN,Domata Peko,No,DT,DT,21,0,0,165,0,0,0,0,0,0,0,0,0,0,0,261,0,18.5,Michigan St.,OH
2006Barry Cofield,CofiBa20,2006,4,124,NYG,Barry Cofield,No,DT,DT,22,0,0,138,0,0,0,0,0,0,0,0,0,0,0,206,0,19.5,Northwestern,NY
2006Skyler Green,GreeSk20,2006,4,125,DAL,Skyler Green,No,WR,WR,22,0,0,11,0,0,0,0,0,1,1,0,3,33,0,0,0,0,LSU,TX
2006Elvis Dumervil,DumeEl20,2006,4,126,DEN,Elvis Dumervil,No,DE,DE,22,2,5,140,0,0,0,0,0,0,0,0,0,0,0,246,1,96,Louisville,CO
2006Ray Edwards,EdwaRa21,2006,4,127,MIN,Ray Edwards,No,DE,DE,21,0,0,97,0,0,0,0,0,0,0,0,0,0,0,169,0,33,Purdue,MN
2006Rob Sims,SimsRo20,2006,4,128,SEA,Rob Sims,No,G,G,22,0,0,125,0,0,0,0,0,0,0,0,0,0,0,7,0,0,Ohio St.,WA
2006Guy Whimper,WhimGu20,2006,4,129,NYG,Guy Whimper,No,DE,DE,23,0,0,78,0,0,0,0,0,0,0,0,3,28,1,2,0,0,East Carolina,NY
2006Domenik Hixon,HixoDo00,2006,4,130,DEN,Domenik Hixon,No,WR,WR,21,0,0,76,0,0,0,0,0,3,18,0,109,1460,7,29,0,0,Akron,CO
2006Willie Colon,ColoWi20,2006,4,131,PIT,Willie Colon,No,G,G,23,0,0,100,0,0,0,0,0,0,0,0,0,0,0,3,0,0,Hofstra,PA
2006P.J. Daniels,DaniP.00,2006,4,132,BAL,P.J. Daniels,No,RB,RB,23,0,0,1,0,0,0,0,0,0,0,0,0,0,0,0,0,0,Georgia Tech,MD
2006Orien Harris,HarrOr20,2006,4,133,PIT,Orien Harris,No,DT,DT,23,0,0,20,0,0,0,0,0,0,0,0,0,0,0,9,0,0,Miami (FL),PA
2006Kyle Williams,WillKy20,2006,5,134,BUF,Kyle Williams,No,DT,DT,23,0,4,146,0,0,0,0,0,0,0,0,0,0,0,329,1,39,LSU,NY
2006Rob Ninkovich,NinkRo20,2006,5,135,NOR,Rob Ninkovich,No,DE,DE,22,0,0,125,0,0,0,0,0,0,0,0,0,0,0,275,5,44,Purdue,LA
2006Ryan O'Callaghan,OCalRy20,2006,5,136,NWE,Ryan O'Callaghan,No,T,T,23,0,0,51,0,0,0,0,0,0,0,0,0,0,0,0,0,0,California,MA
2006Terna Nande,NandTe20,2006,5,137,TEN,Terna Nande,No,LB,LB,23,0,0,1,0,0,0,0,0,0,0,0,0,0,0,1,0,0,Miami (OH),TN
2006Pat Watkins,WatkPa20,2006,5,138,DAL,Pat Watkins,No,DB,DB,23,0,0,53,0,0,0,0,0,0,0,0,0,0,0,104,4,0,Florida St.,TX
2006Quinn Ojinnaka,OjinQu20,2006,5,139,ATL,Quinn Ojinnaka,No,G,G,22,0,0,62,0,0,0,0,0,0,0,0,0,0,0,0,0,0,Syracuse,GA
2006Parys Haralson,HaraPa20,2006,5,140,SFO,Parys Haralson,No,DE,DE,22,0,0,118,0,0,0,0,0,0,0,0,0,0,0,184,0,28,Tennessee,CA
2006Jonathan Scott,ScotJo22,2006,5,141,DET,Jonathan Scott,No,T,T,23,0,0,71,0,0,0,0,0,0,0,0,0,0,0,1,0,0,Texas,MI
2006Brandon Johnson,JohnBr20,2006,5,142,ARI,Brandon Johnson,No,LB,LB,23,0,0,87,0,0,0,0,0,0,0,0,0,0,0,133,3,3.5,Louisville,AZ
2006Brad Butler,ButlBr20,2006,5,143,BUF,Brad Butler,No,T,T,23,0,0,33,0,0,0,0,0,0,0,0,0,0,0,1,0,0,Virginia,NY
2006Marques Hagans,HagaMa00,2006,5,144,STL,Marques Hagans,No,WR,WR,23,0,0,10,1,1,5,0,0,3,-2,0,9,108,0,1,0,0,Virginia,MO
2006Jerome Harrison,HarrJe00,2006,5,145,CLE,Jerome Harrison,No,RB,RB,23,0,0,63,0,0,0,0,0,356,1681,7,70,490,3,9,0,0,Washington St.,OH
2006Dawan Landry,LandDa21,2006,5,146,BAL,Dawan Landry,No,DB,DB,23,0,0,130,0,0,0,0,0,0,0,0,0,0,0,560,13,8,Georgia Tech,MD
2006Jeremy Bloom,0,2006,5,147,PHI,Jeremy Bloom,No,DB,DB,0,0,0,0,0,0,0,0,0,0,0,0,0,0,0,0,0,0,Colorado,PA
2006Ingle Martin,MartIn00,2006,5,148,GNB,Ingle Martin,No,QB,QB,24,0,0,1,0,0,0,0,0,2,-5,0,0,0,0,0,0,0,Furman,WI
2006Greg Blue,BlueGr20,2006,5,149,MIN,Greg Blue,No,DB,DB,24,0,0,20,0,0,0,0,0,0,0,0,0,0,0,18,0,0,Georgia,MN
2006Jason Pociask,PociJa00,2006,5,150,NYJ,Jason Pociask,No,TE,TE,23,0,0,4,0,0,0,0,0,0,0,0,1,7,0,0,0,0,Wisconsin,NY
2006Tim Dobbins,DobbTi20,2006,5,151,SDG,Tim Dobbins,No,LB,LB,23,0,0,110,0,0,0,0,0,0,0,0,0,0,0,195,3,2,Iowa St.,CA
2006DeMario Minter,0,2006,5,152,CLE,DeMario Minter,No,DB,DB,0,0,0,0,0,0,0,0,0,0,0,0,0,0,0,0,0,0,Georgia,OH
2006Anthony Montgomery,MontAn20,2006,5,153,WAS,Anthony Montgomery,No,NT,DT,22,0,0,42,0,0,0,0,0,0,0,0,0,0,0,55,0,3,Minnesota,DC
2006Marcus Maxey,MaxeMa20,2006,5,154,KAN,Marcus Maxey,No,DB,DB,23,0,0,2,0,0,0,0,0,0,0,0,0,0,0,0,0,0,Miami (FL),MO
2006Jeff King,KingJe00,2006,5,155,CAR,Jeff King,No,TE,TE,23,0,0,108,0,0,0,0,0,0,0,0,156,1323,12,13,0,0,Virginia Tech,NC
2006Julian Jenkins,JenkJu20,2006,5,156,TAM,Julian Jenkins,No,DE,DE,22,0,0,12,0,0,0,0,0,0,0,0,0,0,0,6,0,0,Stanford,FL
2006A.J. Nicholson,NichA.20,2006,5,157,CIN,A.J. Nicholson,No,LB,LB,23,0,0,2,0,0,0,0,0,0,0,0,0,0,0,0,0,0,Florida St.,OH
2006Charlie Peprah,PeprCh20,2006,5,158,NYG,Charlie Peprah,No,DB,DB,23,0,0,74,0,0,0,0,0,0,0,0,0,0,0,142,8,0,Alabama,NY
2006Mark Anderson,AndeMa21,2006,5,159,CHI,Mark Anderson,No,DE,DE,23,0,0,98,0,0,0,0,0,0,0,0,0,0,0,132,0,36.5,Alabama,IL
2006Brent Hawkins,HawkBr20,2006,5,160,JAX,Brent Hawkins,No,DE,DE,23,0,0,20,0,0,0,0,0,0,0,0,0,0,0,19,0,5.5,Illinois St.,FL
2006Chris Kuper,KupeCh20,2006,5,161,DEN,Chris Kuper,No,G,G,23,0,0,90,0,0,0,0,0,0,0,0,0,7,0,3,0,0,North Dakota,CO
2006Michael Toudouze,ToudMi20,2006,5,162,IND,Michael Toudouze,No,G,G,23,0,0,9,0,0,0,0,0,0,0,0,0,0,0,0,0,0,TCU,IN
2006David Kirtman,KirtDa00,2006,5,163,SEA,David Kirtman,No,RB,RB,23,0,0,7,0,0,0,0,0,0,0,0,0,0,0,0,0,0,USC,WA
2006Omar Jacobs,0,2006,5,164,PIT,Omar Jacobs,No,QB,QB,0,0,0,0,0,0,0,0,0,0,0,0,0,0,0,0,0,0,Bowling Green,PA
2006Tony Moll,MollTo20,2006,5,165,GNB,Tony Moll,No,T,T,23,0,0,63,0,0,0,0,0,0,0,0,0,0,0,0,0,0,Nevada,WI
2006Quinn Sypniewski,SypnQu00,2006,5,166,BAL,Quinn Sypniewski,No,TE,TE,24,0,0,31,0,0,0,0,0,0,0,0,36,261,1,3,0,0,Colorado,MD
2006Charles Davis,0,2006,5,167,PIT,Charles Davis,No,TE,TE,0,0,0,0,0,0,0,0,0,0,0,0,0,0,0,0,0,0,Purdue,PA
2006Omar Gaither,GaitOm20,2006,5,168,PHI,Omar Gaither,No,LB,LB,22,0,0,92,0,0,0,0,0,0,0,0,0,0,0,263,2,6,Tennessee,PA
2006Jesse Mahelona,MaheJe20,2006,5,169,TEN,Jesse Mahelona,No,DT,DT,23,0,0,11,0,0,0,0,0,0,0,0,0,0,0,9,0,1,Tennessee,TN
2006Wali Lundy,LundWa00,2006,6,170,HOU,Wali Lundy,No,RB,RB,23,0,0,14,0,0,0,0,0,124,476,4,33,204,0,1,0,0,Virginia,TX
2006Mike Hass,HassMi00,2006,6,171,NOR,Mike Hass,No,WR,WR,23,0,0,2,0,0,0,0,0,0,0,0,0,0,0,0,0,0,Oregon St.,LA
2006Jonathan Orr,0,2006,6,172,TEN,Jonathan Orr,No,WR,WR,0,0,0,0,0,0,0,0,0,0,0,0,0,0,0,0,0,0,Wisconsin,TN
2006Reed Doughty,DougRe20,2006,6,173,WAS,Reed Doughty,No,DB,DB,23,0,0,107,0,0,0,0,0,0,0,0,0,0,0,336,3,3.5,Northern Colorado,DC
2006Josh Lay,0,2006,6,174,NOR,Josh Lay,No,DB,DB,0,0,0,0,0,0,0,0,0,0,0,0,0,0,0,0,0,0,Pittsburgh,LA
2006Delanie Walker,WalkHu00,2006,6,175,SFO,Delanie Walker,No,WR,WR,22,0,1,154,0,0,0,0,0,13,83,0,386,4621,29,48,0,0,Central Missouri St.,CA
2006Kevin Boothe,BootKe20,2006,6,176,OAK,Kevin Boothe,No,T,T,23,0,0,114,0,0,0,0,0,0,0,0,0,0,0,1,0,0,Cornell,CA
2006Jonathan Lewis,LewiJo22,2006,6,177,ARI,Jonathan Lewis,No,DT,DT,22,0,0,4,0,0,0,0,0,0,0,0,0,0,0,3,0,0,Virginia Tech,AZ
2006Keith Ellison,ElliKe20,2006,6,178,BUF,Keith Ellison,No,LB,LB,22,0,0,58,0,0,0,0,0,1,6,0,0,0,0,164,2,2,Oregon St.,NY
2006Dee McCann,0,2006,6,179,DET,Dee McCann,No,DB,DB,0,0,0,0,0,0,0,0,0,0,0,0,0,0,0,0,0,0,West Virginia,MI
2006Lawrence Vickers,VickLa00,2006,6,180,CLE,Lawrence Vickers,No,FB,FB,23,0,0,106,0,0,0,0,0,37,98,0,58,404,3,14,0,0,Colorado,OH
2006Babatunde Oshinowo,OshiBa20,2006,6,181,CLE,Babatunde Oshinowo,No,DT,DT,23,0,0,2,0,0,0,0,0,0,0,0,0,0,0,2,0,0,Stanford,OH
2006Montavious Stanley,StanMo20,2006,6,182,DAL,Montavious Stanley,No,DT,DT,24,0,0,33,0,0,0,0,0,0,0,0,0,0,0,46,0,1.5,Louisville,TX
2006Johnny Jolly,JollJo20,2006,6,183,GNB,Johnny Jolly,No,DT,DT,23,0,0,61,0,0,0,0,0,0,0,0,0,0,0,88,1,3,Texas A&M,WI
2006Adam Jennings,JennAd00,2006,6,184,ATL,Adam Jennings,No,WR,WR,23,0,0,46,0,0,0,0,0,1,-4,0,6,62,1,12,0,0,Fresno St.,GA
2006Tyrone Culver,CulvTy20,2006,6,185,GNB,Tyrone Culver,No,DB,DB,23,0,0,80,0,0,0,0,0,0,0,0,0,0,0,109,2,1,Fresno St.,WI
2006Tre Stallings,StalTr20,2006,6,186,KAN,Tre Stallings,No,G,G,23,0,0,1,0,0,0,0,0,0,0,0,0,0,0,0,0,0,Mississippi St.,MO
2006Jeromey Clary,ClarJe20,2006,6,187,SDG,Jeromey Clary,No,T,T,22,0,0,103,0,0,0,0,0,0,0,0,1,-8,0,7,0,0,Kansas St.,CA
2006Kurt Smith,0,2006,6,188,SDG,Kurt Smith,No,K,K,0,0,0,0,0,0,0,0,0,0,0,0,0,0,0,0,0,0,Virginia,CA
2006Drew Coleman,ColeDr20,2006,6,189,NYJ,Drew Coleman,No,DB,DB,23,0,0,83,0,0,0,0,0,0,0,0,0,0,0,126,4,8,TCU,NY
2006Jeff Webb,WebbJe00,2006,6,190,KAN,Jeff Webb,No,WR,WR,24,0,0,31,0,0,0,0,0,1,5,0,36,382,1,7,0,0,San Diego St.,MO
2006Jeremy Mincey,MincJe99,2006,6,191,NWE,Jeremy Mincey,No,DE,DE,22,0,0,96,0,0,0,0,0,0,0,0,0,0,0,158,1,26,Florida,MA
2006Marcus Hudson,HudsMa20,2006,6,192,SFO,Marcus Hudson,No,DB,DB,23,0,0,62,0,0,0,0,0,0,0,0,0,0,0,69,0,0,North Carolina St.,CA
2006Reggie McNeal,McNeRe00,2006,6,193,CIN,Reggie McNeal,No,QB,QB,23,0,0,7,0,0,0,0,0,1,8,0,0,0,0,0,0,0,Texas A&M,OH
2006Bruce Gradkowski,GradBr00,2006,6,194,TAM,Bruce Gradkowski,No,QB,QB,23,0,0,37,375,709,4057,21,24,88,329,0,0,0,0,3,0,0,Toledo,FL
2006J.D. Runnels,RunnJ.00,2006,6,195,CHI,J.D. Runnels,No,RB,RB,22,0,0,2,0,0,0,0,0,0,0,0,0,0,0,0,0,0,Oklahoma,IL
2006Kedric Golston,GolsKe20,2006,6,196,WAS,Kedric Golston,No,DT,DT,23,0,0,142,0,0,0,0,0,0,0,0,0,0,0,136,0,7,Georgia,DC
2006Melvin Oliver,OlivMe20,2006,6,197,SFO,Melvin Oliver,No,DE,DE,23,0,0,16,0,0,0,0,0,0,0,0,0,0,0,35,0,1,LSU,CA
2006Greg Eslinger,0,2006,6,198,DEN,Greg Eslinger,No,C,C,0,0,0,0,0,0,0,0,0,0,0,0,0,0,0,0,0,0,Minnesota,CO
2006Charlie Johnson,JohnCh23,2006,6,199,IND,Charlie Johnson,No,T,T,22,0,0,134,0,0,0,0,0,0,0,0,1,-2,0,3,0,0,Oklahoma St.,IN
2006Tyler Reed,0,2006,6,200,CHI,Tyler Reed,No,G,G,0,0,0,0,0,0,0,0,0,0,0,0,0,0,0,0,0,0,Penn St.,IL
2006Marvin Philip,0,2006,6,201,PIT,Marvin Philip,No,C,C,0,0,0,0,0,0,0,0,0,0,0,0,0,0,0,0,0,0,California,PA
2006T.J. Williams,0,2006,6,202,TAM,T.J. Williams,No,TE,TE,0,0,0,0,0,0,0,0,0,0,0,0,0,0,0,0,0,0,North Carolina St.,FL
2006Sam Koch,KochSa20,2006,6,203,BAL,Sam Koch,No,P,P,24,0,1,170,2,2,10,0,0,5,33,1,0,0,0,11,0,0,Nebraska,MD
2006LaJuan Ramsey,RamsLa20,2006,6,204,PHI,LaJuan Ramsey,No,DT,DT,22,0,0,34,0,0,0,0,0,0,0,0,0,0,0,23,1,1,USC,PA
2006Dan Stevenson,0,2006,6,205,NWE,Dan Stevenson,No,G,G,0,0,0,0,0,0,0,0,0,0,0,0,0,0,0,0,0,0,Notre Dame,MA
2006Le Kevin Smith,SmitLe20,2006,6,206,NWE,Le Kevin Smith,No,DT,DT,24,0,0,45,0,0,0,0,0,0,0,0,0,0,0,22,0,1,Nebraska,MA
2006Antoine Bethea,BethAn20,2006,6,207,IND,Antoine Bethea,No,DB,DB,22,0,3,156,0,0,0,0,0,0,0,0,0,0,0,730,19,5.5,Howard,IN
2006Derrick Martin,MartDe22,2006,6,208,BAL,Derrick Martin,No,DB,DB,21,0,0,73,0,0,0,0,0,0,0,0,0,0,0,77,3,1,Wyoming,MD
2006Ethan Kilmer,KilmEt00,2006,7,209,CIN,Ethan Kilmer,No,WR,WR,23,0,0,16,0,0,0,0,0,0,0,0,0,0,0,14,1,0,Penn St.,OH
2006Zach Strief,StriZa20,2006,7,210,NOR,Zach Strief,No,G,G,23,0,0,150,0,0,0,0,0,0,0,0,0,0,0,2,0,0,Northwestern,LA
2006Pat McQuistan,McQuPa20,2006,7,211,DAL,Pat McQuistan,No,T,T,23,0,0,72,0,0,0,0,0,0,0,0,0,0,0,0,0,0,Weber St.,TX
2006Fred Evans,EvanFr21,2006,7,212,MIA,Fred Evans,No,DT,DT,22,0,0,95,0,0,0,0,0,0,0,0,0,0,0,65,0,3,Texas St.,FL
2006James Wyche,WychJa00,2006,7,213,JAX,James Wyche,No,DE,DE,24,0,0,3,0,0,0,0,0,0,0,0,0,0,0,2,0,0,Syracuse,FL
2006Chris Morris,MorrCh21,2006,7,214,OAK,Chris Morris,No,C,C,23,0,0,51,0,0,0,0,0,0,0,0,0,0,0,0,0,0,Michigan St.,CA
2006Cortland Finnegan,FinnCo20,2006,7,215,TEN,Cortland Finnegan,No,DB,DB,22,1,1,133,0,0,0,0,0,0,0,0,0,0,0,542,18,7,Samford,TN
2006Terrance Pennington,PennTe20,2006,7,216,BUF,Terrance Pennington,No,T,T,23,0,0,16,0,0,0,0,0,0,0,0,0,0,0,0,0,0,New Mexico,NY
2006Fred Matua,0,2006,7,217,DET,Fred Matua,No,G,G,0,0,0,0,0,0,0,0,0,0,0,0,0,0,0,0,0,0,USC,MI
2006Todd Watkins,WatkTo20,2006,7,218,ARI,Todd Watkins,No,WR,WR,23,0,0,21,0,0,0,0,0,0,0,0,8,90,0,6,0,0,BYU,AZ
2006Ryan LaCasse,LaCaRy20,2006,7,219,BAL,Ryan LaCasse,No,LB,LB,23,0,0,12,0,0,0,0,0,0,0,0,0,0,0,5,0,0,Syracuse,MD
2006Titus Adams,AdamTi00,2006,7,220,NYJ,Titus Adams,No,DT,DT,23,0,0,2,0,0,0,0,0,0,0,0,0,0,0,1,0,0,Nebraska,NY
2006Tim McGarigle,McGaTi99,2006,7,221,STL,Tim McGarigle,No,LB,LB,22,0,0,12,0,0,0,0,0,0,0,0,0,0,0,6,0,0,Northwestern,MO
2006Justin Hamilton,HamiJu20,2006,7,222,CLE,Justin Hamilton,No,RB,RB,24,0,0,12,0,0,0,0,0,0,0,0,0,0,0,13,0,0,Virginia Tech,OH
2006D.J. Shockley,0,2006,7,223,ATL,D.J. Shockley,No,QB,QB,0,0,0,0,0,0,0,0,0,0,0,0,0,0,0,0,0,0,Georgia,GA
2006E.J. Whitley,0,2006,7,224,DAL,E.J. Whitley,No,C,C,0,0,0,0,0,0,0,0,0,0,0,0,0,0,0,0,0,0,Texas Tech,TX
2006Chase Page,PageCh99,2006,7,225,SDG,Chase Page,No,DT,DT,23,0,0,6,0,0,0,0,0,0,0,0,0,0,0,4,0,0,North Carolina,CA
2006Rodrique Wright,WrigRo99,2006,7,226,MIA,Rodrique Wright,No,DT,DT,22,0,0,14,0,0,0,0,0,0,0,0,0,0,0,28,0,1.5,Texas,FL
2006Jimmy Martin,0,2006,7,227,SDG,Jimmy Martin,No,C,C,0,0,0,0,0,0,0,0,0,0,0,0,0,0,0,0,0,0,Virginia Tech,CA
2006Jarrad Page,PageJa20,2006,7,228,KAN,Jarrad Page,No,DB,DB,21,0,0,74,0,0,0,0,0,1,4,0,0,0,0,190,12,1,UCLA,MO
2006Willie Andrews,AndrWi20,2006,7,229,NWE,Willie Andrews,No,DB,DB,22,0,0,30,0,0,0,0,0,0,0,0,0,0,0,13,0,0,Baylor,MA
2006Kili Lefotu,0,2006,7,230,WAS,Kili Lefotu,No,G,G,0,0,0,0,0,0,0,0,0,0,0,0,0,0,0,0,0,0,Arizona,DC
2006Bennie Brazell,0,2006,7,231,CIN,Bennie Brazell,No,WR,WR,0,0,0,0,0,0,0,0,0,0,0,0,0,0,0,0,0,0,LSU,OH
2006Gerrick McPhearson,0,2006,7,232,NYG,Gerrick McPhearson,No,DB,DB,0,0,0,0,0,0,0,0,0,0,0,0,0,0,0,0,0,0,Maryland,NY
2006Devin Aromashodu,AromDe00,2006,7,233,MIA,Devin Aromashodu,No,WR,WR,22,0,0,61,0,0,0,0,0,0,0,0,78,1193,5,6,0,0,Auburn,FL
2006Will Montgomery,MontWi20,2006,7,234,CAR,Will Montgomery,No,G,G,23,0,0,110,0,0,0,0,0,0,0,0,0,0,0,3,0,0,Virginia Tech,NC
2006Justin Phinisee,0,2006,7,235,TAM,Justin Phinisee,No,DB,DB,0,0,0,0,0,0,0,0,0,0,0,0,0,0,0,0,0,0,Oregon,FL
2006Dee Webb,WebbDe20,2006,7,236,JAX,Dee Webb,No,DB,DB,21,0,0,11,0,0,0,0,0,0,0,0,0,0,0,15,1,0,Florida,FL
2006Stanley McClover,McClSt20,2006,7,237,CAR,Stanley McClover,No,DE,DE,21,0,0,14,0,0,0,0,0,0,0,0,0,0,0,7,0,1,Auburn,NC
2006T.J. Rushing,RushT.20,2006,7,238,IND,T.J. Rushing,No,DB,DB,23,0,0,35,0,0,0,0,0,0,0,0,0,0,0,26,0,0,Stanford,IN
2006Ryan Plackemeier,PlacRy20,2006,7,239,SEA,Ryan Plackemeier,No,P,P,22,0,0,43,0,0,0,0,0,1,0,0,0,0,0,1,0,0,Wake Forest,WA
2006Cedric Humes,0,2006,7,240,PIT,Cedric Humes,No,RB,RB,0,0,0,0,0,0,0,0,0,0,0,0,0,0,0,0,0,0,Virginia Tech,PA
2006Charles Bennett,BennCh21,2006,7,241,TAM,Charles Bennett,No,LB,LB,23,0,0,3,0,0,0,0,0,0,0,0,0,0,0,1,0,0,Clemson,FL
2006Mark Setterstrom,SettMa20,2006,7,242,STL,Mark Setterstrom,No,G,G,22,0,0,19,0,0,0,0,0,0,0,0,0,0,0,0,0,0,Minnesota,MO
2006Tony Palmer,PalmTo21,2006,7,243,STL,Tony Palmer,No,G,G,23,0,0,8,0,0,0,0,0,0,0,0,0,0,0,0,0,0,Missouri,MO
2006Tim Massaquoi,MassTi20,2006,7,244,TAM,Tim Massaquoi,No,TE,TE,24,0,0,11,0,0,0,0,0,0,0,0,0,0,0,0,0,0,Michigan,FL
2006Spencer Toone,ToonSp20,2006,7,245,TEN,Spencer Toone,No,LB,LB,26,0,0,3,0,0,0,0,0,0,0,0,0,0,0,0,0,0,Utah,TN
2006Quinton Ganther,GantQu00,2006,7,246,TEN,Quinton Ganther,No,RB,RB,22,0,0,36,0,0,0,0,0,80,280,3,17,151,0,6,0,0,Utah,TN
2006Anthony Cannon,CannAn20,2006,7,247,DET,Anthony Cannon,No,LB,LB,21,0,0,32,0,0,0,0,0,0,0,0,0,0,0,16,0,0,Tulane,MI
2006Aaron Merz,MerzAa20,2006,7,248,BUF,Aaron Merz,No,G,G,23,0,0,7,0,0,0,0,0,0,0,0,0,0,0,0,0,0,California,NY
2006Ben Obomanu,ObomBe00,2006,7,249,SEA,Ben Obomanu,No,WR,WR,22,0,0,69,0,0,0,0,0,4,41,0,88,1217,7,25,0,0,Auburn,WA
2006Kevin Simon,0,2006,7,250,WAS,Kevin Simon,No,LB,LB,0,0,0,0,0,0,0,0,0,0,0,0,0,0,0,0,0,0,Tennessee,DC
2006David Anderson,AndeDa01,2006,7,251,HOU,David Anderson,No,WR,WR,23,0,0,67,0,0,0,0,0,0,0,0,88,965,4,18,0,0,Colorado St.,TX
2006Marques Colston,ColsMa00,2006,7,252,NOR,Marques Colston,No,WR,WR,23,0,0,146,0,0,0,0,0,2,7,0,711,9759,72,10,0,0,Hofstra,LA
2006Dave Tollefson,TollDa99,2006,7,253,GNB,Dave Tollefson,No,DE,DE,25,0,0,78,0,0,0,0,0,0,0,0,0,0,0,62,0,10.5,NW Missouri St.,WI
2006Vickiel Vaughn,0,2006,7,254,SFO,Vickiel Vaughn,No,DB,DB,0,0,0,0,0,0,0,0,0,0,0,0,0,0,0,0,0,0,Arkansas,CA
2006Kevin McMahan,0,2006,7,255,OAK,Kevin McMahan,No,WR,WR,0,0,0,0,0,0,0,0,0,0,0,0,0,0,0,0,0,0,Maine,CA
2005Alex Smith,SmitAl03,2005,1,1,SFO,Alex Smith,No,QB,QB,21,0,1,135,2411,3921,26421,151,87,446,1998,10,2,-10,0,9,0,0,Utah,CA
2005Ronnie Brown,BrowRo05,2005,1,2,MIA,Ronnie Brown,No,RB,RB,23,0,1,132,4,12,63,2,0,1281,5391,38,246,1966,2,13,0,0,Auburn,FL
2005Braylon Edwards,EdwaBr00,2005,1,3,CLE,Braylon Edwards,No,WR,WR,22,0,1,112,0,1,0,0,0,4,11,0,359,5522,40,24,0,0,Michigan,OH
2005Cedric Benson,BensCe00,2005,1,4,CHI,Cedric Benson,No,RB,RB,22,0,0,96,0,0,0,0,0,1600,6017,32,120,833,1,6,0,0,Texas,IL
2005Cadillac Williams,WillCa02,2005,1,5,TAM,Cadillac Williams,No,RB,RB,23,0,0,81,0,0,0,0,0,1055,4038,21,148,1002,4,6,0,0,Auburn,FL
2005Adam Jones,JonePa20,2005,1,6,TEN,Adam Jones,No,DB,DB,22,1,1,124,0,0,0,0,0,2,8,0,2,31,0,383,15,3,West Virginia,TN
2005Troy Williamson,WillTr01,2005,1,7,MIN,Troy Williamson,No,WR,WR,22,0,0,49,0,0,0,0,0,6,58,0,87,1131,4,9,0,0,South Carolina,MN
2005Antrel Rolle,RollAn20,2005,1,8,ARI,Antrel Rolle,No,DB,DB,22,0,3,155,0,0,0,0,0,1,9,0,1,9,0,705,26,4,Miami (FL),AZ
2005Carlos Rogers,RogeCa20,2005,1,9,WAS,Carlos Rogers,No,DB,DB,24,0,1,133,0,0,0,0,0,0,0,0,0,0,0,412,17,1,Auburn,DC
2005Mike Williams,WillMi03,2005,1,10,DET,Mike Williams,No,WR,WR,21,0,0,56,0,0,0,0,0,1,0,0,127,1526,5,8,0,0,USC,MI
2005DeMarcus Ware,WareDe99,2005,1,11,DAL,DeMarcus Ware,No,LB,LB,23,4,9,173,0,0,0,0,0,0,0,0,0,0,0,499,3,136.5,Troy,TX
2005Shawne Merriman,MerrSh99,2005,1,12,SDG,Shawne Merriman,No,LB,LB,21,1,3,75,0,0,0,0,0,0,0,0,0,0,0,196,1,45.5,Maryland,CA
2005Jammal Brown,BrowJa55,2005,1,13,NOR,Jammal Brown,No,T,T,24,1,2,85,0,0,0,0,0,0,0,0,0,0,0,2,0,0,Oklahoma,LA
2005Thomas Davis,DaviTh20,2005,1,14,CAR,Thomas Davis,No,LB,LB,22,1,1,143,0,0,0,0,0,0,0,0,0,0,0,669,12,25,Georgia,NC
2005Derrick Johnson,JohnDe25,2005,1,15,KAN,Derrick Johnson,No,LB,LB,22,1,4,164,0,0,0,0,0,0,0,0,0,0,0,876,14,27.5,Texas,MO
2005Travis Johnson,JohnTr20,2005,1,16,HOU,Travis Johnson,No,DT,DT,23,0,0,76,0,0,0,0,0,0,0,0,0,0,0,103,1,3,Florida St.,TX
2005David Pollack,PollDa20,2005,1,17,CIN,David Pollack,No,LB,LB,23,0,0,16,0,0,0,0,0,0,0,0,0,0,0,22,0,4.5,Georgia,OH
2005Erasmus James,JameEr20,2005,1,18,MIN,Erasmus James,No,DE,DE,22,0,0,28,0,0,0,0,0,0,0,0,0,0,0,30,0,5,Wisconsin,MN
2005Alex Barron,BarrAl20,2005,1,19,STL,Alex Barron,No,T,T,23,0,0,87,0,0,0,0,0,0,0,0,0,0,0,3,0,0,Florida St.,MO
2005Marcus Spears,SpeaMa21,2005,1,20,DAL,Marcus Spears,No,DE,DE,22,0,0,124,0,0,0,0,0,0,0,0,0,0,0,143,0,10,LSU,TX
2005Matt Jones,JoneMa00,2005,1,21,JAX,Matt Jones,No,WR,WR,22,0,0,54,2,3,12,0,0,14,36,0,166,2153,15,4,0,0,Arkansas,FL
2005Mark Clayton,ClayMa01,2005,1,22,BAL,Mark Clayton,No,WR,WR,23,0,0,83,2,5,32,1,0,26,118,2,260,3448,14,19,0,0,Oklahoma,MD
2005Fabian Washington,WashFa20,2005,1,23,OAK,Fabian Washington,No,DB,DB,22,0,0,81,0,0,0,0,0,0,0,0,0,0,0,204,6,0,Nebraska,CA
2005Aaron Rodgers,RodgAa00,2005,1,24,GNB,Aaron Rodgers,No,QB,QB,21,2,5,136,2892,4457,35160,282,72,474,2434,24,1,-1,0,6,0,0,California,WI
2005Jason Campbell,CampJa00,2005,1,25,WAS,Jason Campbell,No,QB,QB,23,0,0,90,1519,2518,16771,87,60,240,1204,6,0,0,0,1,0,0,Auburn,DC
2005Chris Spencer,SpenCh21,2005,1,26,SEA,Chris Spencer,No,C,C,23,0,0,137,0,0,0,0,0,0,0,0,0,0,0,4,0,0,Mississippi,WA
2005Roddy White,WhitRo00,2005,1,27,ATL,Roddy White,No,WR,WR,23,1,4,171,0,0,0,0,0,9,19,0,808,10863,63,25,0,0,Ala-Birmingham,GA
2005Luis Castillo,CastLu20,2005,1,28,SDG,Luis Castillo,No,DE,DE,22,0,0,82,0,0,0,0,0,0,0,0,0,0,0,151,2,19,Northwestern,CA
2005Marlin Jackson,JackMa22,2005,1,29,IND,Marlin Jackson,No,DB,DB,22,0,0,56,0,0,0,0,0,0,0,0,0,0,0,221,4,0.5,Michigan,IN
2005Heath Miller,MillHe00,2005,1,30,PIT,Heath Miller,No,TE,TE,22,0,2,168,0,0,0,0,0,2,8,0,592,6569,45,34,0,0,Virginia,PA
2005Mike Patterson,PattMi20,2005,1,31,PHI,Mike Patterson,No,DT,DT,22,0,0,147,0,0,0,0,0,0,0,0,0,0,0,288,1,16.5,USC,PA
2005Logan Mankins,MankLo20,2005,1,32,NWE,Logan Mankins,No,G,G,23,1,7,161,0,0,0,0,0,0,0,0,1,-9,0,5,0,0,Fresno St.,MA
2005David Baas,BaasDa20,2005,2,33,SFO,David Baas,No,G,G,24,0,0,122,0,0,0,0,0,0,0,0,0,0,0,5,0,0,Michigan,CA
2005Brodney Pool,PoolBr20,2005,2,34,CLE,Brodney Pool,No,DB,DB,21,0,0,100,0,0,0,0,0,0,0,0,0,0,0,292,13,5.5,Oklahoma,OH
2005Reggie Brown,BrowRe01,2005,2,35,PHI,Reggie Brown,No,WR,WR,24,0,0,72,0,0,0,0,0,11,68,1,177,2574,17,8,0,0,Georgia,PA
2005Barrett Ruud,RuudBa20,2005,2,36,TAM,Barrett Ruud,No,LB,LB,22,0,0,116,0,0,0,0,0,0,0,0,0,0,0,481,7,6,Nebraska,FL
2005Shaun Cody,CodySh20,2005,2,37,DET,Shaun Cody,No,DT,DT,22,0,0,112,0,0,0,0,0,0,0,0,0,0,0,120,1,3,USC,MI
2005Stanford Routt,RoutSt20,2005,2,38,OAK,Stanford Routt,No,DB,DB,22,0,0,119,0,0,0,0,0,0,0,0,0,0,0,225,12,2,Houston,CA
2005Mark Bradley,BradMa00,2005,2,39,CHI,Mark Bradley,No,WR,WR,23,0,0,57,2,2,63,1,0,2,20,0,92,1283,9,4,0,0,Oklahoma,IL
2005Josh Bullocks,BullJo20,2005,2,40,NOR,Josh Bullocks,No,DB,DB,22,0,0,90,0,0,0,0,0,0,0,0,0,0,0,235,6,1,Nebraska,LA
2005Michael Roos,RoosMi20,2005,2,41,TEN,Michael Roos,No,T,T,22,1,1,148,0,0,0,0,0,0,0,0,1,-7,0,8,0,0,East. Washington,TN
2005Kevin Burnett,BurnKe20,2005,2,42,DAL,Kevin Burnett,No,LB,LB,22,0,0,136,0,0,0,0,0,0,0,0,0,0,0,491,5,20,Tennessee,TX
2005Corey Webster,WebsCo20,2005,2,43,NYG,Corey Webster,No,DB,DB,23,0,0,121,0,0,0,0,0,0,0,0,0,0,0,330,20,2,LSU,NY
2005J.J. Arrington,ArriJ.00,2005,2,44,ARI,J.J. Arrington,No,RB,RB,22,0,0,58,0,1,0,0,0,183,654,3,91,693,2,6,0,0,California,AZ
2005Lofa Tatupu,TatuLo99,2005,2,45,SEA,Lofa Tatupu,No,LB,LB,22,1,3,84,0,0,0,0,0,0,0,0,0,0,0,407,10,8.5,USC,WA
2005Matt Roth,RothMa20,2005,2,46,MIA,Matt Roth,No,DE,DE,22,0,0,96,0,0,0,0,0,0,0,0,0,0,0,216,0,23.5,Iowa,FL
2005Mike Nugent,nugenmik01,2005,2,47,NYJ,Mike Nugent,No,K,K,23,0,0,150,0,0,0,0,0,0,0,0,0,0,0,14,0,0,Ohio St.,NY
2005Odell Thurman,ThurOd20,2005,2,48,CIN,Odell Thurman,No,LB,LB,22,0,0,16,0,0,0,0,0,0,0,0,0,0,0,64,5,1.5,Georgia,OH
2005Marcus Johnson,JohnMa20,2005,2,49,MIN,Marcus Johnson,No,G,G,23,0,0,53,0,0,0,0,0,0,0,0,0,0,0,0,0,0,Mississippi,MN
2005Ronald Bartell,BartRo20,2005,2,50,STL,Ronald Bartell,No,DB,DB,23,0,0,96,0,0,0,0,0,0,0,0,0,0,0,310,8,2,Howard,MO
2005Nick Collins,CollNi20,2005,2,51,GNB,Nick Collins,No,DB,DB,22,0,3,95,0,0,0,0,0,0,0,0,0,0,0,340,21,1,Bethune-Cookman,WI
2005Khalif Barnes,BarnKh20,2005,2,52,JAX,Khalif Barnes,No,T,T,23,0,0,151,0,0,0,0,0,0,0,0,3,9,1,7,0,0,Washington,FL
2005Dan Cody,CodyDa20,2005,2,53,BAL,Dan Cody,No,DE,DE,23,0,0,2,0,0,0,0,0,0,0,0,0,0,0,0,0,0,Oklahoma,MD
2005Eric Shelton,ShelEr00,2005,2,54,CAR,Eric Shelton,No,RB,RB,22,0,0,9,0,0,0,0,0,8,23,0,1,6,0,1,0,0,Louisville,NC
2005Roscoe Parrish,ParrRo00,2005,2,55,BUF,Roscoe Parrish,No,WR,WR,23,0,0,90,1,1,3,0,0,14,71,1,134,1502,7,7,0,0,Miami (FL),NY
2005Darrent Williams,WillDa21,2005,2,56,DEN,Darrent Williams,No,DB,DB,23,0,0,27,0,0,0,0,0,0,0,0,0,0,0,124,6,1,Oklahoma St.,CO
2005Justin Miller,MillJu99,2005,2,57,NYJ,Justin Miller,No,DB,DB,21,0,1,46,0,0,0,0,0,0,0,0,0,0,0,81,0,0,Clemson,NY
2005Terrence Murphy,MurpTe00,2005,2,58,GNB,Terrence Murphy,No,WR,WR,22,0,0,3,0,0,0,0,0,0,0,0,5,36,0,0,0,0,Texas A&M,WI
2005Jonathan Babineaux,BabiJo20,2005,2,59,ATL,Jonathan Babineaux,No,DE,DE,23,0,0,179,0,0,0,0,0,0,0,0,0,0,0,286,4,27,Iowa,GA
2005Kelvin Hayden,HaydKe20,2005,2,60,IND,Kelvin Hayden,No,DB,DB,22,0,0,101,0,0,0,0,0,0,0,0,0,0,0,281,12,0,Illinois,IN
2005Vincent Jackson,JackVi00,2005,2,61,SDG,Vincent Jackson,No,WR,WR,22,0,3,155,0,0,0,0,0,15,161,0,540,9080,57,21,0,0,Northern Colorado,CA
2005Bryant McFadden,McFaBr20,2005,2,62,PIT,Bryant McFadden,No,DB,DB,23,0,0,96,0,0,0,0,0,1,-2,0,0,0,0,266,9,4,Florida St.,PA
2005Matt McCoy,McCoMa20,2005,2,63,PHI,Matt McCoy,No,LB,LB,22,0,0,65,0,0,0,0,0,0,0,0,0,0,0,107,0,2,San Diego St.,PA
2005Adam Terry,TerrAd20,2005,2,64,BAL,Adam Terry,No,T,T,23,0,0,50,0,0,0,0,0,0,0,0,0,0,0,1,0,0,Syracuse,MD
2005Frank Gore,GoreFr00,2005,3,65,SFO,Frank Gore,No,RB,RB,22,0,5,175,0,0,0,0,0,2880,12710,74,405,3354,15,12,0,0,Miami (FL),CA
2005O.J. Atogwe,AtogO.20,2005,3,66,STL,O.J. Atogwe,No,DB,DB,24,0,0,101,0,0,0,0,0,0,0,0,0,0,0,374,25,5.5,Stanford,MO
2005Charlie Frye,FryeCh00,2005,3,67,CLE,Charlie Frye,No,QB,QB,24,0,0,26,419,676,4154,17,29,72,347,4,0,0,0,1,0,0,Akron,OH
2005Courtney Roby,RobyCo00,2005,3,68,TEN,Courtney Roby,No,WR,WR,22,0,0,92,0,0,0,0,0,3,19,0,26,343,1,46,0,0,Indiana,TN
2005Andrew Walter,WaltAn00,2005,3,69,OAK,Andrew Walter,No,QB,QB,23,0,0,15,174,333,1919,3,16,19,49,0,0,0,0,4,0,0,Arizona St.,CA
2005Channing Crowder,CrowCh20,2005,3,70,MIA,Channing Crowder,No,LB,LB,21,0,0,82,0,0,0,0,0,0,0,0,0,0,0,343,1,2.5,Florida,FL
2005Alex Smith,SmitAl02,2005,3,71,TAM,Alex Smith,No,TE,TE,23,0,0,124,0,0,0,0,0,0,0,0,163,1473,13,12,0,0,Stanford,FL
2005Stanley Wilson,WilsSt20,2005,3,72,DET,Stanley Wilson,No,DB,DB,22,0,0,32,0,0,0,0,0,0,0,0,0,0,0,63,0,0,Stanford,MI
2005Vernand Morency,MoreVe00,2005,3,73,HOU,Vernand Morency,No,RB,RB,25,0,0,39,0,0,0,0,0,171,726,4,57,404,0,8,0,0,Oklahoma St.,TX
2005Justin Tuck,TuckJu20,2005,3,74,NYG,Justin Tuck,No,DE,DE,22,1,2,147,0,0,0,0,0,0,0,0,0,0,0,353,3,66.5,Notre Dame,NY
2005Eric Green,GreeEr20,2005,3,75,ARI,Eric Green,No,DB,DB,23,0,0,51,0,0,0,0,0,0,0,0,0,0,0,150,2,0,Virginia Tech,AZ
2005Karl Paymah,PaymKa20,2005,3,76,DEN,Karl Paymah,No,DB,DB,22,0,0,74,0,0,0,0,0,0,0,0,0,0,0,115,3,0,Washington St.,CO
2005Ryan Moats,MoatRy00,2005,3,77,PHI,Ryan Moats,No,RB,RB,22,0,0,38,0,0,0,0,0,204,831,8,20,127,1,13,0,0,Louisiana Tech,PA
2005Kirk Morrison,MorrKi20,2005,3,78,OAK,Kirk Morrison,No,LB,LB,23,0,0,112,0,0,0,0,0,0,0,0,0,0,0,568,7,6,San Diego St.,CA
2005Evan Mathis,MathEv20,2005,3,79,CAR,Evan Mathis,No,G,G,23,1,2,134,0,0,0,0,0,0,0,0,0,0,0,3,0,0,Alabama,NC
2005Dustin Fox,FoxxDu20,2005,3,80,MIN,Dustin Fox,No,DB,DB,22,0,0,12,0,0,0,0,0,0,0,0,0,0,0,8,0,0,Ohio St.,MN
2005Richie Incognito,IncoRi20,2005,3,81,STL,Richie Incognito,No,G,G,22,0,2,128,0,0,0,0,0,0,0,0,0,0,0,6,0,0,Oregon,MO
2005Alfred Fincher,FincAl20,2005,3,82,NOR,Alfred Fincher,No,LB,LB,22,0,0,38,0,0,0,0,0,0,0,0,0,0,0,18,0,0,Connecticut,LA
2005Chris Henry,HenrCh00,2005,3,83,CIN,Chris Henry,No,WR,WR,22,0,0,55,0,0,0,0,0,0,0,0,119,1826,21,3,0,0,West Virginia,OH
2005Ellis Hobbs,HobbEl20,2005,3,84,NWE,Ellis Hobbs,No,DB,DB,22,0,0,79,0,0,0,0,0,0,0,0,0,0,0,182,10,2.5,Iowa St.,MA
2005David Greene,0,2005,3,85,SEA,David Greene,No,QB,QB,0,0,0,0,0,0,0,0,0,0,0,0,0,0,0,0,0,0,Georgia,WA
2005Kevin Everett,EverKe00,2005,3,86,BUF,Kevin Everett,No,TE,TE,23,0,0,17,0,0,0,0,0,0,0,0,2,4,0,1,0,0,Miami (FL),NY
2005Scott Starks,StarSc20,2005,3,87,JAX,Scott Starks,No,DB,DB,22,0,0,54,0,0,0,0,0,0,0,0,0,0,0,55,2,0,Wisconsin,FL
2005Sione Pouha,PouhSi20,2005,3,88,NYJ,Sione Pouha,No,DT,DT,26,0,0,106,0,0,0,0,0,0,0,0,0,0,0,192,0,4.5,Utah,NY
2005Atiyyah Ellison,ElliAt00,2005,3,89,CAR,Atiyyah Ellison,No,DT,DT,24,0,0,15,0,0,0,0,0,0,0,0,0,0,0,0,0,0,Missouri,NC
2005Jordan Beck,BeckJo20,2005,3,90,ATL,Jordan Beck,No,LB,LB,22,0,0,26,0,0,0,0,0,0,0,0,0,0,0,18,0,0,Cal Poly-San Luis Obispo,GA
2005Chris Colmer,0,2005,3,91,TAM,Chris Colmer,No,T,T,0,0,0,0,0,0,0,0,0,0,0,0,0,0,0,0,0,0,North Carolina St.,FL
2005Vincent Burns,0,2005,3,92,IND,Vincent Burns,No,DE,DE,0,0,0,0,0,0,0,0,0,0,0,0,0,0,0,0,0,0,Kentucky,IN
2005Trai Essex,EsseTr20,2005,3,93,PIT,Trai Essex,No,T,T,22,0,0,76,0,0,0,0,0,0,0,0,0,0,0,0,0,0,Northwestern,PA
2005Adam Snyder,SnydAd20,2005,3,94,SFO,Adam Snyder,No,T,T,23,0,0,141,0,0,0,0,0,0,0,0,0,0,0,8,0,0,Oregon,CA
2005Darryl Blackstock,BlacDa20,2005,3,95,ARI,Darryl Blackstock,No,LB,LB,22,0,0,74,0,0,0,0,0,0,0,0,0,0,0,62,0,4,Virginia,AZ
2005Brandon Jones,JoneBr02,2005,3,96,TEN,Brandon Jones,No,WR,WR,22,0,0,59,0,0,0,0,0,6,76,0,113,1398,9,2,0,0,Oklahoma,TN
2005Domonique Foxworth,FoxwDo20,2005,3,97,DEN,Domonique Foxworth,No,DB,DB,22,0,0,78,0,0,0,0,0,0,0,0,0,0,0,227,8,0,Maryland,CO
2005LeRoy Hill,HillLe20,2005,3,98,SEA,LeRoy Hill,No,LB,LB,23,0,0,97,0,0,0,0,0,0,0,0,0,0,0,378,0,20,Clemson,WA
2005Dustin Colquitt,ColqDu20,2005,3,99,KAN,Dustin Colquitt,No,P,P,23,0,1,184,1,1,6,0,0,3,-3,0,0,0,0,6,0,0,Tennessee,MO
2005Nick Kaczur,KaczNi20,2005,3,100,NWE,Nick Kaczur,No,T,T,26,0,0,68,0,0,0,0,0,0,0,0,0,0,0,0,0,0,Toledo,MA
2005Maurice Clarett,0,2005,3,101,DEN,Maurice Clarett,No,RB,RB,0,0,0,0,0,0,0,0,0,0,0,0,0,0,0,0,0,0,Ohio St.,CO
2005Sean Considine,ConsSe20,2005,4,102,PHI,Sean Considine,No,DB,DB,23,0,0,99,0,0,0,0,0,1,3,0,0,0,0,194,4,2.5,Iowa,PA
2005Antonio Perkins,PerkAn20,2005,4,103,CLE,Antonio Perkins,No,DB,DB,23,0,0,6,0,0,0,0,0,0,0,0,0,0,0,2,0,0,Oklahoma,OH
2005Travis Daniels,DaniTr20,2005,4,104,MIA,Travis Daniels,No,DB,DB,23,0,0,107,0,0,0,0,0,0,0,0,0,0,0,145,6,0,LSU,FL
2005Ray Willis,WillRa22,2005,4,105,SEA,Ray Willis,No,T,T,23,0,0,44,0,0,0,0,0,0,0,0,0,0,0,1,0,0,Florida St.,WA
2005Kyle Orton,OrtoKy00,2005,4,106,CHI,Kyle Orton,No,QB,QB,22,0,0,87,1613,2712,18037,101,69,126,296,4,0,0,0,7,0,0,Purdue,IL
2005Dan Buenning,BuenDa20,2005,4,107,TAM,Dan Buenning,No,G,G,23,0,0,36,0,0,0,0,0,0,0,0,0,0,0,0,0,0,Wisconsin,FL
2005Vincent Fuller,FullVi20,2005,4,108,TEN,Vincent Fuller,No,DB,DB,23,0,0,76,0,0,0,0,0,0,0,0,0,0,0,134,6,2,Virginia Tech,TN
2005Marion Barber,BarbMa01,2005,4,109,DAL,Marion Barber,No,RB,RB,22,0,1,99,0,1,0,0,0,1156,4780,53,179,1330,6,15,0,0,Minnesota,TX
2005Brandon Jacobs,JacoBr00,2005,4,110,NYG,Brandon Jacobs,No,RB,RB,23,0,0,109,0,0,0,0,0,1141,5094,60,82,743,4,21,0,0,Southern Illinois,NY
2005Elton Brown,BrowEl20,2005,4,111,ARI,Elton Brown,No,G,G,23,0,0,34,0,0,0,0,0,0,0,0,0,0,0,0,0,0,Virginia,AZ
2005Ciatrick Fason,FasoCi00,2005,4,112,MIN,Ciatrick Fason,No,RB,RB,22,0,0,18,0,0,0,0,0,50,161,5,3,19,0,4,0,0,Florida,MN
2005David Stewart,StewDa21,2005,4,113,TEN,David Stewart,No,T,T,23,0,0,116,0,0,0,0,0,0,0,0,0,0,0,8,0,0,Mississippi St.,TN
2005Jerome Mathis,MathJe00,2005,4,114,HOU,Jerome Mathis,No,WR,WR,22,1,1,17,0,0,0,0,0,0,0,0,6,80,1,0,0,0,Hampton,TX
2005Marviel Underwood,UndeMa20,2005,4,115,GNB,Marviel Underwood,No,DB,DB,23,0,0,16,0,0,0,0,0,0,0,0,0,0,0,27,0,0,San Diego St.,WI
2005Craphonso Thorpe,ThorCr00,2005,4,116,KAN,Craphonso Thorpe,No,WR,WR,22,0,0,5,0,0,0,0,0,0,0,0,12,70,1,0,0,0,Florida St.,MO
2005Jerome Carter,CartJe20,2005,4,117,STL,Jerome Carter,No,DB,DB,22,0,0,33,0,0,0,0,0,0,0,0,0,0,0,50,2,0,Florida St.,MO
2005Chase Lyman,0,2005,4,118,NOR,Chase Lyman,No,WR,WR,0,0,0,0,0,0,0,0,0,0,0,0,0,0,0,0,0,0,California,LA
2005Eric Ghiaciuc,GhiaEr20,2005,4,119,CIN,Eric Ghiaciuc,No,C,C,24,0,0,48,0,0,0,0,0,0,0,0,0,0,0,3,0,0,Central Michigan,OH
2005Manuel White,0,2005,4,120,WAS,Manuel White,No,RB,RB,0,0,0,0,0,0,0,0,0,0,0,0,0,0,0,0,0,0,UCLA,DC
2005Stefan Lefors,0,2005,4,121,CAR,Stefan Lefors,No,QB,QB,0,0,0,0,0,0,0,0,0,0,0,0,0,0,0,0,0,0,Louisville,NC
2005Duke Preston,PresDu20,2005,4,122,BUF,Duke Preston,No,C,C,23,0,0,59,0,0,0,0,0,0,0,0,0,0,0,0,0,0,Illinois,NY
2005Kerry Rhodes,RhodKe20,2005,4,123,NYJ,Kerry Rhodes,No,DB,DB,23,0,0,118,0,0,0,0,0,0,0,0,0,0,0,488,23,13,Louisville,NY
2005Jason Brown,BrowJa23,2005,4,124,BAL,Jason Brown,No,C,C,22,0,0,100,0,0,0,0,0,0,0,0,0,0,0,3,0,0,North Carolina,MD
2005Brady Poppinga,PoppBr20,2005,4,125,GNB,Brady Poppinga,No,LB,LB,26,0,0,100,0,0,0,0,0,0,0,0,0,0,0,225,2,5,BYU,WI
2005Todd Herremans,HerrTo20,2005,4,126,PHI,Todd Herremans,No,T,T,22,0,0,135,0,0,0,0,0,0,0,0,2,3,2,5,0,0,Saginaw Valley St.,PA
2005Alvin Pearman,PearAl00,2005,4,127,JAX,Alvin Pearman,No,RB,RB,23,0,0,38,0,0,0,0,0,58,238,2,36,276,1,10,0,0,Virginia,FL
2005Chauncey Davis,DaviCh22,2005,4,128,ATL,Chauncey Davis,No,DE,DE,22,0,0,102,0,0,0,0,0,0,0,0,0,0,0,148,2,11,Florida St.,GA
2005Dylan Gandy,GandDy20,2005,4,129,IND,Dylan Gandy,No,G,G,23,0,0,120,0,0,0,0,0,0,0,0,0,0,0,1,0,0,Texas Tech,IN
2005Darren Sproles,SproDa00,2005,4,130,SDG,Darren Sproles,No,RB,RB,22,0,2,163,0,0,0,0,0,640,3186,20,507,4460,29,6,0,0,Kansas St.,CA
2005Fred Gibson,0,2005,4,131,PIT,Fred Gibson,No,WR,WR,0,0,0,0,0,0,0,0,0,0,0,0,0,0,0,0,0,0,Georgia,PA
2005Chris Canty,CantCh21,2005,4,132,DAL,Chris Canty,No,DE,DE,22,0,0,148,0,0,0,0,0,0,0,0,0,0,0,234,0,22.5,Virginia,TX
2005James Sanders,SandJa21,2005,4,133,NWE,James Sanders,No,DB,DB,21,0,0,114,0,0,0,0,0,0,0,0,0,0,0,250,8,1,Fresno St.,MA
2005Claude Terrell,TerrCl20,2005,4,134,STL,Claude Terrell,No,G,G,23,0,0,20,0,0,0,0,0,0,0,0,0,0,0,0,0,0,New Mexico,MO
2005Matt Giordano,GiorMa20,2005,4,135,IND,Matt Giordano,No,DB,DB,22,0,0,116,0,0,0,0,0,1,-5,0,0,0,0,176,11,1,California,IN
2005Roydell Williams,WillRo05,2005,4,136,TEN,Roydell Williams,No,WR,WR,24,0,0,56,0,0,0,0,0,2,-17,0,92,1248,6,8,0,0,Tulane,TN
2005Ronald Fields,FielRo20,2005,5,137,SFO,Ronald Fields,No,DT,DT,24,0,0,87,0,0,0,0,0,0,0,0,0,0,0,90,0,1,Mississippi St.,CA
2005Boomer Grigsby,GrigBo20,2005,5,138,KAN,Boomer Grigsby,No,LB,LB,23,0,0,45,0,0,0,0,0,0,0,0,2,14,0,28,0,0,Illinois St.,MO
2005David McMillan,McMiDa20,2005,5,139,CLE,David McMillan,No,DE,DE,24,0,0,29,0,0,0,0,0,0,0,0,0,0,0,5,0,0,Kansas,OH
2005Airese Currie,CurrAi00,2005,5,140,CHI,Airese Currie,No,WR,WR,22,0,0,1,0,0,0,0,0,0,0,0,0,0,0,0,0,0,Clemson,IL
2005Donte Nicholson,NichDo20,2005,5,141,TAM,Donte Nicholson,No,DB,DB,23,0,0,16,0,0,0,0,0,0,0,0,0,0,0,11,0,0,Oklahoma,FL
2005Damien Nash,NashDa00,2005,5,142,TEN,Damien Nash,No,RB,RB,23,0,0,6,0,0,0,0,0,24,98,0,7,55,0,0,0,0,Missouri,TN
2005Junius Coston,CostJu20,2005,5,143,GNB,Junius Coston,No,G,G,21,0,0,16,0,0,0,0,0,0,0,0,0,0,0,0,0,0,North Carolina A&T,WI
2005Jerome Collins,CollJe00,2005,5,144,STL,Jerome Collins,No,TE,TE,23,0,0,3,0,0,0,0,0,0,0,0,0,0,0,0,0,0,Notre Dame,MO
2005Dan Orlovsky,OrloDa00,2005,5,145,DET,Dan Orlovsky,No,QB,QB,22,0,0,27,298,512,3132,15,13,13,34,0,0,0,0,1,0,0,Connecticut,MI
2005Trent Cole,ColeTr20,2005,5,146,PHI,Trent Cole,No,DE,DE,22,0,2,171,0,0,0,0,0,0,0,0,0,0,0,457,1,88.5,Cincinnati,PA
2005Alphonso Hodge,0,2005,5,147,KAN,Alphonso Hodge,No,DB,DB,0,0,0,0,0,0,0,0,0,0,0,0,0,0,0,0,0,0,Miami (OH),MO
2005Jonathan Welsh,WelsJo20,2005,5,148,IND,Jonathan Welsh,No,DE,DE,23,0,0,6,0,0,0,0,0,0,0,0,0,0,0,2,0,0,Wisconsin,IN
2005Adam Seward,SewaAd20,2005,5,149,CAR,Adam Seward,No,LB,LB,23,0,0,43,0,0,0,0,0,0,0,0,0,0,0,40,0,0,UNLV,NC
2005Daniel Loper,LopeDa20,2005,5,150,TEN,Daniel Loper,No,T,T,23,0,0,58,0,0,0,0,0,0,0,0,0,0,0,1,0,0,Texas Tech,TN
2005Drew Hodgdon,HodgDr20,2005,5,151,HOU,Drew Hodgdon,No,C,C,23,0,0,14,0,0,0,0,0,0,0,0,0,0,0,0,0,0,Arizona St.,TX
2005Adrian McPherson,0,2005,5,152,NOR,Adrian McPherson,No,QB,QB,0,0,0,0,0,0,0,0,0,0,0,0,0,0,0,0,0,0,Florida St.,LA
2005Adam Kieft,0,2005,5,153,CIN,Adam Kieft,No,T,T,0,0,0,0,0,0,0,0,0,0,0,0,0,0,0,0,0,0,Central Michigan,OH
2005Robert McCune,McCuRo20,2005,5,154,WAS,Robert McCune,No,LB,LB,26,0,0,8,0,0,0,0,0,0,0,0,0,0,0,8,0,0,Louisville,DC
2005Larry Brackins,0,2005,5,155,TAM,Larry Brackins,No,WR,WR,0,0,0,0,0,0,0,0,0,0,0,0,0,0,0,0,0,0,Pearl River CC,FL
2005Eric King,KingEr20,2005,5,156,BUF,Eric King,No,DB,DB,23,0,0,63,0,0,0,0,0,0,0,0,0,0,0,69,0,0,Wake Forest,NY
2005Gerald Sensabaugh,SensGe20,2005,5,157,JAX,Gerald Sensabaugh,No,DB,DB,22,0,0,112,0,0,0,0,0,0,0,0,0,0,0,327,14,2,North Carolina,FL
2005Justin Green,GreeJu00,2005,5,158,BAL,Justin Green,No,FB,FB,23,0,0,39,0,0,0,0,0,5,4,0,13,65,0,22,0,0,Montana,MD
2005Jeb Huckeba,0,2005,5,159,SEA,Jeb Huckeba,No,LB,LB,0,0,0,0,0,0,0,0,0,0,0,0,0,0,0,0,0,0,Arkansas,WA
2005Michael Boley,BoleMi20,2005,5,160,ATL,Michael Boley,No,LB,LB,23,0,0,131,0,0,0,0,0,0,0,0,0,0,0,540,8,9.5,Southern Miss,GA
2005Andre Maddox,0,2005,5,161,NYJ,Andre Maddox,No,DB,DB,0,0,0,0,0,0,0,0,0,0,0,0,0,0,0,0,0,0,North Carolina St.,NY
2005Anthony Alabi,AlabAn20,2005,5,162,MIA,Anthony Alabi,No,T,T,24,0,0,16,0,0,0,0,0,0,0,0,0,0,0,0,0,0,TCU,FL
2005Frank Omiyale,OmiyFr20,2005,5,163,ATL,Frank Omiyale,No,T,T,22,0,0,75,0,0,0,0,0,0,0,0,0,0,0,1,0,0,Tennessee Tech,GA
2005Wesley Britt,BritWe20,2005,5,164,SDG,Wesley Britt,No,T,T,23,0,0,16,0,0,0,0,0,0,0,0,0,0,0,0,0,0,Alabama,CA
2005Robert Hunt,0,2005,5,165,IND,Robert Hunt,No,C,C,0,0,0,0,0,0,0,0,0,0,0,0,0,0,0,0,0,0,North Dakota St.,IN
2005Rian Wallace,WallRi20,2005,5,166,PIT,Rian Wallace,No,LB,LB,23,0,0,16,0,0,0,0,0,0,0,0,0,0,0,6,1,0,Temple,PA
2005Michael Hawkins,HawkMi21,2005,5,167,GNB,Michael Hawkins,No,DB,DB,22,0,0,18,0,0,0,0,0,0,0,0,0,0,0,12,0,0,Oklahoma,WI
2005Lance Mitchell,MitcLa20,2005,5,168,ARI,Lance Mitchell,No,LB,LB,23,0,0,12,0,0,0,0,0,0,0,0,0,0,0,7,0,0,Oklahoma,AZ
2005Geoff Hangartner,HangGe20,2005,5,169,CAR,Geoff Hangartner,No,C,C,23,0,0,118,0,0,0,0,0,0,0,0,0,0,0,1,0,0,Texas A&M,NC
2005Ryan Claridge,0,2005,5,170,NWE,Ryan Claridge,No,LB,LB,0,0,0,0,0,0,0,0,0,0,0,0,0,0,0,0,0,0,UNLV,MA
2005Ben Emanuel,EmanBe20,2005,5,171,CAR,Ben Emanuel,No,DB,DB,23,0,0,11,0,0,0,0,0,0,0,0,0,0,0,34,1,0.5,UCLA,NC
2005Scott Young,YounSc20,2005,5,172,PHI,Scott Young,No,G,G,24,0,0,14,0,0,0,0,0,0,0,0,0,0,0,0,0,0,BYU,PA
2005Tyjuan Hagler,HaglTy20,2005,5,173,IND,Tyjuan Hagler,No,LB,LB,23,0,0,50,0,0,0,0,0,0,0,0,0,0,0,125,1,2,Cincinnati,IN
2005Rasheed Marshall,MarsRa00,2005,5,174,SFO,Rasheed Marshall,No,WR,WR,24,0,0,12,0,0,0,0,0,1,-7,0,1,-1,0,0,0,0,West Virginia,CA
2005Anttaj Hawthorne,HawtAn20,2005,6,175,OAK,Anttaj Hawthorne,No,DT,DT,23,0,0,18,0,0,0,0,0,0,0,0,0,0,0,10,0,0,Wisconsin,CA
2005Nick Speegle,SpeeNi20,2005,6,176,CLE,Nick Speegle,No,LB,LB,23,0,0,16,0,0,0,0,0,0,0,0,0,0,0,9,0,0,New Mexico,OH
2005Wes Sims,SimsWe20,2005,6,177,SDG,Wes Sims,No,G,G,24,0,0,1,0,0,0,0,0,0,0,0,0,0,0,0,0,0,Oklahoma,CA
2005Anthony Bryant,BryaAn20,2005,6,178,TAM,Anthony Bryant,No,DT,DT,23,0,0,15,0,0,0,0,0,0,0,0,0,0,0,7,0,0,Alabama,FL
2005Bo Scaife,ScaiBo00,2005,6,179,TEN,Bo Scaife,No,TE,TE,24,0,0,90,0,0,0,0,0,1,13,1,251,2383,12,2,0,0,Texas,TN
2005Mike Montgomery,MontMi20,2005,6,180,GNB,Mike Montgomery,No,DT,DT,22,0,0,58,0,0,0,0,0,0,0,0,0,0,0,85,0,5,Texas A&M,WI
2005Chris Harris,HarrCh20,2005,6,181,CHI,Chris Harris,No,DB,DB,23,0,0,101,0,0,0,0,0,0,0,0,0,0,0,365,16,1,La-Monroe,IL
2005Cedric Houston,HousCe00,2005,6,182,NYJ,Cedric Houston,No,RB,RB,23,0,0,20,0,0,0,0,0,194,676,7,15,109,0,0,0,0,Tennessee,NY
2005Jared Newberry,0,2005,6,183,WAS,Jared Newberry,No,LB,LB,0,0,0,0,0,0,0,0,0,0,0,0,0,0,0,0,0,0,Stanford,DC
2005Bill Swancutt,SwanBi20,2005,6,184,DET,Bill Swancutt,No,DE,DE,23,0,0,8,0,0,0,0,0,0,0,0,0,0,0,0,0,0,Oregon St.,MI
2005Chad Owens,OwenCh00,2005,6,185,JAX,Chad Owens,No,WR,WR,23,0,0,6,0,0,0,0,0,0,0,0,0,0,0,2,0,0,Hawaii,FL
2005Eric Moore,MoorEr21,2005,6,186,NYG,Eric Moore,No,DE,DE,24,0,0,35,0,0,0,0,0,0,0,0,0,0,0,31,0,4,Florida St.,NY
2005Will Svitek,SvitWi20,2005,6,187,KAN,Will Svitek,No,T,T,23,0,0,79,0,0,0,0,0,0,0,0,0,0,0,1,0,0,Stanford,MO
2005C.C. Brown,BrowC.20,2005,6,188,HOU,C.C. Brown,No,DB,DB,22,0,0,83,0,0,0,0,0,0,0,0,0,0,0,293,3,1,La-Lafayette,TX
2005Jovan Haye,HayeJo20,2005,6,189,CAR,Jovan Haye,No,DE,DE,23,0,0,73,0,0,0,0,0,0,0,0,0,0,0,128,0,6.5,Vanderbilt,NC
2005Tab Perry,PerrTa00,2005,6,190,CIN,Tab Perry,No,WR,WR,23,0,0,20,0,0,0,0,0,6,22,1,10,109,1,11,0,0,UCLA,OH
2005C.J. Mosley,MoslC.20,2005,6,191,MIN,C.J. Mosley,No,DT,DT,22,0,0,140,0,0,0,0,0,0,0,0,0,0,0,140,0,14,Missouri,MN
2005Dante Ridgeway,RidgDa00,2005,6,192,STL,Dante Ridgeway,No,WR,WR,21,0,0,8,0,0,0,0,0,0,0,0,2,26,0,0,0,0,Ball St.,MO
2005Jason Jefferson,JeffJa21,2005,6,193,NOR,Jason Jefferson,No,DT,DT,23,0,0,34,0,0,0,0,0,0,0,0,0,0,0,18,0,0,Wisconsin,LA
2005Pat Thomas,ThomPa20,2005,6,194,JAX,Pat Thomas,No,LB,LB,22,0,0,31,0,0,0,0,0,0,0,0,0,0,0,52,0,0.5,North Carolina St.,FL
2005Craig Bragg,0,2005,6,195,GNB,Craig Bragg,No,WR,WR,0,0,0,0,0,0,0,0,0,0,0,0,0,0,0,0,0,0,UCLA,WI
2005Tony Jackson,0,2005,6,196,SEA,Tony Jackson,No,TE,TE,0,0,0,0,0,0,0,0,0,0,0,0,0,0,0,0,0,0,Iowa,WA
2005Justin Geisinger,GeisJu20,2005,6,197,BUF,Justin Geisinger,No,G,G,23,0,0,6,0,0,0,0,0,0,0,0,0,0,0,0,0,0,Vanderbilt,NY
2005Joel Dreessen,DreeJo00,2005,6,198,NYJ,Joel Dreessen,No,TE,TE,23,0,0,120,0,0,0,0,0,0,0,0,158,1767,19,36,0,0,Colorado St.,NY
2005Khari Long,LongKh20,2005,6,199,KAN,Khari Long,No,DE,DE,23,0,0,1,0,0,0,0,0,0,0,0,0,0,0,0,0,0,Baylor,MO
2005Chris Myers,MyerCh20,2005,6,200,DEN,Chris Myers,No,G,G,24,0,2,153,0,0,0,0,0,0,0,0,0,0,0,7,0,0,Miami (FL),CO
2005DeAndra Cobb,CobbDe00,2005,6,201,ATL,DeAndra Cobb,No,RB,RB,24,0,0,3,0,0,0,0,0,0,0,0,0,0,0,0,0,0,Michigan St.,GA
2005Dave Rayner,raynedav01,2005,6,202,IND,Dave Rayner,No,K,K,22,0,0,59,0,0,0,0,0,0,0,0,0,0,0,10,0,0,Michigan St.,IN
2005Andrew Hoffman,0,2005,6,203,CLE,Andrew Hoffman,No,DT,DT,0,0,0,0,0,0,0,0,0,0,0,0,0,0,0,0,0,0,Virginia,OH
2005Chris Kemoeatu,KemoCh20,2005,6,204,PIT,Chris Kemoeatu,No,G,G,22,0,0,75,0,0,0,0,0,0,0,0,0,0,0,2,0,0,Utah,PA
2005Derrick Johnson,JohnDe24,2005,6,205,SFO,Derrick Johnson,No,DB,DB,23,0,0,19,0,0,0,0,0,0,0,0,0,0,0,36,0,1,Washington,CA
2005Jonathan Goddard,GoddJo20,2005,6,206,DET,Jonathan Goddard,No,DE,DE,24,0,0,1,0,0,0,0,0,0,0,0,0,0,0,1,0,0,Marshall,MI
2005Joe Berger,BergJo20,2005,6,207,CAR,Joe Berger,No,T,T,23,0,0,126,0,0,0,0,0,0,0,0,0,0,0,9,0,0,Michigan Tech,NC
2005Justin Beriault,0,2005,6,208,DAL,Justin Beriault,No,DB,DB,0,0,0,0,0,0,0,0,0,0,0,0,0,0,0,0,0,0,Ball St.,TX
2005Rob Petitti,PetiRo20,2005,6,209,DAL,Rob Petitti,No,T,T,23,0,0,27,0,0,0,0,0,0,0,0,0,0,0,0,0,0,Pittsburgh,TX
2005Reggie Hodges,HodgRe20,2005,6,210,STL,Reggie Hodges,No,P,P,23,0,0,64,0,0,0,0,0,2,68,0,0,0,0,1,0,0,Ball St.,MO
2005Calvin Armstrong,0,2005,6,211,PHI,Calvin Armstrong,No,T,T,0,0,0,0,0,0,0,0,0,0,0,0,0,0,0,0,0,0,Washington St.,PA
2005Ryan Riddle,RiddRy20,2005,6,212,OAK,Ryan Riddle,No,DE,DE,24,0,0,17,0,0,0,0,0,0,0,0,0,0,0,7,0,0,California,CA
2005Derek Anderson,AndeDe00,2005,6,213,BAL,Derek Anderson,No,QB,QB,22,0,1,71,865,1595,10396,60,59,99,229,5,0,0,0,2,0,0,Oregon St.,MD
2005Pete McMahon,0,2005,6,214,OAK,Pete McMahon,No,T,T,0,0,0,0,0,0,0,0,0,0,0,0,0,0,0,0,0,0,Iowa,CA
2005Daven Holly,HollDa22,2005,7,215,SFO,Daven Holly,No,DB,DB,23,0,0,32,0,0,0,0,0,0,0,0,0,0,0,99,5,0,Cincinnati,CA
2005Kevin Vickerson,VickKe99,2005,7,216,MIA,Kevin Vickerson,No,DT,DT,22,0,0,86,0,0,0,0,0,0,0,0,0,0,0,120,1,6.5,Michigan St.,FL
2005Jon Dunn,0,2005,7,217,CLE,Jon Dunn,No,T,T,0,0,0,0,0,0,0,0,0,0,0,0,0,0,0,0,0,0,Virginia Tech,OH
2005Reynaldo Hill,HillRe21,2005,7,218,TEN,Reynaldo Hill,No,DB,DB,23,0,0,48,0,0,0,0,0,0,0,0,0,0,0,93,6,0,Florida,TN
2005Adrian Ward,0,2005,7,219,MIN,Adrian Ward,No,DB,DB,0,0,0,0,0,0,0,0,0,0,0,0,0,0,0,0,0,0,Texas-El Paso,MN
2005Rod Wilson,WilsRo20,2005,7,220,CHI,Rod Wilson,No,DB,DB,23,0,0,51,0,0,0,0,0,0,0,0,0,0,0,39,0,0,South Carolina,IL
2005Rick Razzano,0,2005,7,221,TAM,Rick Razzano,No,RB,RB,0,0,0,0,0,0,0,0,0,0,0,0,0,0,0,0,0,0,Mississippi,FL
2005Nehemiah Broughton,BrouNe00,2005,7,222,WAS,Nehemiah Broughton,No,FB,FB,22,0,0,6,0,0,0,0,0,1,3,0,0,0,0,2,0,0,The Citadel,DC
2005Marcus Maxwell,MaxwMa00,2005,7,223,SFO,Marcus Maxwell,No,WR,WR,22,0,0,9,0,0,0,0,0,0,0,0,1,5,0,3,0,0,Oregon,CA
2005Jay Ratliff,RatlJa20,2005,7,224,DAL,Jay Ratliff,No,DE,DE,24,1,4,122,0,0,0,0,0,0,0,0,0,0,0,192,0,35,Auburn,TX
2005Paris Warren,WarrPa00,2005,7,225,TAM,Paris Warren,No,WR,WR,23,0,0,8,0,0,0,0,0,0,0,0,5,63,0,0,0,0,Utah,FL
2005LeRon McCoy,McCoLe00,2005,7,226,ARI,LeRon McCoy,No,WR,WR,23,0,0,10,0,0,0,0,0,0,0,0,18,191,1,1,0,0,Indiana (PA),AZ
2005Kenneth Pettway,PettKe20,2005,7,227,HOU,Kenneth Pettway,No,DE,DE,22,0,0,25,0,0,0,0,0,0,0,0,0,0,0,15,0,3,Grambling St.,TX
2005Shaun Nua,0,2005,7,228,PIT,Shaun Nua,No,DE,DE,0,0,0,0,0,0,0,0,0,0,0,0,0,0,0,0,0,0,BYU,PA
2005James Kilian,0,2005,7,229,KAN,James Kilian,No,QB,QB,0,0,0,0,0,0,0,0,0,0,0,0,0,0,0,0,0,0,Tulsa,MO
2005Matt Cassel,CassMa00,2005,7,230,NWE,Matt Cassel,No,QB,QB,23,0,1,102,1517,2574,17013,101,77,264,1010,5,1,-4,0,8,0,0,USC,MA
2005Hamza Abdullah,AbduHa20,2005,7,231,TAM,Hamza Abdullah,No,DB,DB,22,0,0,48,0,0,0,0,0,0,0,0,0,0,0,67,0,0,Washington St.,FL
2005Jimmy Verdon,VerdJi20,2005,7,232,NOR,Jimmy Verdon,No,DT,DT,23,0,0,4,0,0,0,0,0,0,0,0,0,0,0,0,0,0,Arizona St.,LA
2005Jonathan Fanene,FaneJo20,2005,7,233,CIN,Jonathan Fanene,No,DE,DE,23,0,0,71,0,0,0,0,0,0,0,0,0,0,0,66,1,13.5,Utah,OH
2005Mike Smith,SmitMi22,2005,7,234,BAL,Mike Smith,No,LB,LB,24,0,0,14,0,0,0,0,0,0,0,0,0,0,0,5,0,0,Texas Tech,MD
2005Cornelius Wortham,WortCo20,2005,7,235,SEA,Cornelius Wortham,No,LB,LB,23,0,0,8,0,0,0,0,0,0,0,0,0,0,0,2,0,0,Alabama,WA
2005Lionel Gates,GateLi00,2005,7,236,BUF,Lionel Gates,No,RB,RB,23,0,0,1,0,0,0,0,0,0,0,0,0,0,0,0,0,0,Louisville,NY
2005Chris Roberson,RobeCh20,2005,7,237,JAX,Chris Roberson,No,DB,DB,22,0,0,7,0,0,0,0,0,0,0,0,0,0,0,2,0,0,East. Michigan,FL
2005Jeremy Parquet,0,2005,7,238,KAN,Jeremy Parquet,No,T,T,0,0,0,0,0,0,0,0,0,0,0,0,0,0,0,0,0,0,Southern Miss,MO
2005Paul Ernster,ErnsPa20,2005,7,239,DEN,Paul Ernster,No,K,K,23,0,0,22,0,0,0,0,0,0,0,0,0,0,0,3,0,0,Northern Arizona,CO
2005Harry Williams,WillHa20,2005,7,240,NYJ,Harry Williams,No,WR,WR,23,0,0,3,0,0,0,0,0,0,0,0,0,0,0,2,0,0,Tuskegee,NY
2005Darrell Shropshire,ShroDa20,2005,7,241,ATL,Darrell Shropshire,No,DT,DT,22,0,0,23,0,0,0,0,0,0,0,0,0,0,0,14,0,3,South Carolina,GA
2005Scott Mruczkowski,MrucSc20,2005,7,242,SDG,Scott Mruczkowski,No,C,C,23,0,0,83,0,0,0,0,0,0,0,0,0,0,0,2,0,0,Bowling Green,CA
2005Anthony Davis,0,2005,7,243,IND,Anthony Davis,No,RB,RB,0,0,0,0,0,0,0,0,0,0,0,0,0,0,0,0,0,0,Wisconsin,IN
2005Noah Herron,HerrNo00,2005,7,244,PIT,Noah Herron,No,RB,RB,23,0,0,23,0,0,0,0,0,85,273,3,29,211,2,11,0,0,Northwestern,PA
2005Kurt Campbell,0,2005,7,245,GNB,Kurt Campbell,No,DB,DB,0,0,0,0,0,0,0,0,0,0,0,0,0,0,0,0,0,0,Albany (NY),WI
2005Will Whitticker,WhitWi25,2005,7,246,GNB,Will Whitticker,No,G,G,23,0,0,15,0,0,0,0,0,0,0,0,0,0,0,0,0,0,Michigan St.,WI
2005Keyonta Marshall,MarsKe20,2005,7,247,PHI,Keyonta Marshall,No,DT,DT,24,0,0,1,0,0,0,0,0,0,0,0,0,0,0,0,0,0,Grand Valley St.,PA
2005Patrick Estes,EstePa00,2005,7,248,SFO,Patrick Estes,No,TE,TE,22,0,0,8,0,0,0,0,0,0,0,0,0,0,0,0,0,0,Virginia,CA
2005Billy Bajema,BajeBi00,2005,7,249,SFO,Billy Bajema,No,TE,TE,22,0,0,120,0,0,0,0,0,0,0,0,40,416,2,12,0,0,Oklahoma St.,CA
2005Ryan Fitzpatrick,FitzRy00,2005,7,250,STL,Ryan Fitzpatrick,No,QB,QB,22,0,0,122,2255,3771,25161,162,129,429,1981,13,2,-3,0,6,0,0,Harvard,MO
2005Madison Hedgecock,HedgMa00,2005,7,251,STL,Madison Hedgecock,No,FB,FB,24,0,0,84,0,0,0,0,0,3,2,0,37,233,2,20,0,0,North Carolina,MO
2005David Bergeron,0,2005,7,252,PHI,David Bergeron,No,LB,LB,0,0,0,0,0,0,0,0,0,0,0,0,0,0,0,0,0,0,Stanford,PA
2005J.R. Russell,0,2005,7,253,TAM,J.R. Russell,No,WR,WR,0,0,0,0,0,0,0,0,0,0,0,0,0,0,0,0,0,0,Louisville,FL
2005Doug Nienhuis,NienDo20,2005,7,254,SEA,Doug Nienhuis,No,T,T,23,0,0,7,0,0,0,0,0,0,0,0,0,0,0,0,0,0,Oregon St.,WA
2005Andy Stokes,0,2005,7,255,NWE,Andy Stokes,No,TE,TE,0,0,0,0,0,0,0,0,0,0,0,0,0,0,0,0,0,0,William Penn,MA
2004Eli Manning,MannEl00,2004,1,1,SDG,Eli Manning,No,QB,QB,23,0,4,195,3941,6613,46895,311,209,279,519,5,0,0,0,2,0,0,Mississippi,CA
2004Robert Gallery,GallRo20,2004,1,2,OAK,Robert Gallery,No,T,T,24,0,0,104,0,0,0,0,0,0,0,0,0,0,0,4,0,0,Iowa,CA
2004Larry Fitzgerald,FitzLa00,2004,1,3,ARI,Larry Fitzgerald,No,WR,WR,21,1,9,196,0,1,0,0,0,20,68,0,1092,14115,103,32,0,0,Pittsburgh,AZ
2004Philip Rivers,RivePh00,2004,1,4,NYG,Philip Rivers,No,QB,QB,22,0,5,174,3691,5708,44333,301,146,312,556,3,0,-9,0,10,0,0,North Carolina St.,NY
2004Sean Taylor,TaylSe20,2004,1,5,WAS,Sean Taylor,No,DB,DB,21,0,2,55,0,0,0,0,0,0,0,0,0,0,0,238,12,2,Miami (FL),DC
2004Kellen Winslow,WinsKe01,2004,1,6,CLE,Kellen Winslow,No,TE,TE,21,0,1,105,0,0,0,0,0,1,7,0,469,5236,25,11,0,0,Miami (FL),OH
2004Roy Williams,WillRo04,2004,1,7,DET,Roy Williams,No,WR,WR,22,0,1,115,0,1,0,0,0,6,17,0,393,5715,44,10,0,0,Texas,MI
2004DeAngelo Hall,HallDe99,2004,1,8,ATL,DeAngelo Hall,No,DB,DB,20,0,3,166,0,0,0,0,0,0,0,0,1,0,0,625,43,2,Virginia Tech,GA
2004Reggie Williams,WillRe00,2004,1,9,JAX,Reggie Williams,No,WR,WR,21,0,0,79,0,0,0,0,0,11,44,0,189,2322,18,4,0,0,Washington,FL
2004Dunta Robinson,RobiDu20,2004,1,10,HOU,Dunta Robinson,No,DB,DB,22,0,0,139,0,0,0,0,0,0,0,0,0,0,0,500,17,5.5,South Carolina,TX
2004Ben Roethlisberger,RoetBe00,2004,1,11,PIT,Ben Roethlisberger,No,QB,QB,22,0,4,181,3718,5796,45740,295,154,401,1213,16,1,-11,0,8,0,0,Miami (OH),PA
2004Jonathan Vilma,VilmJo99,2004,1,12,NYJ,Jonathan Vilma,No,LB,LB,22,0,3,125,0,0,0,0,0,0,0,0,0,0,0,612,12,10.5,Miami (FL),NY
2004Lee Evans,EvanLe00,2004,1,13,BUF,Lee Evans,No,WR,WR,23,0,0,118,0,1,0,0,0,10,145,0,381,6008,43,27,0,0,Wisconsin,NY
2004Tommie Harris,HarrTo99,2004,1,14,CHI,Tommie Harris,No,DT,DT,21,0,3,117,0,0,0,0,0,0,0,0,0,0,0,182,1,31.5,Oklahoma,IL
2004Michael Clayton,ClayMi00,2004,1,15,TAM,Michael Clayton,No,WR,WR,21,0,0,95,0,1,0,0,0,18,100,0,223,2955,10,12,0,0,LSU,FL
2004Shawn Andrews,AndrSh55,2004,1,16,PHI,Shawn Andrews,No,G,G,21,1,2,63,0,0,0,0,0,0,0,0,0,0,0,1,0,0,Arkansas,PA
2004D.J. Williams,WillD.20,2004,1,17,DEN,D.J. Williams,No,LB,LB,22,0,0,145,0,0,0,0,0,0,0,0,0,0,0,676,2,22.5,Miami (FL),CO
2004Will Smith,SmitWi99,2004,1,18,NOR,Will Smith,No,DE,DE,23,0,1,139,0,0,0,0,0,0,0,0,0,0,0,324,2,67.5,Ohio St.,LA
2004Vernon Carey,CareVe20,2004,1,19,MIA,Vernon Carey,No,T,T,23,0,0,121,0,0,0,0,0,0,0,0,0,0,0,1,0,0,Miami (FL),FL
2004Kenechi Udeze,UdezKe20,2004,1,20,MIN,Kenechi Udeze,No,DE,DE,21,0,0,51,0,0,0,0,0,0,0,0,0,0,0,86,0,11,USC,MN
2004Vince Wilfork,WilfVi20,2004,1,21,NWE,Vince Wilfork,No,NT,DT,22,1,5,183,0,0,0,0,0,0,0,0,0,0,0,367,3,16,Miami (FL),MA
2004J.P. Losman,LosmJ.00,2004,1,22,BUF,J.P. Losman,No,QB,QB,23,0,0,45,564,952,6271,33,34,105,490,3,0,0,0,2,0,0,Tulane,NY
2004Marcus Tubbs,TubbMa20,2004,1,23,SEA,Marcus Tubbs,No,DT,DT,23,0,0,29,0,0,0,0,0,0,0,0,0,0,0,37,0,7,Texas,WA
2004Steven Jackson,JackSt00,2004,1,24,STL,Steven Jackson,No,RB,RB,21,0,3,160,1,1,2,1,0,2764,11438,69,461,3683,9,10,0,0,Oregon St.,MO
2004Ahmad Carroll,CarrAh20,2004,1,25,GNB,Ahmad Carroll,No,DB,DB,21,0,0,57,0,0,0,0,0,0,0,0,0,11,0,117,3,3,Arkansas,WI
2004Chris Perry,PerrCh00,2004,1,26,CIN,Chris Perry,No,RB,RB,22,0,0,35,0,0,0,0,0,177,606,2,83,474,2,2,0,0,Michigan,OH
2004Jason Babin,BabiJa20,2004,1,27,HOU,Jason Babin,No,LB,LB,24,0,2,148,0,0,0,0,0,0,0,0,0,0,0,284,0,64.5,West. Michigan,TX
2004Chris Gamble,GambCh20,2004,1,28,CAR,Chris Gamble,No,DB,DB,21,0,0,123,0,0,0,0,0,0,0,0,0,0,0,438,27,1,Ohio St.,NC
2004Michael Jenkins,JenkMi00,2004,1,29,ATL,Michael Jenkins,No,WR,WR,22,0,0,130,0,0,0,0,0,2,4,0,354,4427,25,17,0,0,Ohio St.,GA
2004Kevin Jones,JoneKe02,2004,1,30,DET,Kevin Jones,No,RB,RB,22,0,0,64,0,0,0,0,0,795,3176,24,143,1011,3,9,0,0,Virginia Tech,MI
2004Rashaun Woods,WoodRa00,2004,1,31,SFO,Rashaun Woods,No,WR,WR,23,0,0,14,0,0,0,0,0,0,0,0,7,160,1,0,0,0,Oklahoma St.,CA
2004Ben Watson,WatsBe00,2004,1,32,NWE,Ben Watson,No,TE,TE,23,0,0,163,0,0,0,0,0,2,10,0,434,4963,38,9,0,0,Georgia,MA
2004Karlos Dansby,DansKa20,2004,2,33,ARI,Karlos Dansby,No,LB,LB,22,0,0,190,0,0,0,0,0,0,0,0,0,0,0,970,19,41,Auburn,AZ
2004Chris Snee,SneeCh20,2004,2,34,NYG,Chris Snee,No,G,G,22,1,4,141,0,0,0,0,0,0,0,0,0,0,0,10,0,0,Boston Col.,NY
2004Igor Olshansky,OlshIg20,2004,2,35,SDG,Igor Olshansky,No,DE,DE,22,0,0,115,0,0,0,0,0,0,0,0,0,0,0,166,1,12.5,Oregon,CA
2004Junior Siavii,SiavJu20,2004,2,36,KAN,Junior Siavii,No,DT,DT,25,0,0,56,0,0,0,0,0,0,0,0,0,0,0,46,0,1,Oregon,MO
2004Teddy Lehman,LehmTe20,2004,2,37,DET,Teddy Lehman,No,LB,LB,22,0,0,45,0,0,0,0,0,0,0,0,0,0,0,105,2,1,Oklahoma,MI
2004Ricardo Colclough,ColcRi20,2004,2,38,PIT,Ricardo Colclough,No,DB,DB,22,0,0,43,0,0,0,0,0,0,0,0,0,0,0,55,1,2.5,Tusculum,PA
2004Daryl Smith,SmitDa24,2004,2,39,JAX,Daryl Smith,No,LB,LB,22,0,0,184,0,0,0,0,0,0,0,0,0,0,0,765,12,30.5,Georgia Tech,FL
2004Ben Troupe,TrouBe00,2004,2,40,TEN,Ben Troupe,No,TE,TE,22,0,0,57,0,0,0,0,0,1,-1,0,106,1056,7,6,0,0,Florida,TN
2004Tatum Bell,BellTa00,2004,2,41,DEN,Tatum Bell,No,RB,RB,23,0,0,54,0,0,0,0,0,569,2773,16,71,419,0,8,0,0,Oklahoma St.,CO
2004Travis LaBoy,LaBoTr20,2004,2,42,TEN,Travis LaBoy,No,DE,DE,23,0,0,95,0,0,0,0,0,0,0,0,0,0,0,147,1,29.5,Hawaii,TN
2004Julius Jones,JoneJu01,2004,2,43,DAL,Julius Jones,No,RB,RB,23,0,0,94,0,0,0,0,0,1280,5068,22,150,1029,2,6,0,0,Notre Dame,TX
2004Bob Sanders,SandBo99,2004,2,44,IND,Bob Sanders,No,DB,DB,23,2,2,50,0,0,0,0,0,0,0,0,0,0,0,224,6,3.5,Iowa,IN
2004Jake Grove,GrovJa20,2004,2,45,OAK,Jake Grove,No,C,C,24,0,0,66,0,0,0,0,0,0,0,0,0,0,0,0,0,0,Virginia Tech,CA
2004Justin Smiley,SmilJu20,2004,2,46,SFO,Justin Smiley,No,G,G,22,0,0,88,0,0,0,0,0,0,0,0,0,0,0,0,0,0,Alabama,CA
2004Tank Johnson,JohnTa20,2004,2,47,CHI,Tank Johnson,No,DT,DT,22,0,0,91,0,0,0,0,0,0,0,0,0,0,0,93,0,14,Washington,IL
2004Dontarrious Thomas,ThomDo21,2004,2,48,MIN,Dontarrious Thomas,No,LB,LB,24,0,0,63,0,0,0,0,0,0,0,0,0,0,0,102,0,1.5,Auburn,MN
2004Keiwan Ratliff,RatlKe20,2004,2,49,CIN,Keiwan Ratliff,No,DB,DB,23,0,0,76,0,0,0,0,0,0,0,0,0,0,0,127,5,0,Florida,OH
2004Devery Henderson,HendDe00,2004,2,50,NOR,Devery Henderson,No,WR,WR,22,0,0,124,0,0,0,0,0,18,119,1,245,4377,20,12,0,0,LSU,LA
2004Dwan Edwards,EdwaDw20,2004,2,51,BAL,Dwan Edwards,No,DT,DT,23,0,0,136,0,0,0,0,0,0,0,0,0,0,0,222,3,19.5,Oregon St.,MD
2004Jacob Rogers,RogeJa20,2004,2,52,DAL,Jacob Rogers,No,T,T,23,0,0,2,0,0,0,0,0,0,0,0,0,0,0,0,0,0,USC,TX
2004Michael Boulware,BoulMi20,2004,2,53,SEA,Michael Boulware,No,DB,DB,23,0,0,64,0,0,0,0,0,0,0,0,0,0,0,143,11,3,Florida St.,WA
2004Darius Watts,WattDa00,2004,2,54,DEN,Darius Watts,No,WR,WR,22,0,0,22,0,0,0,0,0,5,33,0,33,407,1,1,0,0,Marshall,CO
2004Greg Jones,JoneGr01,2004,2,55,JAX,Greg Jones,No,RB,RB,23,0,0,131,0,0,0,0,0,272,913,10,73,471,3,24,0,0,Florida St.,FL
2004Madieu Williams,WillMa20,2004,2,56,CIN,Madieu Williams,No,DB,DB,22,0,0,119,0,0,0,0,0,0,0,0,0,0,0,448,13,5.5,Maryland,OH
2004Antwan Odom,OdomAn20,2004,2,57,TEN,Antwan Odom,No,DE,DE,23,0,0,74,0,0,0,0,0,0,0,0,0,0,0,96,0,23.5,Alabama,TN
2004Shawntae Spencer,SpenSh20,2004,2,58,SFO,Shawntae Spencer,No,DB,DB,22,0,0,100,0,0,0,0,0,0,0,0,0,0,0,311,11,2.5,Pittsburgh,CA
2004Sean Jones,JoneSe20,2004,2,59,CLE,Sean Jones,No,DB,DB,22,0,0,107,0,0,0,0,0,0,0,0,0,0,0,377,17,4,Georgia,OH
2004Courtney Watson,WatsCo20,2004,2,60,NOR,Courtney Watson,No,LB,LB,24,0,0,21,0,0,0,0,0,0,0,0,0,0,0,68,0,3,Notre Dame,LA
2004Kris Wilson,WilsKr00,2004,2,61,KAN,Kris Wilson,No,TE,TE,23,0,0,97,0,0,0,0,0,4,13,0,52,446,5,21,0,0,Pittsburgh,MO
2004Keary Colbert,ColbKe00,2004,2,62,CAR,Keary Colbert,No,WR,WR,22,0,0,75,0,0,0,0,0,1,6,0,130,1629,8,8,0,0,USC,NC
2004Marquise Hill,HillMa21,2004,2,63,NWE,Marquise Hill,No,DE,DE,22,0,0,13,0,0,0,0,0,0,0,0,0,0,0,2,0,0,LSU,MA
2004Darnell Dockett,DockDa20,2004,3,64,ARI,Darnell Dockett,No,DT,DT,23,0,3,158,0,0,0,0,0,0,0,0,0,0,0,349,4,40.5,Florida St.,AZ
2004Nate Kaeding,kaedinat01,2004,3,65,SDG,Nate Kaeding,No,K,K,22,1,2,115,0,0,0,0,0,0,0,0,0,0,0,15,0,0,Iowa,CA
2004Nick Hardwick,HardNi55,2004,3,66,SDG,Nick Hardwick,No,C,C,23,0,1,136,0,0,0,0,0,0,0,0,0,0,0,7,0,0,Purdue,CA
2004Stuart Schweigert,SchwSt20,2004,3,67,OAK,Stuart Schweigert,No,DB,DB,23,0,0,69,0,0,0,0,0,0,0,0,0,0,0,264,4,0,Purdue,CA
2004Ben Hartsock,HartBe00,2004,3,68,IND,Ben Hartsock,No,TE,TE,24,0,0,131,0,0,0,0,0,0,0,0,31,312,1,6,0,0,Ohio St.,IN
2004Gilbert Gardner,GardGi20,2004,3,69,IND,Gilbert Gardner,No,LB,LB,22,0,0,53,0,0,0,0,0,0,0,0,0,0,0,73,1,1,Purdue,IN
2004Joey Thomas,ThomJo21,2004,3,70,GNB,Joey Thomas,No,DB,DB,24,0,0,31,0,0,0,0,0,0,0,0,0,0,0,33,0,0,Montana St.,WI
2004Randy Starks,StarRa20,2004,3,71,TEN,Randy Starks,No,DT,DT,20,0,2,186,0,0,0,0,0,0,0,0,0,0,0,292,4,42,Maryland,TN
2004Donnell Washington,0,2004,3,72,GNB,Donnell Washington,No,DT,DT,0,0,0,0,0,0,0,0,0,0,0,0,0,0,0,0,0,0,Clemson,WI
2004Keith Smith,SmitKe20,2004,3,73,DET,Keith Smith,No,DB,DB,24,0,0,74,0,0,0,0,0,0,0,0,0,0,0,120,4,1,McNeese St.,MI
2004Tim Anderson,AndeTi20,2004,3,74,BUF,Tim Anderson,No,DT,DT,23,0,0,43,0,0,0,0,0,0,0,0,0,0,0,52,0,1,Ohio St.,NY
2004Max Starks,StarMa21,2004,3,75,PIT,Max Starks,No,T,T,22,0,0,125,0,0,0,0,0,0,0,0,0,0,0,4,0,0,Florida,PA
2004Derrick Strait,StraDe20,2004,3,76,NYJ,Derrick Strait,No,DB,DB,24,0,0,29,0,0,0,0,0,0,0,0,0,0,0,54,0,0,Oklahoma,NY
2004Derrick Hamilton,HamiDe20,2004,3,77,SFO,Derrick Hamilton,No,WR,WR,22,0,0,2,0,0,0,0,0,0,0,0,0,0,0,0,0,0,Clemson,CA
2004Bernard Berrian,BerrBe00,2004,3,78,CHI,Bernard Berrian,No,WR,WR,23,0,0,109,0,0,0,0,0,17,82,0,288,4122,24,12,0,0,Fresno St.,IL
2004Marquis Cooper,CoopMa21,2004,3,79,TAM,Marquis Cooper,No,LB,LB,22,0,0,42,0,0,0,0,0,0,0,0,0,0,0,34,0,0,Washington,FL
2004Caleb Miller,MillCa20,2004,3,80,CIN,Caleb Miller,No,LB,LB,24,0,0,39,0,0,0,0,0,0,0,0,0,0,0,111,0,1,Arkansas,OH
2004Chris Cooley,CoolCh00,2004,3,81,WAS,Chris Cooley,No,TE,TE,22,0,2,117,0,0,0,0,0,2,3,0,429,4711,33,9,0,0,Utah St.,DC
2004Devard Darling,DarlDe00,2004,3,82,BAL,Devard Darling,No,WR,WR,22,0,0,46,0,0,0,0,0,0,0,0,37,578,4,13,0,0,Washington St.,MD
2004Stephen Peterman,PeteSt20,2004,3,83,DAL,Stephen Peterman,No,G,G,22,0,0,90,0,0,0,0,0,0,0,0,0,0,0,5,0,0,LSU,TX
2004Sean Locklear,LockSe20,2004,3,84,SEA,Sean Locklear,No,T,T,23,0,0,117,0,0,0,0,0,0,0,0,0,0,0,0,0,0,North Carolina St.,WA
2004Jeremy LeSueur,LeSuJe20,2004,3,85,DEN,Jeremy LeSueur,No,DB,DB,23,0,0,2,0,0,0,0,0,0,0,0,0,0,0,0,0,0,Michigan,CO
2004Jorge Cordova,CordJo20,2004,3,86,JAX,Jorge Cordova,No,LB,LB,23,0,0,17,0,0,0,0,0,0,0,0,0,0,0,7,0,0,Nevada,FL
2004B.J. Sander,SandB.20,2004,3,87,GNB,B.J. Sander,No,P,P,24,0,0,14,1,1,4,0,0,1,-11,0,0,0,0,0,0,0,Ohio St.,WI
2004Darrion Scott,ScotDa20,2004,3,88,MIN,Darrion Scott,No,DE,DE,22,0,0,57,0,0,0,0,0,0,0,0,0,0,0,80,0,9.5,Ohio St.,MN
2004Matt Ware,WareMa20,2004,3,89,PHI,Matt Ware,No,DB,DB,21,0,0,95,0,0,0,0,0,0,0,0,0,0,0,93,1,0,UCLA,PA
2004Matt Schaub,SchaMa00,2004,3,90,ATL,Matt Schaub,No,QB,QB,23,0,2,143,2092,3271,24851,133,90,189,360,4,1,-6,0,3,0,0,Virginia,GA
2004Anthony Hargrove,HargAn20,2004,3,91,STL,Anthony Hargrove,No,DE,DE,21,0,0,102,0,0,0,0,0,0,0,0,0,0,0,168,0,19.5,Georgia Tech,MO
2004Rich Gardner,GardRi20,2004,3,92,TEN,Rich Gardner,No,DB,DB,23,0,0,29,0,0,0,0,0,0,0,0,0,0,0,18,1,0,Penn St.,TN
2004Keyaron Fox,FoxxKe20,2004,3,93,KAN,Keyaron Fox,No,LB,LB,22,0,0,98,0,0,0,0,0,0,0,0,0,0,0,141,1,1,Georgia Tech,MO
2004Travelle Wharton,WharTr20,2004,3,94,CAR,Travelle Wharton,No,T,T,23,0,0,115,0,0,0,0,0,0,0,0,0,0,0,5,0,0,South Carolina,NC
2004Guss Scott,ScotGu20,2004,3,95,NWE,Guss Scott,No,DB,DB,22,0,0,11,0,0,0,0,0,0,0,0,0,0,0,29,0,0,Florida,MA
2004Landon Johnson,JohnLa20,2004,3,96,CIN,Landon Johnson,No,LB,LB,23,0,0,101,0,0,0,0,0,0,0,0,0,0,0,339,1,3.5,Purdue,OH
2004Reggie Torbor,TorbRe20,2004,4,97,NYG,Reggie Torbor,No,LB,LB,23,0,0,104,0,0,0,0,0,0,0,0,0,0,0,168,2,6.5,Auburn,NY
2004Shaun Phillips,PhilSh20,2004,4,98,SDG,Shaun Phillips,No,DE,DE,23,0,1,168,0,0,0,0,0,0,0,0,0,0,0,399,7,81.5,Purdue,CA
2004Carlos Francis,FranCa20,2004,4,99,OAK,Carlos Francis,No,WR,WR,23,0,0,5,0,0,0,0,0,0,0,0,0,0,0,0,0,0,Texas Tech,CA
2004Alex Stepanovich,StepAl20,2004,4,100,ARI,Alex Stepanovich,No,C,C,23,0,0,46,0,0,0,0,0,0,0,0,0,0,0,0,0,0,Ohio St.,AZ
2004Demorrio Williams,WillDe22,2004,4,101,ATL,Demorrio Williams,No,LB,LB,24,0,0,138,0,0,0,0,0,0,0,0,0,0,0,478,7,7.5,Nebraska,GA
2004Will Poole,PoolWi20,2004,4,102,MIA,Will Poole,No,DB,DB,23,0,0,15,0,0,0,0,0,0,0,0,0,0,0,26,0,1,USC,FL
2004Bo Schobel,SchoBo20,2004,4,103,TEN,Bo Schobel,No,DE,DE,23,0,0,29,0,0,0,0,0,0,0,0,0,0,0,36,0,1.5,TCU,TN
2004Isaac Sopoaga,SopoIs20,2004,4,104,SFO,Isaac Sopoaga,No,DT,DT,23,0,0,139,0,0,0,0,0,0,0,0,1,18,0,157,0,8.5,Hawaii,CA
2004Samie Parker,ParkSa00,2004,4,105,KAN,Samie Parker,No,WR,WR,23,0,0,47,0,0,0,0,0,4,9,0,110,1529,7,5,0,0,Oregon,MO
2004Luke McCown,McCoLu00,2004,4,106,CLE,Luke McCown,No,QB,QB,23,0,0,62,216,356,2370,9,15,34,177,0,0,0,0,1,0,0,Louisiana Tech,OH
2004Kendyll Pope,PopeKe20,2004,4,107,IND,Kendyll Pope,No,LB,LB,23,0,0,2,0,0,0,0,0,0,0,0,0,0,0,1,0,0,Florida St.,IN
2004Jerricho Cotchery,CotcJe00,2004,4,108,NYJ,Jerricho Cotchery,No,WR,WR,22,0,0,175,0,0,0,0,0,22,93,1,524,6623,34,34,0,0,North Carolina St.,NY
2004Tim Euhus,EuhuTi00,2004,4,109,BUF,Tim Euhus,No,TE,TE,23,0,0,34,0,0,0,0,0,0,0,0,14,115,2,3,0,0,Oregon St.,NY
2004Nathan Vasher,VashNa99,2004,4,110,CHI,Nathan Vasher,No,DB,DB,22,0,1,87,0,0,0,0,0,0,0,0,0,0,0,152,20,1,Texas,IL
2004Will Allen,AlleWi21,2004,4,111,TAM,Will Allen,No,DB,DB,22,0,0,176,0,0,0,0,0,0,0,0,0,0,0,297,7,4,Ohio St.,FL
2004Leon Joe,JoexLe20,2004,4,112,CHI,Leon Joe,No,LB,LB,22,0,0,36,0,0,0,0,0,0,0,0,0,0,0,35,0,0,Maryland,IL
2004Dexter Reid,ReidDe20,2004,4,113,NWE,Dexter Reid,No,DB,DB,23,0,0,39,0,0,0,0,0,0,0,0,0,0,0,34,0,0,North Carolina,MA
2004Matthias Askew,AskeMa20,2004,4,114,CIN,Matthias Askew,No,DT,DT,22,0,0,6,0,0,0,0,0,0,0,0,0,0,0,1,0,0,Michigan St.,OH
2004Nat Dorsey,DorsNa20,2004,4,115,MIN,Nat Dorsey,No,T,T,21,0,0,40,0,0,0,0,0,0,0,0,0,0,0,0,0,0,Georgia Tech,MN
2004Niko Koutouvides,KoutNi20,2004,4,116,SEA,Niko Koutouvides,No,LB,LB,23,0,0,125,0,0,0,0,0,0,0,0,0,0,0,132,0,1,Purdue,WA
2004Robert Geathers,GeatRo21,2004,4,117,CIN,Robert Geathers,No,DE,DE,21,0,0,152,0,0,0,0,0,0,0,0,0,0,0,183,3,34,Georgia,OH
2004Anthony Maddox,MaddAn20,2004,4,118,JAX,Anthony Maddox,No,DT,DT,25,0,0,35,0,0,0,0,0,0,0,0,0,0,0,42,0,5,Delta St.,FL
2004Mewelde Moore,MoorMe00,2004,4,119,MIN,Mewelde Moore,No,RB,RB,22,0,0,122,2,4,21,2,0,507,2267,6,220,1952,8,12,0,0,Tulane,MN
2004Ernest Wilford,WilfEr00,2004,4,120,JAX,Ernest Wilford,No,WR,WR,25,0,0,87,0,0,0,0,0,0,0,0,156,2145,15,5,0,0,Virginia Tech,FL
2004Bruce Thornton,ThorBr21,2004,4,121,DAL,Bruce Thornton,No,DB,DB,24,0,0,13,0,0,0,0,0,0,0,0,0,0,0,36,2,0,Georgia,TX
2004Glenn Earl,EarlGl20,2004,4,122,HOU,Glenn Earl,No,DB,DB,23,0,0,37,0,0,0,0,0,0,0,0,0,0,0,118,3,2,Notre Dame,TX
2004Stacy Andrews,AndrSt21,2004,4,123,CIN,Stacy Andrews,No,T,T,23,0,0,94,0,0,0,0,0,0,0,0,0,0,0,1,0,0,Mississippi,OH
2004Michael Waddell,WaddMi20,2004,4,124,TEN,Michael Waddell,No,DB,DB,23,0,0,33,0,0,0,0,0,0,0,0,0,0,0,57,1,0.5,North Carolina,TN
2004Jason David,DaviJa20,2004,4,125,IND,Jason David,No,DB,DB,22,0,0,75,0,0,0,0,0,0,0,0,0,0,0,193,16,0,Washington St.,IN
2004Jared Allen,AlleJa22,2004,4,126,KAN,Jared Allen,No,DE,DE,22,4,5,187,0,0,0,0,0,0,0,0,2,3,2,498,6,136,Idaho St.,MO
2004Richard Seigler,SeigRi20,2004,4,127,SFO,Richard Seigler,No,LB,LB,23,0,0,9,0,0,0,0,0,0,0,0,0,0,0,4,0,0,Oregon St.,CA
2004Cedric Cobbs,CobbCe00,2004,4,128,NWE,Cedric Cobbs,No,RB,RB,23,0,0,5,0,0,0,0,0,25,59,0,0,0,0,1,0,0,Arkansas,MA
2004J.R. Reed,ReedJ.20,2004,4,129,PHI,J.R. Reed,No,DB,DB,22,0,0,43,0,0,0,0,0,0,0,0,0,0,0,56,0,0,South Florida,PA
2004Brandon Chillar,ChilBr20,2004,4,130,STL,Brandon Chillar,No,LB,LB,21,0,0,97,0,0,0,0,0,0,0,0,0,0,0,275,1,8.5,UCLA,MO
2004Trey Darilek,DariTr20,2004,4,131,PHI,Trey Darilek,No,G,G,23,0,0,18,0,0,0,0,0,0,0,0,0,0,0,0,0,0,Texas-El Paso,PA
2004Adrian Jones,JoneAd20,2004,4,132,NYJ,Adrian Jones,No,T,T,23,0,0,55,0,0,0,0,0,0,0,0,0,0,0,1,0,0,Kansas,NY
2004Dave Ball,BallDa20,2004,5,133,SDG,Dave Ball,No,DE,DE,23,0,0,72,0,0,0,0,0,0,0,0,0,0,0,80,1,15.5,UCLA,CA
2004Johnnie Morant,MoraJo00,2004,5,134,OAK,Johnnie Morant,No,WR,WR,22,0,0,15,0,0,0,0,0,0,0,0,8,90,0,1,0,0,Syracuse,CA
2004Antonio Smith,SmitAn22,2004,5,135,ARI,Antonio Smith,No,DE,DE,22,0,1,180,0,0,0,0,0,0,0,0,0,0,0,235,0,47.5,Oklahoma St.,AZ
2004Gibril Wilson,WilsGi20,2004,5,136,NYG,Gibril Wilson,No,DB,DB,22,0,0,100,0,0,0,0,0,0,0,0,0,0,0,481,13,8.5,Tennessee,NY
2004Josh Scobee,scobejos01,2004,5,137,JAX,Josh Scobee,No,K,K,22,0,0,172,0,0,0,0,0,0,0,0,0,0,0,16,0,0,Louisiana Tech,FL
2004Jacob Bell,BellJa20,2004,5,138,TEN,Jacob Bell,No,G,G,23,0,0,109,0,0,0,0,0,1,-15,0,0,0,0,1,0,0,Miami (OH),TN
2004Rodney Leisle,LeisRo20,2004,5,139,NOR,Rodney Leisle,No,DT,DT,23,0,0,18,0,0,0,0,0,0,0,0,0,0,0,10,0,0,UCLA,LA
2004Alex Lewis,LewiAl20,2004,5,140,DET,Alex Lewis,No,LB,LB,23,0,0,52,0,0,0,0,0,0,0,0,0,0,0,136,1,2,Wisconsin,MI
2004Jake Scott,ScotJa21,2004,5,141,IND,Jake Scott,No,G,G,23,0,0,131,0,0,0,0,0,0,0,0,0,0,0,6,0,0,Idaho,IN
2004Chad Lavalais,LavaCh20,2004,5,142,ATL,Chad Lavalais,No,DT,DT,25,0,0,30,0,0,0,0,0,0,0,0,0,0,0,41,0,2.5,LSU,GA
2004Erik Coleman,ColeEr21,2004,5,143,NYJ,Erik Coleman,No,DB,DB,22,0,0,123,0,0,0,0,0,0,0,0,0,0,0,467,11,2,Washington St.,NY
2004Sean Ryan,RyanSe00,2004,5,144,DAL,Sean Ryan,No,TE,TE,24,0,0,53,0,0,0,0,0,0,0,0,26,240,2,3,0,0,Boston Col.,TX
2004Nathaniel Adibi,0,2004,5,145,PIT,Nathaniel Adibi,No,DE,DE,0,0,0,0,0,0,0,0,0,0,0,0,0,0,0,0,0,0,Virginia Tech,PA
2004Jeb Terry,TerrJe20,2004,5,146,TAM,Jeb Terry,No,G,G,23,0,0,30,0,0,0,0,0,0,0,0,0,0,0,0,0,0,North Carolina,FL
2004Claude Harriott,0,2004,5,147,CHI,Claude Harriott,No,DE,DE,0,0,0,0,0,0,0,0,0,0,0,0,0,0,0,0,0,0,Pittsburgh,IL
2004Craig Krenzel,KrenCr00,2004,5,148,CHI,Craig Krenzel,No,QB,QB,23,0,0,6,59,127,718,3,6,18,41,0,0,0,0,1,0,0,Ohio St.,IL
2004Maurice Mann,MannMa00,2004,5,149,CIN,Maurice Mann,No,WR,WR,22,0,0,1,0,0,0,0,0,0,0,0,0,0,0,0,0,0,Nevada,OH
2004Chris Thompson,ThomCh24,2004,5,150,JAX,Chris Thompson,No,DB,DB,22,0,0,12,0,0,0,0,0,0,0,0,0,0,0,7,0,0,Nicholls St.,FL
2004Mark Wilson,WilsMa21,2004,5,151,WAS,Mark Wilson,No,TE,TE,23,0,0,2,0,0,0,0,0,0,0,0,0,0,0,0,0,0,California,DC
2004Jeff Shoate,ShoaJe20,2004,5,152,DEN,Jeff Shoate,No,DB,DB,23,0,0,14,0,0,0,0,0,0,0,0,0,0,0,8,0,0,San Diego St.,CO
2004Roderick Green,GreeRo20,2004,5,153,BAL,Roderick Green,No,LB,LB,22,0,0,54,0,0,0,0,0,0,0,0,0,0,0,32,0,12,Central Missouri St.,MD
2004Michael Turner,TurnMi00,2004,5,154,SDG,Michael Turner,No,RB,RB,22,1,2,134,0,0,0,0,0,1639,7338,66,70,528,1,12,0,0,Northern Illinois,CA
2004Rod Davis,DaviRo21,2004,5,155,MIN,Rod Davis,No,LB,LB,23,0,0,40,0,0,0,0,0,0,0,0,0,0,0,31,0,0,Southern Miss,MN
2004Mike Karney,KarnMi00,2004,5,156,NOR,Mike Karney,No,FB,FB,23,0,0,101,0,0,0,0,0,47,99,5,64,325,2,3,0,0,Arizona St.,LA
2004D.J. Hackett,HackD.00,2004,5,157,SEA,D.J. Hackett,No,WR,WR,23,0,0,42,0,0,0,0,0,0,0,0,118,1575,9,0,0,0,Colorado,WA
2004Jason Shivers,ShivJa20,2004,5,158,STL,Jason Shivers,No,DB,DB,21,0,0,1,0,0,0,0,0,0,0,0,0,0,0,1,0,0,Arizona St.,MO
2004Sean Bubin,0,2004,5,159,JAX,Sean Bubin,No,T,T,0,0,0,0,0,0,0,0,0,0,0,0,0,0,0,0,0,0,Illinois,FL
2004Tony Bua,BuaxTo20,2004,5,160,MIA,Tony Bua,No,LB,LB,24,0,0,7,0,0,0,0,0,0,0,0,0,0,0,0,0,0,Arkansas,FL
2004Amon Gordon,GordAm20,2004,5,161,CLE,Amon Gordon,No,DT,DT,22,0,0,33,0,0,0,0,0,0,0,0,0,0,0,40,0,2,Stanford,OH
2004Thomas Tapeh,TapeTh00,2004,5,162,PHI,Thomas Tapeh,No,FB,FB,24,0,0,41,0,0,0,0,0,22,69,0,27,157,1,7,0,0,Minnesota,PA
2004Drew Carter,CartDr00,2004,5,163,CAR,Drew Carter,No,WR,WR,23,0,0,33,0,0,0,0,0,2,18,0,71,977,8,3,0,0,Ohio St.,NC
2004P.K. Sam,SamxP.20,2004,5,164,NWE,P.K. Sam,No,WR,WR,20,0,0,2,0,0,0,0,0,0,0,0,0,0,0,0,0,0,Florida St.,MA
2004Robert Reynolds,ReynRo20,2004,5,165,TEN,Robert Reynolds,No,LB,LB,23,0,0,33,0,0,0,0,0,0,0,0,0,0,0,25,0,0,Ohio St.,TN
2004Shawn Johnson,0,2004,6,166,OAK,Shawn Johnson,No,DE,DE,0,0,0,0,0,0,0,0,0,0,0,0,0,0,0,0,0,0,Delaware,CA
2004Nick Leckey,LeckNi20,2004,6,167,ARI,Nick Leckey,No,C,C,22,0,0,65,0,0,0,0,0,0,0,0,0,0,0,0,0,0,Kansas St.,AZ
2004Jamaar Taylor,TaylJa00,2004,6,168,NYG,Jamaar Taylor,No,WR,WR,23,0,0,13,0,0,0,0,0,1,-8,0,6,146,0,2,0,0,Texas A&M,NY
2004Ryan Krause,KrauRy00,2004,6,169,SDG,Ryan Krause,No,TE,TE,23,0,0,14,0,0,0,0,0,0,0,0,7,92,1,3,0,0,Nebraska-Omaha,CA
2004Vontez Duff,0,2004,6,170,HOU,Vontez Duff,No,DB,DB,0,0,0,0,0,0,0,0,0,0,0,0,0,0,0,0,0,0,Notre Dame,TX
2004Triandos Luke,LukeTr00,2004,6,171,DEN,Triandos Luke,No,WR,WR,22,0,0,10,0,0,0,0,0,0,0,0,6,52,0,0,0,0,Alabama,CO
2004Kelly Butler,ButlKe21,2004,6,172,DET,Kelly Butler,No,T,T,22,0,0,22,0,0,0,0,0,0,0,0,0,0,0,0,0,0,Purdue,MI
2004Von Hutchins,HutcVo20,2004,6,173,IND,Von Hutchins,No,DB,DB,23,0,0,38,0,0,0,0,0,0,0,0,0,0,0,116,2,0.5,Mississippi,IN
2004Rex Hadnot,HadnRe20,2004,6,174,MIA,Rex Hadnot,No,G,G,22,0,0,129,0,0,0,0,0,0,0,0,0,-2,0,0,0,0,Houston,FL
2004Jammal Lord,LordJa21,2004,6,175,HOU,Jammal Lord,No,DB,DB,23,0,0,1,0,0,0,0,0,0,0,0,0,0,0,0,0,0,Nebraska,TX
2004Kirk Chambers,ChamKi20,2004,6,176,CLE,Kirk Chambers,No,T,T,25,0,0,70,0,0,0,0,0,0,0,0,0,0,0,2,0,0,Stanford,OH
2004Bo Lacy,0,2004,6,177,PIT,Bo Lacy,No,T,T,0,0,0,0,0,0,0,0,0,0,0,0,0,0,0,0,0,0,Arkansas,PA
2004Marko Cavka,0,2004,6,178,NYJ,Marko Cavka,No,T,T,0,0,0,0,0,0,0,0,0,0,0,0,0,0,0,0,0,0,Sacramento St.,NY
2004Corey Williams,WillCo21,2004,6,179,GNB,Corey Williams,No,DT,DT,24,0,0,126,0,0,0,0,0,0,0,0,0,0,0,199,2,27.5,Arkansas St.,WI
2004Jim Molinaro,MoliJi20,2004,6,180,WAS,Jim Molinaro,No,T,T,23,0,0,15,0,0,0,0,0,0,0,0,0,0,0,0,0,0,Notre Dame,DC
2004Nate Lawrie,LawrNa00,2004,6,181,TAM,Nate Lawrie,No,TE,TE,22,0,0,26,0,0,0,0,0,0,0,0,4,43,0,0,0,0,Yale,FL
2004Cody Spencer,SpenCo20,2004,6,182,OAK,Cody Spencer,No,LB,LB,23,0,0,50,0,0,0,0,0,0,0,0,0,0,0,53,0,0,North Texas,CA
2004Greg Brooks,BrooGr20,2004,6,183,CIN,Greg Brooks,No,DB,DB,23,0,0,16,0,0,0,0,0,0,0,0,0,0,0,7,0,0,Southern Miss,OH
2004Deandre Eiland,0,2004,6,184,MIN,Deandre Eiland,No,DB,DB,0,0,0,0,0,0,0,0,0,0,0,0,0,0,0,0,0,0,South Carolina,MN
2004Andy Hall,HallAn00,2004,6,185,PHI,Andy Hall,No,QB,QB,23,0,0,1,0,0,0,0,0,0,0,0,0,0,0,0,0,0,Delaware,PA
2004Etric Pruitt,PruiEt20,2004,6,186,ATL,Etric Pruitt,No,DB,DB,23,0,0,9,0,0,0,0,0,0,0,0,0,0,0,8,0,0,Southern Miss,GA
2004Josh Harris,0,2004,6,187,BAL,Josh Harris,No,QB,QB,0,0,0,0,0,0,0,0,0,0,0,0,0,0,0,0,0,0,Bowling Green,MD
2004Andy Lee,LeexAn20,2004,6,188,SFO,Andy Lee,No,P,P,22,3,3,201,0,1,0,0,0,1,-18,0,0,0,0,6,0,0,Pittsburgh,CA
2004Craig Terrill,TerrCr20,2004,6,189,SEA,Craig Terrill,No,DT,DT,24,0,0,88,0,0,0,0,0,0,0,0,0,0,0,72,0,8,Purdue,WA
2004Josh Sewell,0,2004,6,190,DEN,Josh Sewell,No,C,C,0,0,0,0,0,0,0,0,0,0,0,0,0,0,0,0,0,0,Nebraska,CO
2004Troy Fleming,FlemTr00,2004,6,191,TEN,Troy Fleming,No,RB,RB,23,0,0,29,0,0,0,0,0,7,40,0,29,233,3,15,0,0,Tennessee,TN
2004Dexter Wynn,WynnDe20,2004,6,192,PHI,Dexter Wynn,No,DB,DB,23,0,0,47,0,0,0,0,0,0,0,0,0,0,0,41,0,1,Colorado St.,PA
2004Jim Sorgi,SorgJi00,2004,6,193,IND,Jim Sorgi,No,QB,QB,23,0,0,16,99,156,929,6,1,31,0,0,0,0,0,0,0,0,Wisconsin,IN
2004Matt Kranchick,KranMa00,2004,6,194,PIT,Matt Kranchick,No,TE,TE,24,0,0,8,0,0,0,0,0,0,0,0,1,6,0,3,0,0,Penn St.,PA
2004Jeris McIntyre,0,2004,6,195,KAN,Jeris McIntyre,No,WR,WR,0,0,0,0,0,0,0,0,0,0,0,0,0,0,0,0,0,0,Auburn,MO
2004Sean Tufts,TuftSe20,2004,6,196,CAR,Sean Tufts,No,LB,LB,22,0,0,15,0,0,0,0,0,0,0,0,0,0,0,9,0,0,Colorado,NC
2004Drew Caylor,0,2004,6,197,PIT,Drew Caylor,No,C,C,0,0,0,0,0,0,0,0,0,0,0,0,0,0,0,0,0,0,Stanford,PA
2004Keith Lewis,LewiKe20,2004,6,198,SFO,Keith Lewis,No,DB,DB,22,0,0,76,0,0,0,0,0,0,0,0,0,0,0,114,3,1,Oregon,CA
2004Clarence Moore,MoorCl00,2004,6,199,BAL,Clarence Moore,No,WR,WR,22,0,0,29,0,0,0,0,0,0,0,0,29,353,5,4,0,0,Northern Arizona,MD
2004Charlie Anderson,AndeCh21,2004,6,200,HOU,Charlie Anderson,No,LB,LB,22,0,0,94,0,0,0,0,0,0,0,0,0,0,0,90,0,7.5,Mississippi,TX
2004Jeff Smoker,0,2004,6,201,STL,Jeff Smoker,No,QB,QB,0,0,0,0,0,0,0,0,0,0,0,0,0,0,0,0,0,0,Michigan St.,MO
2004John Navarre,NavaJo00,2004,7,202,ARI,John Navarre,No,QB,QB,24,0,0,2,32,64,342,2,5,0,0,0,0,0,0,0,0,0,Michigan,AZ
2004Drew Strojny,0,2004,7,203,NYG,Drew Strojny,No,T,T,0,0,0,0,0,0,0,0,0,0,0,0,0,0,0,0,0,0,Duke,NY
2004Ryon Bingham,BingRy20,2004,7,204,SDG,Ryon Bingham,No,DT,DT,23,0,0,49,0,0,0,0,0,0,0,0,0,0,0,46,0,4.5,Nebraska,CA
2004Nate Jones,JoneNa20,2004,7,205,DAL,Nate Jones,No,DB,DB,22,0,0,106,0,0,0,0,0,0,0,0,0,0,0,188,3,6,Rutgers,TX
2004Mark Jones,JoneMa01,2004,7,206,TAM,Mark Jones,No,WR,WR,23,0,0,62,0,0,0,0,0,0,0,0,3,41,0,2,0,0,Tennessee,FL
2004Dylan McFarland,McFaDy20,2004,7,207,BUF,Dylan McFarland,No,T,T,24,0,0,3,0,0,0,0,0,0,0,0,0,0,0,0,0,0,Montana,NY
2004Adimchinobe Echemandu,EcheAd00,2004,7,208,CLE,Adimchinobe Echemandu,No,RB,RB,23,0,0,19,0,1,0,0,0,28,110,0,5,36,0,3,0,0,California,OH
2004Shane Olivea,OlivSh20,2004,7,209,SDG,Shane Olivea,No,T,T,22,0,0,60,0,0,0,0,0,0,0,0,0,0,0,0,0,0,Ohio St.,CA
2004Raheem Orr,OrrxRa20,2004,7,210,HOU,Raheem Orr,No,LB,LB,23,0,0,2,0,0,0,0,0,0,0,0,0,0,0,0,0,0,Rutgers,TX
2004Sloan Thomas,ThomSl00,2004,7,211,HOU,Sloan Thomas,No,WR,WR,22,0,0,1,0,0,0,0,0,0,0,0,0,0,0,2,0,0,Texas,TX
2004Eric Taylor,TaylEr20,2004,7,212,PIT,Eric Taylor,No,DT,DT,22,0,0,1,0,0,0,0,0,0,0,0,0,0,0,0,0,0,Memphis,PA
2004Darrell McClover,McClDa21,2004,7,213,NYJ,Darrell McClover,No,LB,LB,23,0,0,51,0,0,0,0,0,0,0,0,0,0,0,35,0,0,Miami (FL),NY
2004Jonathan Smith,SmitJo00,2004,7,214,BUF,Jonathan Smith,No,WR,WR,22,0,0,18,0,0,0,0,0,3,12,0,8,77,1,2,0,0,Georgia Tech,NY
2004Alfonso Marshall,MarsAl20,2004,7,215,CHI,Alfonso Marshall,No,DB,DB,23,0,0,7,0,0,0,0,0,0,0,0,0,0,0,4,0,0,Miami (FL),IL
2004Patrick Crayton,CrayPa00,2004,7,216,DAL,Patrick Crayton,No,WR,WR,25,0,0,105,0,3,0,0,1,6,39,0,247,3650,25,8,0,0,NW Oklahoma St.,TX
2004Cody Pickett,PickCo00,2004,7,217,SFO,Cody Pickett,No,QB,QB,24,0,0,6,18,45,195,0,4,14,47,0,0,0,0,2,0,0,Washington,CA
2004Casey Bramlet,0,2004,7,218,CIN,Casey Bramlet,No,QB,QB,0,0,0,0,0,0,0,0,0,0,0,0,0,0,0,0,0,0,Wyoming,OH
2004Quincy Wilson,WilsQu00,2004,7,219,ATL,Quincy Wilson,No,RB,RB,23,0,0,4,0,0,0,0,0,2,2,0,0,0,0,0,0,0,West Virginia,GA
2004Jeff Dugan,DugaJe00,2004,7,220,MIN,Jeff Dugan,No,TE,TE,23,0,0,79,0,0,0,0,0,11,23,0,27,191,3,10,0,0,Maryland,MN
2004Tony Pape,0,2004,7,221,MIA,Tony Pape,No,G,G,0,0,0,0,0,0,0,0,0,0,0,0,0,0,0,0,0,0,Michigan,FL
2004Derrick Pope,PopeDe20,2004,7,222,MIA,Derrick Pope,No,LB,LB,22,0,0,55,0,0,0,0,0,0,0,0,0,0,0,102,2,2,Alabama,FL
2004Jacques Reeves,ReevJa20,2004,7,223,DAL,Jacques Reeves,No,DB,DB,21,0,0,90,0,0,0,0,0,0,0,0,0,0,0,167,6,0,Purdue,TX
2004Donnie Jones,JoneDo21,2004,7,224,SEA,Donnie Jones,No,P,P,24,0,0,192,0,1,0,0,0,3,9,0,0,0,0,13,0,0,LSU,WA
2004Matt Mauck,MaucMa00,2004,7,225,DEN,Matt Mauck,No,QB,QB,25,0,0,2,15,27,136,0,1,7,39,0,0,0,0,0,0,0,LSU,CO
2004Christian Ferrara,0,2004,7,226,SFO,Christian Ferrara,No,DT,DT,0,0,0,0,0,0,0,0,0,0,0,0,0,0,0,0,0,0,Syracuse,CA
2004Adrien Clarke,ClarAd20,2004,7,227,PHI,Adrien Clarke,No,G,G,23,0,0,28,0,0,0,0,0,0,0,0,0,0,0,0,0,0,Ohio St.,PA
2004Casey Cramer,CramCa00,2004,7,228,TAM,Casey Cramer,No,RB,RB,22,0,0,36,0,0,0,0,0,0,0,0,4,11,1,17,0,0,Dartmouth,FL
2004David Kimball,0,2004,7,229,IND,David Kimball,No,K,K,0,0,0,0,0,0,0,0,0,0,0,0,0,0,0,0,0,0,Penn St.,IN
2004Jared Clauss,ClauJa20,2004,7,230,TEN,Jared Clauss,No,DT,DT,23,0,0,29,0,0,0,0,0,0,0,0,0,0,0,17,0,0.5,Iowa,TN
2004Kevin Sampson,SampKe20,2004,7,231,KAN,Kevin Sampson,No,T,T,23,0,0,16,0,0,0,0,0,0,0,0,0,0,0,0,0,0,Syracuse,MO
2004Michael Gaines,GainMi00,2004,7,232,CAR,Michael Gaines,No,TE,TE,24,0,0,83,0,0,0,0,0,0,0,0,84,869,6,4,0,0,Central Florida,NC
2004Christian Morton,MortCh20,2004,7,233,NWE,Christian Morton,No,DB,DB,23,0,0,14,0,0,0,0,0,0,0,0,0,0,0,18,1,0,Illinois,MA
2004Trevor Johnson,JohnTr21,2004,7,234,NYJ,Trevor Johnson,No,DE,DE,23,0,0,35,0,0,0,0,0,0,0,0,0,0,0,33,0,0,Nebraska,NY
2004Derrick Ward,WardDe01,2004,7,235,NYJ,Derrick Ward,No,RB,RB,24,0,0,93,0,0,0,0,0,551,2628,12,96,787,3,20,0,0,Fresno St.,NY
2004Rashad Washington,WashRa20,2004,7,236,NYJ,Rashad Washington,No,DB,DB,24,0,0,47,0,0,0,0,0,0,0,0,0,0,0,52,0,1.5,Kansas St.,NY
2004Erik Jensen,0,2004,7,237,STL,Erik Jensen,No,TE,TE,0,0,0,0,0,0,0,0,0,0,0,0,0,0,0,0,0,0,Iowa,MO
2004Larry Turner,TurnLa20,2004,7,238,STL,Larry Turner,No,C,C,22,0,0,21,0,0,0,0,0,0,0,0,0,0,0,0,0,0,East. Kentucky,MO
2004Eugene Amano,AmanEu20,2004,7,239,TEN,Eugene Amano,No,C,C,22,0,0,124,0,0,0,0,0,0,0,0,1,7,0,1,0,0,SE Missouri St.,TN
2004Colby Bockwoldt,BockCo20,2004,7,240,NOR,Colby Bockwoldt,No,LB,LB,23,0,0,49,0,0,0,0,0,0,0,0,0,0,0,116,0,2,BYU,LA
2004Sean McHugh,McHuSe00,2004,7,241,TEN,Sean McHugh,No,FB,FB,22,0,0,40,0,0,0,0,0,0,0,0,23,301,0,4,0,0,Penn St.,TN
2004Bruce Perry,PerrBr01,2004,7,242,PHI,Bruce Perry,No,RB,RB,23,0,0,5,0,0,0,0,0,16,74,0,0,0,0,2,0,0,Maryland,PA
2004Dominic Furio,0,2004,7,243,PHI,Dominic Furio,No,C,C,0,0,0,0,0,0,0,0,0,0,0,0,0,0,0,0,0,0,UNLV,PA
2004Derek Abney,0,2004,7,244,BAL,Derek Abney,No,WR,WR,0,0,0,0,0,0,0,0,0,0,0,0,0,0,0,0,0,0,Kentucky,MD
2004Courtney Anderson,AndeCo00,2004,7,245,OAK,Courtney Anderson,No,TE,TE,23,0,0,43,0,0,0,0,0,0,0,0,62,763,6,5,0,0,San Jose St.,CA
2004Brian Rimpf,RimpBr20,2004,7,246,BAL,Brian Rimpf,No,G,G,23,0,0,16,0,0,0,0,0,0,0,0,0,0,0,0,0,0,East Carolina,MD
2004Brandon Miree,MireBr00,2004,7,247,DEN,Brandon Miree,No,RB,RB,23,0,0,10,0,0,0,0,0,0,0,0,9,57,0,0,0,0,Pittsburgh,CO
2004B.J. Symons,0,2004,7,248,HOU,B.J. Symons,No,QB,QB,0,0,0,0,0,0,0,0,0,0,0,0,0,0,0,0,0,0,Texas Tech,TX
2004Bobby McCray,McCrBo20,2004,7,249,JAX,Bobby McCray,No,DE,DE,23,0,0,94,0,0,0,0,0,0,0,0,0,0,0,104,0,29.5,Florida,FL
2004Bradlee Van Pelt,VanPBr00,2004,7,250,DEN,Bradlee Van Pelt,No,QB,QB,24,0,0,3,2,8,7,0,0,11,48,1,0,0,0,0,0,0,Colorado St.,CO
2004Scott Wells,WellSc20,2004,7,251,GNB,Scott Wells,No,G,G,23,0,1,146,0,0,0,0,0,0,0,0,0,0,0,7,0,0,Tennessee,WI
2004Lenny Williams,0,2004,7,252,TAM,Lenny Williams,No,DB,DB,0,0,0,0,0,0,0,0,0,0,0,0,0,0,0,0,0,0,Southern,FL
2004Isaac Hilton,0,2004,7,253,NYG,Isaac Hilton,No,DE,DE,0,0,0,0,0,0,0,0,0,0,0,0,0,0,0,0,0,0,Hampton,NY
2004Carlos Joseph,0,2004,7,254,SDG,Carlos Joseph,No,T,T,0,0,0,0,0,0,0,0,0,0,0,0,0,0,0,0,0,0,Miami (FL),CA
2004Andre Sommersell,0,2004,7,255,OAK,Andre Sommersell,No,LB,LB,0,0,0,0,0,0,0,0,0,0,0,0,0,0,0,0,0,0,Colorado St.,CA
2003Carson Palmer,PalmCa00,2003,1,1,CIN,Carson Palmer,No,QB,QB,23,0,3,169,3640,5812,42678,272,176,281,459,8,0,0,0,18,0,0,,OH
2003Charles Rogers,RogeCh01,2003,1,2,DET,Charles Rogers,No,WR,WR,22,0,0,15,0,0,0,0,0,2,17,0,36,440,4,0,0,0,,MI
2003Andre Johnson,JohnAn02,2003,1,3,HOU,Andre Johnson,No,WR,WR,22,2,7,193,0,0,0,0,0,23,54,0,1062,14185,70,39,0,0,,TX
2003Dewayne Robertson,RobeDe20,2003,1,4,NYJ,Dewayne Robertson,No,DT,DT,21,0,0,92,0,0,0,0,0,0,0,0,0,0,0,186,0,0,,NY
2003Terence Newman,NewmTe20,2003,1,5,DAL,Terence Newman,No,DB,DB,25,0,2,200,0,0,0,0,0,1,4,0,0,0,0,711,0,0,,TX
2003Johnathan Sullivan,SullJo23,2003,1,6,NOR,Johnathan Sullivan,No,DT,DT,22,0,0,36,0,0,0,0,0,0,0,0,0,0,0,56,0,0,,LA
2003Byron Leftwich,LeftBy00,2003,1,7,JAX,Byron Leftwich,No,QB,QB,23,0,0,60,930,1605,10532,58,42,137,415,10,1,-7,0,5,0,0,,FL
2003Jordan Gross,GrosJo20,2003,1,8,CAR,Jordan Gross,No,T,T,23,1,3,167,0,0,0,0,0,0,0,0,0,1,0,7,0,0,,NC
2003Kevin Williams,WillKe98,2003,1,9,MIN,Kevin Williams,No,DT,DT,23,5,6,203,0,0,0,0,0,0,0,0,0,0,0,373,0,0,,MN
2003Terrell Suggs,SuggTe99,2003,1,10,BAL,Terrell Suggs,No,LB,LB,20,1,6,191,0,0,0,0,0,0,0,0,0,0,0,530,0,0,,MD
2003Marcus Trufant,TrufMa20,2003,1,11,SEA,Marcus Trufant,No,DB,DB,22,0,1,136,0,0,0,0,0,0,0,0,0,0,0,563,0,0,,WA
2003Jimmy Kennedy,KennJi21,2003,1,12,STL,Jimmy Kennedy,No,DT,DT,23,0,0,92,0,0,0,0,0,0,0,0,0,0,0,95,0,0,,MO
2003Ty Warren,WarrTy20,2003,1,13,NWE,Ty Warren,No,DE,DE,22,0,0,107,0,0,0,0,0,0,0,0,0,0,0,254,0,0,,MA
2003Michael Haynes,HaynMi20,2003,1,14,CHI,Michael Haynes,No,DE,DE,23,0,0,43,0,0,0,0,0,0,0,0,0,0,0,48,0,0,,IL
2003Jerome McDougle,McDoJe20,2003,1,15,PHI,Jerome McDougle,No,DE,DE,24,0,0,37,0,0,0,0,0,0,0,0,0,0,0,30,0,0,,PA
2003Troy Polamalu,PolaTr99,2003,1,16,PIT,Troy Polamalu,No,DB,DB,22,4,8,158,0,0,0,0,0,0,0,0,0,0,0,581,0,0,,PA
2003Bryant Johnson,JohnBr02,2003,1,17,ARI,Bryant Johnson,No,WR,WR,22,0,0,139,0,0,0,0,0,5,-8,0,314,3938,16,23,0,0,,AZ
2003Calvin Pace,PaceCa20,2003,1,18,ARI,Calvin Pace,No,DE,DE,22,0,0,187,0,0,0,0,0,0,0,0,0,0,0,462,0,0,,AZ
2003Kyle Boller,BollKy00,2003,1,19,BAL,Kyle Boller,No,QB,QB,22,0,0,67,861,1519,8931,48,54,176,572,2,0,0,0,8,0,0,,MD
2003George Foster,FostGe20,2003,1,20,DEN,George Foster,No,T,T,23,0,0,68,0,0,0,0,0,0,0,0,0,0,0,0,0,0,,CO
2003Jeff Faine,FainJe20,2003,1,21,CLE,Jeff Faine,No,C,C,22,0,0,125,0,0,0,0,0,1,0,0,1,-1,0,1,0,0,,OH
2003Rex Grossman,GrosRe00,2003,1,22,CHI,Rex Grossman,No,QB,QB,23,0,0,54,863,1562,10232,56,60,81,106,4,1,-4,0,3,0,0,,IL
2003Willis McGahee,McGaWi00,2003,1,23,BUF,Willis McGahee,No,RB,RB,21,0,2,142,0,0,0,0,0,2095,8474,65,210,1339,5,7,0,0,,NY
2003Dallas Clark,ClarDa00,2003,1,24,IND,Dallas Clark,No,TE,TE,24,1,1,143,0,0,0,0,0,4,40,0,505,5665,53,22,0,0,,IN
2003William Joseph,JoseWi20,2003,1,25,NYG,William Joseph,No,DT,DT,24,0,0,69,0,0,0,0,0,0,0,0,0,0,0,60,0,0,,NY
2003Kwame Harris,HarrKw20,2003,1,26,SFO,Kwame Harris,No,T,T,21,0,0,86,0,0,0,0,0,0,0,0,0,0,0,0,0,0,,CA
2003Larry Johnson,JohnLa00,2003,1,27,KAN,Larry Johnson,No,RB,RB,23,1,2,85,1,3,4,1,0,1427,6223,55,154,1373,6,8,0,0,,MO
2003Andre Woolfolk,WoolAn20,2003,1,28,TEN,Andre Woolfolk,No,DB,DB,23,0,0,39,0,0,0,0,0,0,0,0,0,0,0,105,0,0,,TN
2003Nick Barnett,BarnNi20,2003,1,29,GNB,Nick Barnett,No,LB,LB,22,0,0,153,0,0,0,0,0,0,0,0,0,0,0,732,0,0,,WI
2003Sammy Davis,DaviSa21,2003,1,30,SDG,Sammy Davis,No,DB,DB,23,0,0,71,0,0,0,0,0,0,0,0,0,0,0,141,0,0,,CA
2003Nnamdi Asomugha,AsomNn20,2003,1,31,OAK,Nnamdi Asomugha,No,DB,DB,22,2,3,157,0,0,0,0,0,0,0,0,0,0,0,356,0,0,,CA
2003Tyler Brayton,BrayTy20,2003,1,32,OAK,Tyler Brayton,No,DE,DE,23,0,0,141,0,0,0,0,0,0,0,0,0,0,0,242,0,0,,CA
2003Eric Steinbach,SteiEr20,2003,2,33,CIN,Eric Steinbach,No,G,G,23,0,0,125,0,0,0,0,0,0,0,0,0,0,0,0,0,0,,OH
2003Boss Bailey,BailBo20,2003,2,34,DET,Boss Bailey,No,LB,LB,23,0,0,64,0,0,0,0,0,0,0,0,0,0,0,226,0,0,,MI
2003Charles Tillman,TillCh20,2003,2,35,CHI,Charles Tillman,No,DB,DB,22,1,2,168,0,0,0,0,0,0,0,0,0,0,0,773,0,0,,IL
2003Eugene Wilson,WilsEu20,2003,2,36,NWE,Eugene Wilson,No,DB,DB,23,0,0,96,0,0,0,0,0,0,0,0,0,0,0,311,0,0,,MA
2003Jon Stinchcomb,StinJo20,2003,2,37,NOR,Jon Stinchcomb,No,T,T,24,0,1,90,0,0,0,0,0,0,0,0,0,0,0,3,0,0,,LA
2003Al Johnson,JohnAl22,2003,2,38,DAL,Al Johnson,No,C,C,24,0,0,66,0,0,0,0,0,0,0,0,0,0,0,0,0,0,,TX
2003Rashean Mathis,MathRa99,2003,2,39,JAX,Rashean Mathis,No,DB,DB,23,1,1,175,0,0,0,0,0,0,0,0,0,0,0,576,0,0,,FL
2003E.J. Henderson,HendE.20,2003,2,40,MIN,E.J. Henderson,No,LB,LB,23,0,1,125,0,0,0,0,0,0,0,0,0,0,0,552,0,0,,MN
2003Bennie Joppru,JoppBe00,2003,2,41,HOU,Bennie Joppru,No,TE,TE,23,0,0,19,0,0,0,0,0,0,0,0,0,0,0,4,0,0,,TX
2003Ken Hamlin,HamlKe20,2003,2,42,SEA,Ken Hamlin,No,DB,DB,22,0,1,107,0,0,0,0,0,0,0,0,0,0,0,376,0,0,,WA
2003Pisa Tinoisamoa,TinoPi20,2003,2,43,STL,Pisa Tinoisamoa,No,LB,LB,22,0,0,98,0,0,0,0,0,0,0,0,0,0,0,395,0,0,,MO
2003Taylor Jacobs,JacoTa00,2003,2,44,WAS,Taylor Jacobs,No,WR,WR,22,0,0,56,0,0,0,0,0,2,-14,0,37,384,2,10,0,0,,DC
2003Bethel Johnson,JohnBe00,2003,2,45,NWE,Bethel Johnson,No,WR,WR,24,0,0,50,0,0,0,0,0,7,4,0,39,606,4,9,0,0,,MA
2003Drayton Florence,FlorDr20,2003,2,46,SDG,Drayton Florence,No,DB,DB,22,0,0,157,0,0,0,0,0,0,0,0,0,0,0,414,0,0,,CA
2003Kawika Mitchell,MitcKa20,2003,2,47,KAN,Kawika Mitchell,No,LB,LB,23,0,0,97,0,0,0,0,0,0,0,0,0,0,0,371,0,0,,MO
2003Chris Kelsay,KelsCh21,2003,2,48,BUF,Chris Kelsay,No,DE,DE,23,0,0,147,0,0,0,0,0,0,0,0,0,0,0,291,0,0,,NY
2003Eddie Moore,MoorEd20,2003,2,49,MIA,Eddie Moore,No,LB,LB,23,0,0,18,0,0,0,0,0,0,0,0,0,0,0,27,0,0,,FL
2003Bruce Nelson,NelsBr20,2003,2,50,CAR,Bruce Nelson,No,G,G,24,0,0,15,0,0,0,0,0,0,0,0,0,0,0,0,0,0,,NC
2003Terry Pierce,PierTe20,2003,2,51,DEN,Terry Pierce,No,LB,LB,22,0,0,18,0,0,0,0,0,0,0,0,0,0,0,6,0,0,,CO
2003Chaun Thompson,ThomCh23,2003,2,52,CLE,Chaun Thompson,No,LB,LB,23,0,0,98,0,0,0,0,0,0,0,0,0,0,0,165,0,0,,OH
2003Victor Hobson,HobsVi20,2003,2,53,NYJ,Victor Hobson,No,LB,LB,23,0,0,79,0,0,0,0,0,0,0,0,0,0,0,237,0,0,,NY
2003Anquan Boldin,BoldAn00,2003,2,54,ARI,Anquan Boldin,No,WR,WR,22,0,3,197,1,4,-6,0,1,42,229,1,1057,13587,80,30,0,0,,AZ
2003Bryan Scott,ScotBr20,2003,2,55,ATL,Bryan Scott,No,DB,DB,22,0,0,143,0,0,0,0,0,0,0,0,0,0,0,468,0,0,,GA
2003Osi Umenyiora,UmenOs99,2003,2,56,NYG,Osi Umenyiora,No,DE,DE,21,1,2,161,0,0,0,0,0,0,0,0,0,0,0,301,0,0,,NY
2003Anthony Adams,AdamAn20,2003,2,57,SFO,Anthony Adams,No,DT,DT,23,0,0,121,0,0,0,0,0,0,0,0,0,0,0,214,0,0,,CA
2003Mike Doss,DossMi20,2003,2,58,IND,Mike Doss,No,DB,DB,22,0,0,57,0,0,0,0,0,0,0,0,0,0,0,199,0,0,,IN
2003Alonzo Jackson,JackAl23,2003,2,59,PIT,Alonzo Jackson,No,LB,LB,23,0,0,18,0,0,0,0,0,0,0,0,0,0,0,15,0,0,,PA
2003Tyrone Calico,CaliTy00,2003,2,60,TEN,Tyrone Calico,No,WR,WR,22,0,0,27,0,0,0,0,0,1,5,0,42,501,4,1,0,0,,TN
2003L.J. Smith,SmitL.00,2003,2,61,PHI,L.J. Smith,No,TE,TE,23,0,0,98,0,0,0,0,0,0,0,0,233,2556,18,19,0,0,,PA
2003Terrence Kiel,KielTe20,2003,2,62,SDG,Terrence Kiel,No,DB,DB,22,0,0,59,0,0,0,0,0,0,0,0,0,0,0,216,0,0,,CA
2003Teyo Johnson,JohnTe00,2003,2,63,OAK,Teyo Johnson,No,TE,TE,21,0,0,30,0,0,0,0,0,0,0,0,26,288,3,3,0,0,,CA
2003Dewayne White,WhitDe20,2003,2,64,TAM,Dewayne White,No,DE,DE,23,0,0,96,0,0,0,0,0,0,0,0,0,0,0,156,0,0,,FL
2003Kelley Washington,WashKe00,2003,3,65,CIN,Kelley Washington,No,WR,WR,24,0,0,91,0,0,0,0,0,3,5,0,120,1500,12,22,0,0,,OH
2003Cory Redding,ReddCo20,2003,3,66,DET,Cory Redding,No,DE,DE,22,0,0,188,0,0,0,0,0,0,0,0,0,0,0,313,0,0,,MI
2003Antwan Peek,PeekAn20,2003,3,67,HOU,Antwan Peek,No,LB,LB,23,0,0,65,0,0,0,0,0,0,0,0,0,0,0,85,0,0,,TX
2003Lance Briggs,BrigLa99,2003,3,68,CHI,Lance Briggs,No,LB,LB,22,1,7,173,0,0,0,0,0,0,0,0,0,0,0,936,0,0,,IL
2003Jason Witten,WittJa00,2003,3,69,DAL,Jason Witten,No,TE,TE,21,2,10,218,1,1,42,0,0,0,0,0,1072,11768,62,33,0,0,,TX
2003Gerald Hayes,HayeGe20,2003,3,70,ARI,Gerald Hayes,No,LB,LB,22,0,0,94,0,0,0,0,0,0,0,0,0,0,0,346,0,0,,AZ
2003Nate Burleson,BurlNa00,2003,3,71,MIN,Nate Burleson,No,WR,WR,22,0,0,135,0,0,0,0,0,40,257,0,457,5630,39,22,0,0,,MN
2003Vince Manuwai,ManuVi20,2003,3,72,JAX,Vince Manuwai,No,G,G,23,0,0,111,0,0,0,0,0,0,0,0,1,-1,0,1,0,0,,FL
2003Wayne Hunter,HuntWa20,2003,3,73,SEA,Wayne Hunter,No,T,T,22,0,0,77,0,0,0,0,0,0,0,0,0,0,0,0,0,0,,WA
2003Kevin Curtis,CurtKe00,2003,3,74,STL,Kevin Curtis,No,WR,WR,25,0,0,81,0,0,0,0,0,9,39,1,253,3297,20,9,0,0,,MO
2003Seth Wand,WandSe20,2003,3,75,HOU,Seth Wand,No,T,T,24,0,0,53,0,0,0,0,0,0,0,0,0,0,0,0,0,0,,TX
2003Mike Seidman,SeidMi00,2003,3,76,CAR,Mike Seidman,No,TE,TE,22,0,0,43,0,0,0,0,0,0,0,0,18,158,2,1,0,0,,NC
2003Musa Smith,SmitMu00,2003,3,77,BAL,Musa Smith,No,RB,RB,21,0,0,49,0,0,0,0,0,132,496,4,54,363,0,24,0,0,,MD
2003Wade Smith,SmitWa21,2003,3,78,MIA,Wade Smith,No,T,T,22,0,1,143,0,0,0,0,0,0,0,0,0,0,0,9,0,0,,FL
2003Kenny Peterson,PeteKe21,2003,3,79,GNB,Kenny Peterson,No,DT,DT,24,0,0,76,0,0,0,0,0,0,0,0,0,0,0,81,0,0,,WI
2003Courtney Van Buren,VanBCo20,2003,3,80,SDG,Courtney Van Buren,No,T,T,23,0,0,9,0,0,0,0,0,0,0,0,0,0,0,0,0,0,,CA
2003Derrick Dockery,DockDe20,2003,3,81,WAS,Derrick Dockery,No,G,G,23,0,0,141,0,0,0,0,0,0,0,0,0,0,0,2,0,0,,DC
2003Ricky Manning,MannRi20,2003,3,82,CAR,Ricky Manning,No,DB,DB,22,0,0,84,0,0,0,0,0,0,0,0,0,0,0,218,0,0,,NC
2003Sam Williams,WillSa22,2003,3,83,OAK,Sam Williams,No,DE,DE,23,0,0,84,0,0,0,0,0,0,0,0,0,0,0,104,0,0,,CA
2003Chris Crocker,CrocCh20,2003,3,84,CLE,Chris Crocker,No,DB,DB,23,0,0,151,0,0,0,0,0,1,21,0,0,0,0,426,0,0,,OH
2003B.J. Askew,AskeB.00,2003,3,85,NYJ,B.J. Askew,No,FB,FB,23,0,0,83,0,0,0,0,0,35,116,2,45,317,0,33,0,0,,NY
2003Cie Grant,GranCi20,2003,3,86,NOR,Cie Grant,No,LB,LB,23,0,0,7,0,0,0,0,0,0,0,0,0,0,0,3,0,0,,LA
2003Taylor Whitley,WhitTa21,2003,3,87,MIA,Taylor Whitley,No,G,G,23,0,0,18,0,0,0,0,0,0,0,0,0,0,0,0,0,0,,FL
2003Dave Ragone,RagoDa00,2003,3,88,HOU,Dave Ragone,No,QB,QB,23,0,0,2,20,40,135,0,1,6,51,0,1,-5,0,0,0,0,,TX
2003Andrew Williams,WillAn20,2003,3,89,SFO,Andrew Williams,No,DE,DE,24,0,0,9,0,0,0,0,0,0,0,0,0,0,0,10,0,0,,CA
2003Donald Strickland,StriDo20,2003,3,90,IND,Donald Strickland,No,DB,DB,22,0,0,89,0,0,0,0,0,0,0,0,0,0,0,193,0,0,,IN
2003Visanthe Shiancoe,ShiaVi00,2003,3,91,NYG,Visanthe Shiancoe,No,TE,TE,23,0,0,149,0,0,0,0,0,0,0,0,245,2679,27,9,0,0,,NY
2003Julian Battle,BattJu20,2003,3,92,KAN,Julian Battle,No,DB,DB,22,0,0,26,0,0,0,0,0,0,0,0,0,0,0,24,0,0,,MO
2003Chris Brown,BrowCh03,2003,3,93,TEN,Chris Brown,No,RB,RB,22,0,0,68,0,1,0,0,1,722,3024,19,90,741,2,8,0,0,,TN
2003Angelo Crowell,CrowAn20,2003,3,94,BUF,Angelo Crowell,No,LB,LB,22,0,0,65,0,0,0,0,0,0,0,0,0,0,0,232,0,0,,NY
2003Billy McMullen,McMuBi00,2003,3,95,PHI,Billy McMullen,No,WR,WR,23,0,0,49,0,0,0,0,0,0,0,0,52,725,3,5,0,0,,PA
2003Justin Fargas,FargJu00,2003,3,96,OAK,Justin Fargas,No,FB,FB,23,0,0,92,0,0,0,0,0,827,3369,10,77,523,0,26,0,0,,CA
2003Chris Simms,SimmCh00,2003,3,97,TAM,Chris Simms,No,QB,QB,23,0,0,23,297,511,3117,12,18,33,48,1,1,-3,0,2,0,0,,FL
2003Dennis Weathersby,WeatDe20,2003,4,98,CIN,Dennis Weathersby,No,DB,DB,23,0,0,4,0,0,0,0,0,0,0,0,0,0,0,0,0,0,,OH
2003Artose Pinner,PinnAr00,2003,4,99,DET,Artose Pinner,No,RB,RB,25,0,0,47,0,0,0,0,0,250,858,8,39,308,0,11,0,0,,MI
2003Todd Johnson,JohnTo20,2003,4,100,CHI,Todd Johnson,No,DB,DB,24,0,0,80,0,0,0,0,0,0,0,0,0,0,0,164,0,0,,IL
2003Domanick Williams,DaviDo01,2003,4,101,HOU,Domanick Williams,No,RB,RB,22,0,0,40,0,1,0,0,0,770,3195,23,154,1276,5,3,0,0,,TX
2003Montrae Holland,HollMo20,2003,4,102,NOR,Montrae Holland,No,G,G,23,0,0,99,0,0,0,0,0,0,0,0,0,0,0,0,0,0,,LA
2003Bradie James,JameBr20,2003,4,103,DAL,Bradie James,No,LB,LB,22,0,0,157,0,0,0,0,0,0,0,0,0,0,0,561,0,0,,TX
2003George Wrighster,WrigGe00,2003,4,104,JAX,George Wrighster,No,TE,TE,22,0,0,67,0,0,0,0,0,0,0,0,94,850,9,7,0,0,,FL
2003Onterrio Smith,SmitOn00,2003,4,105,MIN,Onterrio Smith,No,RB,RB,22,0,0,26,0,0,0,0,0,231,1123,7,51,523,2,1,0,0,,MN
2003Shaun McDonald,McDoSh00,2003,4,106,STL,Shaun McDonald,No,WR,WR,22,0,0,88,0,0,0,0,0,11,16,0,220,2490,11,7,0,0,,MO
2003DeJuan Groce,GrocDe20,2003,4,107,STL,DeJuan Groce,No,DB,DB,23,0,0,54,0,0,0,0,0,0,0,0,0,0,0,106,0,0,,MO
2003Quentin Griffin,GrifQu00,2003,4,108,DEN,Quentin Griffin,No,RB,RB,22,0,0,16,0,0,0,0,0,179,656,2,18,129,1,1,0,0,,CO
2003Jarret Johnson,JohnJa23,2003,4,109,BAL,Jarret Johnson,No,DE,DE,22,0,0,184,0,0,0,0,0,0,0,0,0,0,0,349,0,0,,MD
2003Seneca Wallace,WallSe00,2003,4,110,SEA,Seneca Wallace,No,QB,QB,23,0,0,64,468,788,4947,31,19,68,293,1,6,106,0,2,0,0,,WA
2003Terrence McGee,McGeTe99,2003,4,111,BUF,Terrence McGee,No,DB,DB,22,0,1,122,0,0,0,0,0,0,0,0,0,0,0,439,0,0,,NY
2003Matt Wilhelm,WilhMa20,2003,4,112,SDG,Matt Wilhelm,No,LB,LB,22,0,0,89,0,0,0,0,0,0,0,0,0,0,0,187,0,0,,CA
2003Brett Williams,WillBr21,2003,4,113,KAN,Brett Williams,No,T,T,23,0,0,5,0,0,0,0,0,0,0,0,0,0,0,0,0,0,,MO
2003Nick Eason,EasoNi20,2003,4,114,DEN,Nick Eason,No,DT,DT,23,0,0,117,0,0,0,0,0,0,0,0,0,0,0,83,0,0,,CO
2003Lee Suggs,SuggLe00,2003,4,115,CLE,Lee Suggs,No,RB,RB,23,0,0,29,0,0,0,0,0,269,1074,4,28,217,1,7,0,0,,OH
2003Ian Scott,ScotIa20,2003,4,116,CHI,Ian Scott,No,DT,DT,21,0,0,65,0,0,0,0,0,0,0,0,0,0,0,82,0,0,,IL
2003Dan Klecko,KlecDa20,2003,4,117,NWE,Dan Klecko,No,DT,DT,22,0,0,63,0,0,0,0,0,2,5,0,10,56,1,30,0,0,,MA
2003Jeremi Johnson,JohnJe00,2003,4,118,CIN,Jeremi Johnson,No,FB,FB,23,0,0,96,0,0,0,0,0,52,149,2,61,310,6,4,0,0,,OH
2003Colin Branch,BranCo20,2003,4,119,CAR,Colin Branch,No,DB,DB,23,0,0,48,0,0,0,0,0,0,0,0,0,0,0,67,0,0,,NC
2003Asante Samuel,SamuAs20,2003,4,120,NWE,Asante Samuel,No,DB,DB,22,1,4,157,0,0,0,0,0,0,0,0,0,0,0,393,0,0,,MA
2003Justin Griffith,GrifJu00,2003,4,121,ATL,Justin Griffith,No,FB,FB,23,0,0,96,0,0,0,0,0,94,413,1,141,989,12,5,0,0,,GA
2003Steve Sciullo,SciuSt20,2003,4,122,IND,Steve Sciullo,No,G,G,23,0,0,28,0,0,0,0,0,0,0,0,0,0,0,0,0,0,,IN
2003Roderick Babers,BabeRo20,2003,4,123,NYG,Roderick Babers,No,DB,DB,22,0,0,7,0,0,0,0,0,0,0,0,0,0,0,8,0,0,,NY
2003Brandon Lloyd,LloyBr00,2003,4,124,SFO,Brandon Lloyd,No,WR,WR,22,0,1,142,0,1,0,0,0,1,-18,0,399,5989,36,12,0,0,,CA
2003Ike Taylor,TaylIk20,2003,4,125,PIT,Ike Taylor,No,DB,DB,23,0,0,174,0,0,0,0,0,0,0,0,0,0,0,517,0,0,,PA
2003Rien Long,LongRi20,2003,4,126,TEN,Rien Long,No,DT,DT,22,0,0,39,0,0,0,0,0,0,0,0,0,0,0,46,0,0,,TN
2003Sam Aiken,AikeSa00,2003,4,127,BUF,Sam Aiken,No,WR,WR,22,0,0,95,0,0,0,0,0,0,0,0,48,684,2,37,0,0,,NY
2003Bryant McNeal,0,2003,4,128,DEN,Bryant McNeal,No,DE,DE,0,0,0,0,0,0,0,0,0,0,0,0,0,0,0,0,0,0,,CO
2003Shurron Pierson,PierSh20,2003,4,129,OAK,Shurron Pierson,No,DE,DE,21,0,0,12,0,0,0,0,0,0,0,0,0,0,0,7,0,0,,CA
2003Lance Nimmo,0,2003,4,130,TAM,Lance Nimmo,No,T,T,0,0,0,0,0,0,0,0,0,0,0,0,0,0,0,0,0,0,,FL
2003Jamaal Green,GreeJa20,2003,4,131,PHI,Jamaal Green,No,DE,DE,23,0,0,9,0,0,0,0,0,0,0,0,0,0,0,2,0,0,,PA
2003LaBrandon Toefield,ToefLa00,2003,4,132,JAX,LaBrandon Toefield,No,RB,RB,23,0,0,45,1,2,32,0,0,163,572,7,46,277,2,6,0,0,,FL
2003Austin King,KingAu20,2003,4,133,TAM,Austin King,No,C,C,22,0,0,34,0,0,0,0,0,0,0,0,0,0,0,0,0,0,,FL
2003Ovie Mughelli,MughOv00,2003,4,134,BAL,Ovie Mughelli,No,FB,FB,23,0,1,107,0,0,0,0,0,42,120,1,62,490,6,47,0,0,,MD
2003Solomon Bates,BateSo20,2003,4,135,SEA,Solomon Bates,No,LB,LB,21,0,0,17,0,0,0,0,0,0,0,0,0,0,0,25,0,0,,WA
2003Khalid Abdullah,AbduKh20,2003,5,136,CIN,Khalid Abdullah,No,LB,LB,24,0,0,16,0,0,0,0,0,0,0,0,0,0,0,8,0,0,,OH
2003Terrence Holt,HoltTe20,2003,5,137,DET,Terrence Holt,No,DB,DB,23,0,0,71,0,0,0,0,0,0,0,0,0,0,0,187,0,0,,MI
2003Robert Mathis,MathRo20,2003,5,138,IND,Robert Mathis,No,DE,DE,22,1,5,189,0,0,0,0,0,0,0,0,0,0,0,393,0,0,,IN
2003Bobby Wade,WadeBo00,2003,5,139,CHI,Bobby Wade,No,WR,WR,22,0,0,102,0,0,0,0,0,22,93,0,244,2858,9,8,0,0,,IL
2003Derek Pagel,PageDe20,2003,5,140,NYJ,Derek Pagel,No,DB,DB,23,0,0,19,0,0,0,0,0,0,0,0,0,0,0,13,0,0,,NY
2003Kenny King,KingKe20,2003,5,141,ARI,Kenny King,No,DE,DE,22,0,0,11,0,0,0,0,0,0,0,0,0,0,0,13,0,0,,AZ
2003Ryan Pontbriand,PontRy20,2003,5,142,CLE,Ryan Pontbriand,No,C,C,23,0,2,134,0,0,0,0,0,0,0,0,0,0,0,0,0,0,,OH
2003Justin Gage,GageJu00,2003,5,143,CHI,Justin Gage,No,WR,WR,22,0,0,100,0,0,0,0,0,0,0,0,201,2958,16,16,0,0,,IL
2003James Davis,DaviJa24,2003,5,144,DET,James Davis,No,LB,LB,24,0,0,40,0,0,0,0,0,0,0,0,0,0,0,101,0,0,,MI
2003Kindal Moorehead,MoorKi20,2003,5,145,CAR,Kindal Moorehead,No,DT,DT,24,0,0,89,0,0,0,0,0,0,0,0,0,0,0,92,0,0,,NC
2003Aubrayo Franklin,FranAu20,2003,5,146,BAL,Aubrayo Franklin,No,DT,DT,23,0,0,142,0,0,0,0,0,0,0,0,0,0,0,194,0,0,,MD
2003James Lee,LeexJa21,2003,5,147,GNB,James Lee,No,DT,DT,23,0,0,9,0,0,0,0,0,0,0,0,0,0,0,7,0,0,,WI
2003Dan Curley,CurlDa20,2003,5,148,STL,Dan Curley,No,FB,FB,25,0,0,1,0,0,0,0,0,0,0,0,0,0,0,0,0,0,,MO
2003Mike Scifres,ScifMi20,2003,5,149,SDG,Mike Scifres,No,P,P,22,0,0,195,1,3,28,0,1,1,-7,0,0,0,0,9,0,0,,CA
2003Matt Walters,WaltMa20,2003,5,150,NYJ,Matt Walters,No,DE,DE,24,0,0,11,0,0,0,0,0,0,0,0,0,0,0,5,0,0,,NY
2003Ben Sobieski,SobiBe20,2003,5,151,BUF,Ben Sobieski,No,T,T,24,0,0,1,0,0,0,0,0,0,0,0,0,0,0,0,0,0,,NY
2003Michael Lehan,LehaMi20,2003,5,152,CLE,Michael Lehan,No,DB,DB,23,0,0,70,0,0,0,0,0,0,0,0,0,0,0,115,0,0,,OH
2003Jordan Black,BlacJo20,2003,5,153,KAN,Jordan Black,No,T,T,23,0,0,94,0,0,0,0,0,0,0,0,0,0,0,2,0,0,,MO
2003Donnie Nickey,NickDo20,2003,5,154,TEN,Donnie Nickey,No,DB,DB,23,0,0,123,0,0,0,0,0,1,0,0,1,26,0,80,0,0,,TN
2003Melvin Williams,WillMe20,2003,5,155,NOR,Melvin Williams,No,DE,DE,24,0,0,17,0,0,0,0,0,0,0,0,0,0,0,9,0,0,,LA
2003Donald Lee,LeexDo00,2003,5,156,MIA,Donald Lee,No,TE,TE,23,0,0,133,0,0,0,0,0,0,0,0,209,1990,19,24,0,0,,FL
2003Ben Claxton,ClaxBe20,2003,5,157,DEN,Ben Claxton,No,G,G,23,0,0,3,0,0,0,0,0,0,0,0,0,0,0,0,0,0,,CO
2003Adrian Madise,MadiAd00,2003,5,158,DEN,Adrian Madise,No,WR,WR,23,0,0,11,0,0,0,0,0,1,10,0,2,10,0,1,0,0,,CO
2003Jon Olinger,0,2003,5,159,ATL,Jon Olinger,No,WR,WR,0,0,0,0,0,0,0,0,0,0,0,0,0,0,0,0,0,0,,GA
2003David Diehl,DiehDa21,2003,5,160,NYG,David Diehl,No,G,G,23,0,1,164,0,0,0,0,0,0,0,0,0,0,0,5,0,0,,NY
2003Aaron Walker,WalkAa00,2003,5,161,SFO,Aaron Walker,No,TE,TE,23,0,0,55,0,0,0,0,0,0,0,0,25,312,1,9,0,0,,CA
2003Keyon Whiteside,WhitKe20,2003,5,162,IND,Keyon Whiteside,No,LB,LB,23,0,0,12,0,0,0,0,0,0,0,0,0,0,0,3,0,0,,IN
2003Brian St. Pierre,St.PBr20,2003,5,163,PIT,Brian St. Pierre,No,QB,QB,23,0,0,3,15,33,185,2,3,5,-1,0,0,0,0,0,0,0,,PA
2003Dan Koppen,KoppDa20,2003,5,164,NWE,Dan Koppen,No,C,C,24,0,1,136,0,0,0,0,0,0,0,0,0,0,0,2,0,0,,MA
2003Chris Davis,DaviCh24,2003,5,165,SEA,Chris Davis,No,FB,FB,23,0,0,1,0,0,0,0,0,0,0,0,0,0,0,0,0,0,,WA
2003Hunter Hillenmeyer,HillHu20,2003,5,166,GNB,Hunter Hillenmeyer,No,LB,LB,22,0,0,101,0,0,0,0,0,0,0,0,0,0,0,288,0,0,,WI
2003Doug Gabriel,GabrDo00,2003,5,167,OAK,Doug Gabriel,No,WR,WR,23,0,0,57,0,0,0,0,0,3,12,0,101,1550,8,12,0,0,,CA
2003Sean Mahan,MahaSe20,2003,5,168,TAM,Sean Mahan,No,G,G,23,0,0,94,0,0,0,0,0,0,0,0,0,0,0,0,0,0,,FL
2003J.R. Tolver,0,2003,5,169,MIA,J.R. Tolver,No,WR,WR,0,0,0,0,0,0,0,0,0,0,0,0,0,0,0,0,0,0,,FL
2003Shane Walton,WaltSh20,2003,5,170,STL,Shane Walton,No,DB,DB,23,0,0,4,0,0,0,0,0,0,0,0,0,0,0,2,0,0,,MO
2003Tron LaFavor,LaFaTr20,2003,5,171,CHI,Tron LaFavor,No,DT,DT,23,0,0,4,0,0,0,0,0,0,0,0,0,0,0,1,0,0,,IL
2003Kevin Garrett,GarrKe20,2003,5,172,STL,Kevin Garrett,No,DB,DB,23,0,0,24,0,0,0,0,0,0,0,0,0,0,0,16,0,0,,MO
2003Tony Pashos,PashTo20,2003,5,173,BAL,Tony Pashos,No,T,T,23,0,0,104,0,0,0,0,0,0,0,0,0,0,0,5,0,0,,MD
2003Langston Moore,MoorLa20,2003,6,174,CIN,Langston Moore,No,DT,DT,22,0,0,51,0,0,0,0,0,0,0,0,0,0,0,62,0,0,,OH
2003David Kircus,KircDa00,2003,6,175,DET,David Kircus,No,WR,WR,23,0,0,28,0,0,0,0,0,0,0,0,15,308,1,1,0,0,,MI
2003Brandon Green,GreeBr20,2003,6,176,JAX,Brandon Green,No,DE,DE,23,0,0,32,0,0,0,0,0,0,0,0,0,0,0,35,0,0,,FL
2003Reggie Wells,WellRe20,2003,6,177,ARI,Reggie Wells,No,G,G,22,0,0,120,0,0,0,0,0,0,0,0,0,0,0,3,0,0,,AZ
2003B.J. Tucker,TuckB.20,2003,6,178,DAL,B.J. Tucker,No,DB,DB,22,0,0,10,0,0,0,0,0,0,0,0,0,0,0,15,0,0,,TX
2003David Young,YounDa20,2003,6,179,JAX,David Young,No,DB,DB,24,0,0,5,0,0,0,0,0,0,0,0,0,0,0,5,0,0,,FL
2003Eddie Johnson,JohnEd22,2003,6,180,MIN,Eddie Johnson,No,P,P,22,0,0,14,0,0,0,0,0,2,15,0,0,0,0,1,0,0,,MN
2003Corey Jenkins,JenkCo20,2003,6,181,MIA,Corey Jenkins,No,LB,LB,27,0,0,23,0,0,0,0,0,0,0,0,0,0,0,7,0,0,,FL
2003Gerome Sapp,SappGe20,2003,6,182,BAL,Gerome Sapp,No,DB,DB,22,0,0,67,0,0,0,0,0,0,0,0,0,0,0,93,0,0,,MD
2003Rashad Moore,MoorRa21,2003,6,183,SEA,Rashad Moore,No,DT,DT,24,0,0,44,0,0,0,0,0,0,0,0,0,0,0,60,0,0,,WA
2003Scott Tercero,TercSc20,2003,6,184,STL,Scott Tercero,No,G,G,21,0,0,8,0,0,0,0,0,0,0,0,0,0,0,0,0,0,,MO
2003Jeremy Bridges,BridJe20,2003,6,185,PHI,Jeremy Bridges,No,G,G,23,0,0,112,0,0,0,0,0,0,0,0,0,0,0,1,0,0,,PA
2003Zuriel Smith,SmitZu00,2003,6,186,DAL,Zuriel Smith,No,WR,WR,23,0,0,9,0,0,0,0,0,0,0,0,3,46,0,0,0,0,,TX
2003Lauvale Sape,SapeLa20,2003,6,187,BUF,Lauvale Sape,No,DT,DT,23,0,0,10,0,0,0,0,0,0,0,0,0,0,0,7,0,0,,NY
2003Hanik Milligan,MillHa99,2003,6,188,SDG,Hanik Milligan,No,DB,DB,23,0,1,53,0,0,0,0,0,0,0,0,0,0,0,45,0,0,,CA
2003Jimmy Wilkerson,WilkJi20,2003,6,189,KAN,Jimmy Wilkerson,No,DE,DE,22,0,0,119,0,0,0,0,0,0,0,0,0,0,0,142,0,0,,MO
2003Mike Nattiel,NattMi20,2003,6,190,MIN,Mike Nattiel,No,LB,LB,22,0,0,32,0,0,0,0,0,0,0,0,0,0,0,26,0,0,,MN
2003Joe Odom,OdomJo20,2003,6,191,CHI,Joe Odom,No,LB,LB,23,0,0,28,0,0,0,0,0,0,0,0,0,0,0,36,0,0,,IL
2003Drew Henson,HensDr00,2003,6,192,HOU,Drew Henson,No,QB,QB,23,0,0,9,11,20,98,1,1,1,7,0,0,0,0,0,0,0,,TX
2003Marques Ogden,0,2003,6,193,JAX,Marques Ogden,No,T,T,0,0,0,0,0,0,0,0,0,0,0,0,0,0,0,0,0,0,,FL
2003Aaron Hunt,0,2003,6,194,DEN,Aaron Hunt,No,DE,DE,0,0,0,0,0,0,0,0,0,0,0,0,0,0,0,0,0,0,,CO
2003Antonio Garay,GaraAn20,2003,6,195,CLE,Antonio Garay,No,DE,DE,23,0,0,56,0,0,0,0,0,0,0,0,0,0,0,94,0,0,,OH
2003LaTarence Dunbar,DunbLa20,2003,6,196,ATL,LaTarence Dunbar,No,WR,WR,23,0,0,5,0,0,0,0,0,0,0,0,0,0,0,4,0,0,,GA
2003Arnaz Battle,BattAr00,2003,6,197,SFO,Arnaz Battle,No,WR,WR,23,0,0,113,2,3,27,0,0,22,77,1,178,2150,11,40,0,0,,CA
2003Cato June,JuneCa99,2003,6,198,IND,Cato June,No,LB,LB,23,0,1,89,0,0,0,0,0,0,0,0,0,0,0,351,0,0,,IN
2003Willie Ponder,PondWi00,2003,6,199,NYG,Willie Ponder,No,WR,WR,23,0,0,38,0,0,0,0,0,2,0,0,8,38,0,5,0,0,,NY
2003Brooks Bollinger,BollBr00,2003,6,200,NYJ,Brooks Bollinger,No,QB,QB,23,0,0,21,211,360,2226,9,9,41,155,0,0,0,0,2,0,0,,NY
2003Kliff Kingsbury,KingKl00,2003,6,201,NWE,Kliff Kingsbury,No,QB,QB,24,0,0,1,1,2,17,0,0,0,0,0,0,0,0,0,0,0,,MA
2003Waine Bacon,BacoWa20,2003,6,202,ATL,Waine Bacon,No,DB,DB,24,0,0,11,0,0,0,0,0,0,0,0,0,0,0,12,0,0,,GA
2003Kareem Kelly,0,2003,6,203,NOR,Kareem Kelly,No,WR,WR,0,0,0,0,0,0,0,0,0,0,0,0,0,0,0,0,0,0,,LA
2003Dustin Rykert,0,2003,6,204,OAK,Dustin Rykert,No,T,T,0,0,0,0,0,0,0,0,0,0,0,0,0,0,0,0,0,0,,CA
2003Torrie Cox,CoxxTo21,2003,6,205,TAM,Torrie Cox,No,DB,DB,22,0,0,56,0,0,0,0,0,0,0,0,0,0,0,71,0,0,,FL
2003Brock Forsey,ForsBr00,2003,6,206,CHI,Brock Forsey,No,RB,RB,23,0,0,16,0,0,0,0,0,69,244,2,3,37,0,1,0,0,,IL
2003Frank Walker,WalkFr20,2003,6,207,NYG,Frank Walker,No,DB,DB,22,0,0,107,0,0,0,0,0,0,0,0,0,0,0,147,0,0,,NY
2003Makoa Freitas,FreiMa20,2003,6,208,IND,Makoa Freitas,No,T,T,23,0,0,28,0,0,0,0,0,0,0,0,0,0,0,0,0,0,,IN
2003Tim Provost,0,2003,6,209,MIA,Tim Provost,No,T,T,0,0,0,0,0,0,0,0,0,0,0,0,0,0,0,0,0,0,,FL
2003Tony Gilbert,GilbTo20,2003,6,210,ARI,Tony Gilbert,No,LB,LB,23,0,0,68,0,0,0,0,0,0,0,0,0,0,0,39,0,0,,AZ
2003David Tyree,TyreDa00,2003,6,211,NYG,David Tyree,No,WR,WR,23,0,1,83,0,0,0,0,0,1,-9,0,54,650,4,67,0,0,,NY
2003Brennan Curtin,0,2003,6,212,GNB,Brennan Curtin,No,T,T,0,0,0,0,0,0,0,0,0,0,0,0,0,0,0,0,0,0,,WI
2003Yeremiah Bell,BellYe20,2003,6,213,MIA,Yeremiah Bell,No,DB,DB,25,0,1,142,0,0,0,0,0,0,0,0,0,0,0,566,0,0,,FL
2003Keith Wright,0,2003,6,214,HOU,Keith Wright,No,DT,DT,0,0,0,0,0,0,0,0,0,0,0,0,0,0,0,0,0,0,,TX
2003Scott Kooistra,KooiSc20,2003,7,215,CIN,Scott Kooistra,No,T,T,22,0,0,84,0,0,0,0,0,0,0,0,0,0,0,0,0,0,,OH
2003Ben Johnson,0,2003,7,216,DET,Ben Johnson,No,T,T,0,0,0,0,0,0,0,0,0,0,0,0,0,0,0,0,0,0,,MI
2003Curry Burns,BurnCu20,2003,7,217,HOU,Curry Burns,No,DB,DB,22,0,0,11,0,0,0,0,0,0,0,0,0,0,0,20,0,0,,TX
2003Malaefou MacKenzie,MacKMa20,2003,7,218,JAX,Malaefou MacKenzie,No,FB,FB,24,0,0,1,0,0,0,0,0,0,0,0,0,0,0,0,0,0,,FL
2003Justin Bates,0,2003,7,219,DAL,Justin Bates,No,G,G,0,0,0,0,0,0,0,0,0,0,0,0,0,0,0,0,0,0,,TX
2003Blue Adams,AdamBl20,2003,7,220,DET,Blue Adams,No,DB,DB,23,0,0,50,0,0,0,0,0,0,0,0,0,0,0,44,0,0,,MI
2003Keenan Howry,HowrKe00,2003,7,221,MIN,Keenan Howry,No,WR,WR,22,0,0,23,0,0,0,0,0,0,0,0,3,18,0,0,0,0,,MN
2003Josh Brown,brownjos01,2003,7,222,SEA,Josh Brown,No,K,K,24,0,1,201,1,1,36,1,0,0,0,0,0,0,0,20,0,0,,WA
2003Trent Smith,SmitTr01,2003,7,223,BAL,Trent Smith,No,TE,TE,24,0,0,5,0,0,0,0,0,0,0,0,3,7,0,1,0,0,,MD
2003Taco Wallace,WallTa00,2003,7,224,SEA,Taco Wallace,No,WR,WR,22,0,0,4,0,0,0,0,0,0,0,0,0,0,0,0,0,0,,WA
2003Todd Williams,WillTo21,2003,7,225,TEN,Todd Williams,No,G,G,25,0,0,7,0,0,0,0,0,0,0,0,0,0,0,0,0,0,,TN
2003Walter Young,YounWa00,2003,7,226,CAR,Walter Young,No,WR,WR,23,0,0,9,0,0,0,0,0,0,0,0,1,17,0,2,0,0,,NC
2003Clint Mitchell,0,2003,7,227,DEN,Clint Mitchell,No,DE,DE,0,0,0,0,0,0,0,0,0,0,0,0,0,0,0,0,0,0,,CO
2003Mario Haggan,HaggMa20,2003,7,228,BUF,Mario Haggan,No,LB,LB,23,0,0,132,0,0,0,0,0,0,0,0,0,0,0,224,0,0,,NY
2003Andrew Pinnock,PinnAn00,2003,7,229,SDG,Andrew Pinnock,No,FB,FB,23,0,0,42,0,0,0,0,0,18,56,0,4,31,0,10,0,0,,CA
2003Montique Sharpe,SharMo20,2003,7,230,KAN,Montique Sharpe,No,DT,DT,23,0,0,5,0,0,0,0,0,0,0,0,0,0,0,4,0,0,,MO
2003Talman Gardner,GardTa00,2003,7,231,NOR,Talman Gardner,No,WR,WR,23,0,0,21,0,0,0,0,0,0,0,0,4,52,0,9,0,0,,LA
2003Gibran Hamdan,HamdGi00,2003,7,232,WAS,Gibran Hamdan,No,QB,QB,22,0,0,1,1,2,7,0,0,0,0,0,0,0,0,0,0,0,,DC
2003Chance Pearce,0,2003,7,233,HOU,Chance Pearce,No,C,C,0,0,0,0,0,0,0,0,0,0,0,0,0,0,0,0,0,0,,TX
2003Spencer Nead,NeadSp00,2003,7,234,NWE,Spencer Nead,No,FB,FB,25,0,0,10,0,0,0,0,0,0,0,0,1,6,0,7,0,0,,MA
2003Ahmaad Galloway,0,2003,7,235,DEN,Ahmaad Galloway,No,RB,RB,0,0,0,0,0,0,0,0,0,0,0,0,0,0,0,0,0,0,,CO
2003Brandon Drumm,0,2003,7,236,DET,Brandon Drumm,No,RB,RB,0,0,0,0,0,0,0,0,0,0,0,0,0,0,0,0,0,0,,MI
2003Dave Yovanovits,YovaDa20,2003,7,237,NYJ,Dave Yovanovits,No,G,G,22,0,0,6,0,0,0,0,0,0,0,0,0,0,0,0,0,0,,NY
2003Demetrin Veal,VealDe20,2003,7,238,ATL,Demetrin Veal,No,DE,DE,22,0,0,37,0,0,0,0,0,0,0,0,0,0,0,43,0,0,,GA
2003Tully Banta-Cain,BantTu20,2003,7,239,NWE,Tully Banta-Cain,No,LB,LB,23,0,0,113,0,0,0,0,0,0,0,0,0,0,0,177,0,0,,MA
2003Charles Drake,0,2003,7,240,NYG,Charles Drake,No,DB,DB,0,0,0,0,0,0,0,0,0,0,0,0,0,0,0,0,0,0,,NY
2003Ken Dorsey,DorsKe00,2003,7,241,SFO,Ken Dorsey,No,QB,QB,22,0,0,17,214,408,2082,8,18,11,18,0,0,0,0,1,0,0,,CA
2003J.T. Wall,0,2003,7,242,PIT,J.T. Wall,No,RB,RB,0,0,0,0,0,0,0,0,0,0,0,0,0,0,0,0,0,0,,PA
2003Ethan Kelley,KellEt20,2003,7,243,NWE,Ethan Kelley,No,DT,DT,23,0,0,36,0,0,0,0,0,0,0,0,0,0,0,44,0,0,,MA
2003Norman LeJeune,LeJeNo20,2003,7,244,PHI,Norman LeJeune,No,DB,DB,23,0,0,7,0,0,0,0,0,0,0,0,0,0,0,2,0,0,,PA
2003Chris Johnson,JohnCh26,2003,7,245,GNB,Chris Johnson,No,DB,DB,24,0,0,77,0,0,0,0,0,0,0,0,0,0,0,160,0,0,,WI
2003Siddeeq Shabazz,ShabSi20,2003,7,246,OAK,Siddeeq Shabazz,No,DB,DB,22,0,0,28,0,0,0,0,0,0,0,0,0,0,0,14,0,0,,CA
2003Casey Moore,0,2003,7,247,CAR,Casey Moore,No,RB,RB,0,0,0,0,0,0,0,0,0,0,0,0,0,0,0,0,0,0,,NC
2003Davern Williams,WillDa22,2003,7,248,MIA,Davern Williams,No,DT,DT,23,0,0,3,0,0,0,0,0,0,0,0,0,0,0,3,0,0,,FL
2003Wayne Lucier,LuciWa20,2003,7,249,NYG,Wayne Lucier,No,G,G,23,0,0,27,0,0,0,0,0,0,0,0,0,0,0,0,0,0,,NY
2003Mike Mabry,0,2003,7,250,BAL,Mike Mabry,No,C,C,0,0,0,0,0,0,0,0,0,0,0,0,0,0,0,0,0,0,,MD
2003Scott Shanle,ShanSc20,2003,7,251,STL,Scott Shanle,No,LB,LB,23,0,0,133,0,0,0,0,0,0,0,0,0,0,0,400,0,0,,MO
2003Willie Pile,PileWi20,2003,7,252,KAN,Willie Pile,No,DB,DB,23,0,0,32,0,0,0,0,0,0,0,0,0,0,0,46,0,0,,MO
2003DeAndrew Rubin,0,2003,7,253,GNB,DeAndrew Rubin,No,WR,WR,0,0,0,0,0,0,0,0,0,0,0,0,0,0,0,0,0,0,,WI
2003Richard Angulo,AnguRi00,2003,7,254,STL,Richard Angulo,No,TE,TE,23,0,0,27,0,0,0,0,0,0,0,0,17,155,1,0,0,0,,MO
2003Kevin Walter,WaltKe00,2003,7,255,NYG,Kevin Walter,No,WR,WR,22,0,0,152,0,0,0,0,0,13,82,0,356,4379,25,48,0,0,,NY
2003Carl Ford,FordCa00,2003,7,256,GNB,Carl Ford,No,WR,WR,22,0,0,10,0,0,0,0,0,0,0,0,0,0,0,3,0,0,,WI
2003Steve Josue,JosuSt20,2003,7,257,GNB,Steve Josue,No,LB,LB,23,0,0,4,0,0,0,0,0,0,0,0,0,0,0,6,0,0,,WI
2003Antwoine Sanders,0,2003,7,258,BAL,Antwoine Sanders,No,DB,DB,0,0,0,0,0,0,0,0,0,0,0,0,0,0,0,0,0,0,,MD
2003Elton Patterson,PattEl20,2003,7,259,CIN,Elton Patterson,No,DE,DE,22,0,0,8,0,0,0,0,0,0,0,0,0,0,0,4,0,0,,OH
2003Travis Anglin,0,2003,7,260,DET,Travis Anglin,No,WR,WR,0,0,0,0,0,0,0,0,0,0,0,0,0,0,0,0,0,0,,MI
2003Bryan Anderson,AndeBr22,2003,7,261,CHI,Bryan Anderson,No,G,G,23,0,0,4,0,0,0,0,0,0,0,0,0,0,0,0,0,0,,IL
2003Ryan Hoag,0,2003,7,262,OAK,Ryan Hoag,No,WR,WR,0,0,0,0,0,0,0,0,0,0,0,0,0,0,0,0,0,0,,CA
2002David Carr,CarrDa00,2002,1,1,HOU,David Carr,No,QB,QB,23,0,0,94,1353,2267,14452,65,71,305,1328,9,0,0,0,6,0,0,Fresno St.,TX
2002Julius Peppers,PeppJu99,2002,1,2,CAR,Julius Peppers,No,DE,DE,22,3,9,228,0,0,0,0,0,0,0,0,0,0,0,512,11,140.5,North Carolina,NC
2002Joey Harrington,HarrJo00,2002,1,3,DET,Joey Harrington,No,QB,QB,23,0,0,81,1424,2538,14693,79,85,142,402,0,3,8,0,4,0,0,Oregon,MI
2002Mike Williams,WillMi22,2002,1,4,BUF,Mike Williams,No,T,T,22,0,0,59,0,0,0,0,0,0,0,0,0,0,0,0,0,0,Texas,NY
2002Quentin Jammer,JammQu20,2002,1,5,SDG,Quentin Jammer,No,DB,DB,23,0,0,183,0,0,0,0,0,0,0,0,0,0,0,630,21,0,Texas,CA
2002Ryan Sims,SimsRy20,2002,1,6,KAN,Ryan Sims,No,DT,DT,22,0,0,105,0,0,0,0,0,0,0,0,0,0,0,112,1,8.5,North Carolina,MO
2002Bryant McKinnie,McKiBr21,2002,1,7,MIN,Bryant McKinnie,No,T,T,23,0,1,179,0,0,0,0,0,0,0,0,0,0,0,1,0,0,Miami (FL),MN
2002Roy Williams,WillRo03,2002,1,8,DAL,Roy Williams,No,DB,DB,22,1,5,114,0,0,0,0,0,0,0,0,0,0,0,471,20,7.5,Oklahoma,TX
2002John Henderson,HendJo99,2002,1,9,JAX,John Henderson,No,DT,DT,23,0,2,146,0,0,0,0,0,0,0,0,0,0,0,378,0,29,Tennessee,FL
2002Levi Jones,JoneLe23,2002,1,10,CIN,Levi Jones,No,T,T,23,0,0,103,0,0,0,0,0,0,0,0,0,0,0,2,0,0,Arizona St.,OH
2002Dwight Freeney,FreeDw00,2002,1,11,IND,Dwight Freeney,No,DE,DE,22,3,7,203,0,0,0,0,0,0,0,0,0,0,0,280,0,122.5,Syracuse,IN
2002Wendell Bryant,BryaWe20,2002,1,12,ARI,Wendell Bryant,No,DT,DT,22,0,0,29,0,0,0,0,0,0,0,0,0,0,0,28,0,1.5,Wisconsin,AZ
2002Donte' Stallworth,StalDo00,2002,1,13,NOR,Donte' Stallworth,No,WR,WR,21,0,0,115,0,0,0,0,0,20,98,0,321,4837,35,18,0,0,Tennessee,LA
2002Jeremy Shockey,ShocJe00,2002,1,14,NYG,Jeremy Shockey,No,TE,TE,22,1,4,136,0,0,0,0,0,1,6,0,547,6143,37,11,0,0,Miami (FL),NY
2002Albert Haynesworth,HaynAl20,2002,1,15,TEN,Albert Haynesworth,No,DT,DT,21,2,2,123,0,0,0,0,0,0,0,0,0,0,0,261,0,30.5,Tennessee,TN
2002William Green,GreeWi01,2002,1,16,CLE,William Green,No,RB,RB,22,0,0,46,0,0,0,0,0,568,2109,9,45,277,0,3,0,0,Boston Col.,OH
2002Phillip Buchanon,BuchPh20,2002,1,17,OAK,Phillip Buchanon,No,DB,DB,22,0,0,122,0,0,0,0,0,0,0,0,0,0,0,348,20,1,Miami (FL),CA
2002T.J. Duckett,DuckT.00,2002,1,18,ATL,T.J. Duckett,No,RB,RB,21,0,0,93,0,1,0,0,0,717,2814,44,35,303,0,3,0,0,Michigan St.,GA
2002Ashley Lelie,LeliAs00,2002,1,19,DEN,Ashley Lelie,No,WR,WR,22,0,0,107,0,0,0,0,0,20,172,0,217,3749,15,6,0,0,Hawaii,CO
2002Javon Walker,WalkJa00,2002,1,20,GNB,Javon Walker,No,WR,WR,23,0,1,83,0,0,0,0,0,14,132,1,267,4011,31,12,0,0,Florida St.,WI
2002Daniel Graham,GrahDa00,2002,1,21,NWE,Daniel Graham,No,TE,TE,23,0,0,148,0,0,0,0,0,0,0,0,224,2490,25,16,0,0,Colorado,MA
2002Bryan Thomas,ThomBr21,2002,1,22,NYJ,Bryan Thomas,No,DE,DE,23,0,0,157,0,0,0,0,0,0,0,0,0,0,0,318,0,33.5,Ala-Birmingham,NY
2002Napoleon Harris,HarrNa20,2002,1,23,OAK,Napoleon Harris,No,LB,LB,23,0,0,100,0,0,0,0,0,0,0,0,0,0,0,346,4,8.5,Northwestern,CA
2002Ed Reed,ReedEd00,2002,1,24,BAL,Ed Reed,No,DB,DB,24,5,9,174,0,0,0,0,0,0,0,0,0,0,0,531,64,6,Miami (FL),MD
2002Charles Grant,GranCh21,2002,1,25,NOR,Charles Grant,No,DE,DE,24,0,0,118,0,0,0,0,0,0,0,0,0,0,0,331,1,47,Georgia,LA
2002Lito Sheppard,ShepLi99,2002,1,26,PHI,Lito Sheppard,No,DB,DB,21,1,2,126,0,0,0,0,0,0,0,0,0,0,0,303,19,3,Florida,PA
2002Mike Rumph,RumpMi20,2002,1,27,SFO,Mike Rumph,No,DB,DB,22,0,0,43,0,0,0,0,0,0,0,0,0,0,0,122,3,2,Miami (FL),CA
2002Jerramy Stevens,StevJe00,2002,1,28,SEA,Jerramy Stevens,No,TE,TE,22,0,0,121,0,0,0,0,0,0,0,0,202,2217,22,14,0,0,Washington,WA
2002Marc Colombo,ColoMa20,2002,1,29,CHI,Marc Colombo,No,T,T,23,0,0,111,0,0,0,0,0,0,0,0,0,0,0,3,0,0,Boston Col.,IL
2002Kendall Simmons,SimmKe20,2002,1,30,PIT,Kendall Simmons,No,G,G,23,0,0,84,0,0,0,0,0,0,0,0,0,0,0,0,0,0,Auburn,PA
2002Robert Thomas,ThomRo20,2002,1,31,STL,Robert Thomas,No,LB,LB,22,0,0,84,0,0,0,0,0,0,0,0,0,0,0,245,1,2,UCLA,MO
2002Patrick Ramsey,RamsPa00,2002,1,32,WAS,Patrick Ramsey,No,QB,QB,23,0,0,37,511,913,5930,35,30,47,89,2,0,0,0,1,0,0,Tulane,DC
2002Jabar Gaffney,GaffJa00,2002,2,33,HOU,Jabar Gaffney,No,WR,WR,21,0,0,158,1,5,39,1,0,9,56,0,447,5690,24,13,0,0,Florida,TX
2002DeShaun Foster,FostDe00,2002,2,34,CAR,DeShaun Foster,No,RB,RB,22,0,0,79,0,1,0,0,0,927,3570,11,142,1129,5,7,0,0,UCLA,NC
2002Kalimba Edwards,EdwaKa20,2002,2,35,DET,Kalimba Edwards,No,DE,DE,22,0,0,101,0,0,0,0,0,0,0,0,0,0,0,165,0,31,South Carolina,MI
2002Josh Reed,ReedJo01,2002,2,36,BUF,Josh Reed,No,WR,WR,22,0,0,115,0,0,0,0,0,14,57,0,311,3575,10,15,0,0,LSU,NY
2002Andre Gurode,GuroAn20,2002,2,37,DAL,Andre Gurode,No,G,G,24,0,5,161,0,0,0,0,0,0,0,0,0,0,0,5,0,0,Colorado,TX
2002Raonall Smith,SmitRa20,2002,2,38,MIN,Raonall Smith,No,LB,LB,23,0,0,50,0,0,0,0,0,0,0,0,0,0,0,70,1,2.5,Washington St.,MN
2002Toniu Fonoti,FonoTo20,2002,2,39,SDG,Toniu Fonoti,No,G,G,20,0,0,40,0,0,0,0,0,0,0,0,0,0,0,0,0,0,Nebraska,CA
2002Mike Pearson,PearMi20,2002,2,40,JAX,Mike Pearson,No,T,T,22,0,0,40,0,0,0,0,0,0,0,0,0,0,0,0,0,0,Florida,FL
2002Lamont Thompson,ThomLa21,2002,2,41,CIN,Lamont Thompson,No,DB,DB,24,0,0,83,0,0,0,0,0,0,0,0,0,0,0,205,9,1,Washington St.,OH
2002Larry Tripplett,TripLa20,2002,2,42,IND,Larry Tripplett,No,DT,DT,23,0,0,92,0,0,0,0,0,0,0,0,0,0,0,132,1,8.5,Washington,IN
2002Eddie Freeman,FreeEd20,2002,2,43,KAN,Eddie Freeman,No,DE,DE,24,0,0,20,0,0,0,0,0,0,0,0,0,0,0,15,0,4,Ala-Birmingham,MO
2002LeCharles Bentley,BentLe00,2002,2,44,NOR,LeCharles Bentley,No,G,G,22,0,2,57,0,0,0,0,0,0,0,0,0,0,0,0,0,0,Ohio St.,LA
2002Tank Williams,WillTa20,2002,2,45,TEN,Tank Williams,No,DB,DB,22,0,0,70,0,0,0,0,0,0,0,0,0,0,0,211,5,3.5,Stanford,TN
2002Tim Carter,CartTi00,2002,2,46,NYG,Tim Carter,No,WR,WR,23,0,0,71,0,0,0,0,0,11,97,0,81,1090,4,2,0,0,Auburn,NY
2002Andre' Davis,DaviAn01,2002,2,47,CLE,Andre' Davis,No,WR,WR,23,0,0,104,0,0,0,0,0,9,32,0,156,2470,17,40,0,0,Virginia Tech,OH
2002Reche Caldwell,CaldRe00,2002,2,48,SDG,Reche Caldwell,No,WR,WR,23,0,0,71,1,1,20,0,0,14,108,0,152,1851,11,10,0,0,Florida,CA
2002Levar Fisher,FishLe20,2002,2,49,ARI,Levar Fisher,No,LB,LB,23,0,0,23,0,0,0,0,0,0,0,0,0,0,0,72,0,1,North Carolina St.,AZ
2002Chester Pitts,PittCh20,2002,2,50,HOU,Chester Pitts,No,T,T,23,0,0,121,0,0,0,0,0,0,0,0,0,0,0,1,0,0,San Diego St.,TX
2002Clinton Portis,PortCl00,2002,2,51,DEN,Clinton Portis,No,RB,RB,21,0,2,113,3,6,47,3,0,2230,9923,75,247,2018,5,16,0,0,Miami (FL),CO
2002Anthony Weaver,WeavAn20,2002,2,52,BAL,Anthony Weaver,No,DE,DE,22,0,0,103,0,0,0,0,0,0,0,0,0,0,0,200,3,15.5,Notre Dame,MD
2002Langston Walker,WalkLa20,2002,2,53,OAK,Langston Walker,No,T,T,23,0,0,120,0,0,0,0,0,0,0,0,0,0,0,0,0,0,California,CA
2002Maurice Morris,MorrMa00,2002,2,54,SEA,Maurice Morris,No,RB,RB,22,0,0,145,0,0,0,0,0,867,3648,13,151,1163,5,27,0,0,Oregon,WA
2002Doug Jolley,JollDo00,2002,2,55,OAK,Doug Jolley,No,TE,TE,23,0,0,74,0,0,0,0,0,0,0,0,120,1303,6,5,0,0,BYU,CA
2002Ladell Betts,BettLa00,2002,2,56,WAS,Ladell Betts,No,RB,RB,23,0,0,111,0,0,0,0,0,821,3326,15,188,1646,3,17,0,0,Iowa,DC
2002Jon McGraw,McGrJo21,2002,2,57,NYJ,Jon McGraw,No,DB,DB,23,0,0,122,0,0,0,0,0,2,8,0,0,0,0,277,10,2,Kansas St.,NY
2002Michael Lewis,LewiMi99,2002,2,58,PHI,Michael Lewis,No,DB,DB,22,0,1,128,0,0,0,0,0,0,0,0,0,0,0,550,12,11.5,Colorado,PA
2002Sheldon Brown,BrowSh20,2002,2,59,PHI,Sheldon Brown,No,DB,DB,23,0,0,175,0,0,0,0,0,0,0,0,0,0,0,491,26,8,South Carolina,PA
2002Anton Palepoi,PaleAn20,2002,2,60,SEA,Anton Palepoi,No,DE,DE,24,0,0,35,0,0,0,0,0,0,0,0,0,0,0,32,0,4,UNLV,WA
2002Ryan Denney,DennRy20,2002,2,61,BUF,Ryan Denney,No,DE,DE,25,0,0,113,0,0,0,0,0,0,0,0,2,44,2,191,0,23.5,BYU,NY
2002Antwaan Randle El,RandAn00,2002,2,62,PIT,Antwaan Randle El,No,WR,WR,23,0,0,143,22,27,323,6,0,79,438,0,370,4467,15,13,0,0,Indiana,PA
2002Antonio Bryant,BryaAn00,2002,2,63,DAL,Antonio Bryant,No,WR,WR,21,0,0,106,0,0,0,0,0,11,65,0,372,5685,30,19,0,0,Pittsburgh,TX
2002Travis Fisher,FishTr20,2002,2,64,STL,Travis Fisher,No,DB,DB,23,0,0,90,0,0,0,0,0,0,0,0,0,0,0,299,9,0,Central Florida,MO
2002Deion Branch,BranDe00,2002,2,65,NWE,Deion Branch,No,WR,WR,23,0,0,140,0,0,0,0,0,8,33,0,518,6644,39,23,0,0,Louisville,MA
2002Fred Weary,WearFr21,2002,3,66,HOU,Fred Weary,No,G,G,25,0,0,63,0,0,0,0,0,0,0,0,0,0,0,0,0,0,Tennessee,TX
2002Matt Schobel,SchoMa00,2002,3,67,CIN,Matt Schobel,No,TE,TE,23,0,0,99,0,0,0,0,0,0,0,0,117,1270,12,9,0,0,TCU,OH
2002Andre' Goodman,GoodAn20,2002,3,68,DET,Andre' Goodman,No,DB,DB,24,0,0,127,0,0,0,0,0,0,0,0,0,0,0,286,19,1,South Carolina,MI
2002Saleem Rasheed,RashSa20,2002,3,69,SFO,Saleem Rasheed,No,LB,LB,21,0,0,45,0,0,0,0,0,0,0,0,0,0,0,38,0,1,Alabama,CA
2002Willie Offord,OffoWi20,2002,3,70,MIN,Willie Offord,No,DB,DB,23,0,0,47,0,0,0,0,0,0,0,0,0,0,0,58,2,0,South Carolina,MN
2002Ben Leber,LebeBe20,2002,3,71,SDG,Ben Leber,No,LB,LB,23,0,0,143,0,0,0,0,0,0,0,0,0,0,0,393,5,24,Kansas St.,CA
2002Roosevelt Williams,WillRo26,2002,3,72,CHI,Roosevelt Williams,No,DB,DB,24,0,0,20,0,0,0,0,0,0,0,0,0,0,0,20,0,0,Tuskegee,IL
2002Will Witherspoon,WithWi20,2002,3,73,CAR,Will Witherspoon,No,LB,LB,22,0,0,189,0,0,0,0,0,0,0,0,0,0,0,755,14,26,Georgia,NC
2002Joe Jefferson,JeffJo20,2002,3,74,IND,Joe Jefferson,No,DB,DB,22,0,0,27,0,0,0,0,0,0,0,0,0,0,0,26,1,0,West. Kentucky,IN
2002Derek Ross,RossDe20,2002,3,75,DAL,Derek Ross,No,DB,DB,22,0,0,33,0,0,0,0,0,0,0,0,0,0,0,73,6,0,Ohio St.,TX
2002Melvin Fowler,FowlMe20,2002,3,76,CLE,Melvin Fowler,No,C,C,23,0,0,88,0,0,0,0,0,0,0,0,0,0,0,1,0,0,Maryland,OH
2002Rocky Calmus,CalmRo20,2002,3,77,TEN,Rocky Calmus,No,LB,LB,23,0,0,27,0,0,0,0,0,0,0,0,0,0,0,60,2,1,Oklahoma,TN
2002Jeff Hatch,HatcJe20,2002,3,78,NYG,Jeff Hatch,No,T,T,23,0,0,4,0,0,0,0,0,0,0,0,0,0,0,0,0,0,Pennsylvania,NY
2002Rashad Bauman,BaumRa20,2002,3,79,WAS,Rashad Bauman,No,DB,DB,23,0,0,43,0,0,0,0,0,0,0,0,0,0,0,50,2,0,Oregon,DC
2002Will Overstreet,OverWi20,2002,3,80,ATL,Will Overstreet,No,LB,LB,22,0,0,6,0,0,0,0,0,0,0,0,0,0,0,6,0,0,Tennessee,GA
2002Josh McCown,McCoJo01,2002,3,81,ARI,Josh McCown,No,QB,QB,23,0,0,81,1229,2078,13920,78,69,204,952,8,3,10,0,6,0,0,Sam Houston St.,AZ
2002James Allen,AlleJa21,2002,3,82,NOR,James Allen,No,LB,LB,22,0,0,48,0,0,0,0,0,0,0,0,0,0,0,69,1,0,Oregon St.,LA
2002Charles Hill,HillCh20,2002,3,83,HOU,Charles Hill,No,DT,DT,21,0,0,16,0,0,0,0,0,0,0,0,0,0,0,1,0,0,Maryland,TX
2002Lamar Gordon,GordLa00,2002,3,84,STL,Lamar Gordon,No,RB,RB,22,0,0,41,0,0,0,0,0,226,774,3,62,490,2,3,0,0,North Dakota St.,MO
2002Kris Richard,RichKr20,2002,3,85,SEA,Kris Richard,No,DB,DB,22,0,0,39,0,0,0,0,0,0,0,0,0,0,0,46,0,1,USC,WA
2002Marquis Walker,0,2002,3,86,TAM,Marquis Walker,No,WR,WR,0,0,0,0,0,0,0,0,0,0,0,0,0,0,0,0,0,0,Michigan,FL
2002Cliff Russell,RussCl00,2002,3,87,WAS,Cliff Russell,No,WR,WR,23,0,0,23,0,0,0,0,0,3,15,0,5,45,0,2,0,0,Utah,DC
2002Chris Baker,BakeCh00,2002,3,88,NYJ,Chris Baker,No,TE,TE,22,0,0,131,0,0,0,0,0,0,0,0,168,1763,15,10,0,0,Michigan St.,NY
2002Akin Ayodele,AyodAk20,2002,3,89,JAX,Akin Ayodele,No,LB,LB,23,0,0,143,0,0,0,0,0,0,0,0,0,0,0,553,7,9.5,Purdue,FL
2002Seth McKinney,McKiSe20,2002,3,90,MIA,Seth McKinney,No,C,C,23,0,0,93,0,0,0,0,0,0,0,0,0,0,0,0,0,0,Texas A&M,FL
2002Brian Westbrook,WestBr00,2002,3,91,PHI,Brian Westbrook,No,RB,RB,23,1,2,121,1,2,25,1,0,1385,6335,41,442,3940,30,16,0,0,Villanova,PA
2002Marques Anderson,AndeMa22,2002,3,92,GNB,Marques Anderson,No,DB,DB,23,0,0,54,0,0,0,0,0,0,0,0,0,0,0,154,6,0,UCLA,WI
2002Terrence Metcalf,MetcTe20,2002,3,93,CHI,Terrence Metcalf,No,G,G,24,0,0,78,0,0,0,0,0,0,0,0,0,0,0,0,0,0,Mississippi,IL
2002Chris Hope,HopeCh21,2002,3,94,PIT,Chris Hope,No,DB,DB,22,0,1,163,0,0,0,0,0,0,0,0,1,81,1,552,20,4,Florida St.,PA
2002Eric Crouch,0,2002,3,95,STL,Eric Crouch,No,WR,WR,0,0,0,0,0,0,0,0,0,0,0,0,0,0,0,0,0,0,Nebraska,MO
2002Dorsett Davis,DaviDo23,2002,3,96,DEN,Dorsett Davis,No,DE,DE,23,0,0,14,0,0,0,0,0,0,0,0,0,0,0,8,0,0,Mississippi St.,CO
2002Coy Wire,WireCo20,2002,3,97,BUF,Coy Wire,No,DB,DB,23,0,0,127,0,0,0,0,0,0,0,0,0,0,0,182,0,5,Stanford,NY
2002Dennis Johnson,JohnDe22,2002,3,98,ARI,Dennis Johnson,No,DE,DE,22,0,0,29,0,0,0,0,0,0,0,0,0,0,0,37,0,3,Kentucky,AZ
2002Jonathan Wells,WellJo00,2002,4,99,HOU,Jonathan Wells,No,RB,RB,23,0,0,60,0,0,0,0,0,374,1167,10,44,323,2,20,0,0,Ohio St.,TX
2002Dante Wesley,WeslDa20,2002,4,100,CAR,Dante Wesley,No,DB,DB,23,0,0,107,0,0,0,0,0,0,0,0,0,0,0,94,0,2,Ark-Pine Bluff,NC
2002Kevin Bentley,BentKe20,2002,4,101,CLE,Kevin Bentley,No,LB,LB,22,0,0,136,0,0,0,0,0,0,0,0,0,0,0,274,2,1,Northwestern,OH
2002Jeff Chandler,chandjef01,2002,4,102,SFO,Jeff Chandler,No,K,K,23,0,0,13,0,0,0,0,0,0,0,0,0,0,0,1,0,0,Florida,CA
2002Justin Peelle,PeelJu00,2002,4,103,SDG,Justin Peelle,No,TE,TE,23,0,0,151,0,0,0,0,0,0,0,0,123,1003,12,25,0,0,Oregon,CA
2002Alex Brown,BrowAl20,2002,4,104,CHI,Alex Brown,No,DE,DE,23,0,0,143,0,0,0,0,0,0,0,0,0,0,0,337,5,45.5,Florida,IL
2002Brian Williams,WillBr22,2002,4,105,MIN,Brian Williams,No,DB,DB,23,0,0,132,0,0,0,0,0,0,0,0,0,0,0,408,19,5,North Carolina St.,MN
2002David Thornton,ThorDa20,2002,4,106,IND,David Thornton,No,LB,LB,23,0,0,121,0,0,0,0,0,0,0,0,0,0,0,560,5,5,North Carolina,IN
2002Omar Easy,EasyOm00,2002,4,107,KAN,Omar Easy,No,FB,FB,24,0,0,53,0,0,0,0,0,4,1,0,6,42,1,24,0,0,Penn St.,MO
2002David Garrard,GarrDa00,2002,4,108,JAX,David Garrard,No,QB,QB,24,0,1,86,1406,2281,16003,89,54,380,1746,17,1,-6,0,7,0,0,East Carolina,FL
2002Travis Dorsch,DorsTr20,2002,4,109,CIN,Travis Dorsch,No,P,P,23,0,0,1,0,0,0,0,0,0,0,0,0,0,0,0,0,0,Purdue,OH
2002Mike Echols,EchoMi20,2002,4,110,TEN,Mike Echols,No,DB,DB,23,0,0,9,0,0,0,0,0,0,0,0,0,0,0,24,0,0,Wisconsin,TN
2002Ben Taylor,TaylBe20,2002,4,111,CLE,Ben Taylor,No,LB,LB,24,0,0,49,0,0,0,0,0,0,0,0,0,0,0,157,1,0,Virginia Tech,OH
2002Dave Zastudil,ZastDa20,2002,4,112,BAL,Dave Zastudil,No,P,P,23,0,0,162,0,1,0,0,0,4,-15,0,0,0,0,7,0,0,Ohio,MD
2002Nate Dwyer,0,2002,4,113,ARI,Nate Dwyer,No,DT,DT,0,0,0,0,0,0,0,0,0,0,0,0,0,0,0,0,0,0,Kansas,AZ
2002Randy McMichael,McMiRa01,2002,4,114,MIA,Randy McMichael,No,TE,TE,23,0,0,164,0,0,0,0,0,1,8,0,426,4539,24,25,0,0,Georgia,FL
2002Tony Beckham,BeckTo20,2002,4,115,TEN,Tony Beckham,No,DB,DB,23,0,0,56,0,0,0,0,0,0,0,0,0,0,0,50,1,0,Wisc-Stout,TN
2002Martin Bibla,BiblMa20,2002,4,116,ATL,Martin Bibla,No,G,G,22,0,0,31,0,0,0,0,0,0,0,0,0,0,0,0,0,0,Miami (FL),GA
2002Rohan Davey,DaveRo01,2002,4,117,NWE,Rohan Davey,No,QB,QB,24,0,0,7,8,19,88,0,0,6,-5,0,0,0,0,0,0,0,LSU,MA
2002Chris Luzar,LuzaCh00,2002,4,118,JAX,Chris Luzar,No,TE,TE,23,0,0,23,0,0,0,0,0,0,0,0,4,35,0,0,0,0,Virginia,FL
2002Travis Stephens,StepTr01,2002,4,119,TAM,Travis Stephens,No,RB,RB,24,0,0,1,0,0,0,0,0,0,0,0,1,6,0,0,0,0,Tennessee,FL
2002Terreal Bierria,BierTe20,2002,4,120,SEA,Terreal Bierria,No,DB,DB,21,0,0,29,0,0,0,0,0,0,0,0,0,0,0,62,1,0,Georgia,WA
2002Alan Harper,HarpAl20,2002,4,121,NYJ,Alan Harper,No,DT,DT,23,0,0,11,0,0,0,0,0,0,0,0,0,0,0,3,0,0,Fresno St.,NY
2002Darnell Sanders,SandDa00,2002,4,122,CLE,Darnell Sanders,No,TE,TE,23,0,0,28,0,0,0,0,0,0,0,0,18,118,2,1,0,0,Ohio St.,OH
2002Ron Johnson,JohnRo03,2002,4,123,BAL,Ron Johnson,No,WR,WR,22,0,0,22,0,0,0,0,0,0,0,0,11,126,1,6,0,0,Minnesota,MD
2002Scott Peters,PeteSc20,2002,4,124,PHI,Scott Peters,No,C,C,23,0,0,7,0,0,0,0,0,0,0,0,0,0,0,0,0,0,Arizona St.,PA
2002Keyuo Craver,CravKe20,2002,4,125,NOR,Keyuo Craver,No,DB,DB,22,0,0,22,0,0,0,0,0,0,0,0,0,0,0,22,0,0,Nebraska,LA
2002Jarvis Green,GreeJa21,2002,4,126,NWE,Jarvis Green,No,DE,DE,23,0,0,121,0,0,0,0,0,0,0,0,0,0,0,152,0,28,LSU,MA
2002Kevin Curtis,0,2002,4,127,SFO,Kevin Curtis,No,DB,DB,0,0,0,0,0,0,0,0,0,0,0,0,0,0,0,0,0,0,Texas Tech,CA
2002Larry Foote,FootLa20,2002,4,128,PIT,Larry Foote,No,LB,LB,22,0,0,187,0,0,0,0,0,0,0,0,0,0,0,543,4,25,Michigan,PA
2002Jamar Martin,MartJa01,2002,4,129,DAL,Jamar Martin,No,FB,FB,22,0,0,25,0,0,0,0,0,4,7,0,6,24,0,1,0,0,Ohio St.,TX
2002Travis Scott,0,2002,4,130,STL,Travis Scott,No,G,G,0,0,0,0,0,0,0,0,0,0,0,0,0,0,0,0,0,0,Arizona St.,MO
2002Sam Brandon,BranSa20,2002,4,131,DEN,Sam Brandon,No,DB,DB,23,0,0,63,0,0,0,0,0,0,0,0,0,0,0,93,1,0,UNLV,CO
2002Edward Ta'amu,0,2002,4,132,MIN,Edward Ta'amu,No,G,G,0,0,0,0,0,0,0,0,0,0,0,0,0,0,0,0,0,0,Utah,MN
2002Rocky Boiman,BoimRo20,2002,4,133,TEN,Rocky Boiman,No,LB,LB,22,0,0,103,0,0,0,0,0,0,0,0,0,0,0,169,5,1.5,Notre Dame,TN
2002John Taylor,0,2002,4,134,DET,John Taylor,No,LB,LB,0,0,0,0,0,0,0,0,0,0,0,0,0,0,0,0,0,0,Montana St.,MI
2002Najeh Davenport,DaveNa00,2002,4,135,GNB,Najeh Davenport,No,RB,RB,23,0,0,73,0,0,0,0,0,394,1819,13,54,538,3,23,0,0,Miami (FL),WI
2002Jarrod Baxter,BaxtJa00,2002,5,136,HOU,Jarrod Baxter,No,FB,FB,23,0,0,32,0,0,0,0,0,9,15,0,7,40,1,4,0,0,New Mexico,TX
2002Randy Fasani,FasaRa00,2002,5,137,CAR,Randy Fasani,No,QB,QB,24,0,0,4,15,44,171,0,4,18,95,0,0,0,0,0,0,0,Stanford,NC
2002John Owens,OwenJo00,2002,5,138,DET,John Owens,No,TE,TE,22,0,0,76,0,0,0,0,0,0,0,0,22,178,1,10,0,0,Notre Dame,MI
2002Justin Bannan,BannJu20,2002,5,139,BUF,Justin Bannan,No,DT,DT,23,0,0,163,0,0,0,0,0,0,0,0,0,0,0,218,1,6.5,Colorado,NY
2002Bobby Gray,GrayBo20,2002,5,140,CHI,Bobby Gray,No,DB,DB,24,0,0,29,0,0,0,0,0,0,0,0,0,0,0,68,1,1,Louisiana Tech,IL
2002Andra Davis,DaviAn20,2002,5,141,CLE,Andra Davis,No,LB,LB,23,0,0,143,0,0,0,0,0,0,0,0,0,0,0,539,9,12,Florida,OH
2002Terry Charles,0,2002,5,142,SDG,Terry Charles,No,WR,WR,0,0,0,0,0,0,0,0,0,0,0,0,0,0,0,0,0,0,Portland,CA
2002Scott Fujita,FujiSc20,2002,5,143,KAN,Scott Fujita,No,LB,LB,23,0,0,143,0,0,0,0,0,0,0,0,0,0,0,598,7,23.5,California,MO
2002Herb Haygood,HaygHe20,2002,5,144,DEN,Herb Haygood,No,WR,WR,24,0,0,4,0,0,0,0,0,0,0,0,0,0,0,2,0,0,Michigan St.,CO
2002Kyle Johnson,JohnKy00,2002,5,145,CAR,Kyle Johnson,No,RB,RB,23,0,0,45,0,0,0,0,0,9,39,1,33,323,8,17,0,0,Syracuse,NC
2002Rocky Bernard,BernRo20,2002,5,146,SEA,Rocky Bernard,No,DT,DT,23,0,0,160,0,0,0,0,0,0,0,0,0,0,0,266,0,33,Texas A&M,WA
2002Kenyon Coleman,ColeKe20,2002,5,147,OAK,Kenyon Coleman,No,DE,DE,23,0,0,141,0,0,0,0,0,0,0,0,0,0,0,264,0,13.5,UCLA,CA
2002Kevin McCadam,McCaKe20,2002,5,148,ATL,Kevin McCadam,No,DB,DB,23,0,0,71,0,0,0,0,0,0,0,0,0,0,0,61,0,1,Colorado St.,GA
2002Jason McAddley,McAdJa00,2002,5,149,ARI,Jason McAddley,No,WR,WR,23,0,0,34,0,0,0,0,0,0,0,0,38,578,1,8,0,0,Alabama,AZ
2002Mel Mitchell,MitcMe20,2002,5,150,NOR,Mel Mitchell,No,DB,DB,23,0,0,54,0,0,0,0,0,0,0,0,0,0,0,52,0,0,West. Kentucky,LA
2002Jake Schifino,SchiJa20,2002,5,151,TEN,Jake Schifino,No,WR,WR,22,0,0,14,0,0,0,0,0,0,0,0,0,0,0,1,0,0,Akron,TN
2002Nick Greisen,GreiNi20,2002,5,152,NYG,Nick Greisen,No,LB,LB,23,0,0,98,0,0,0,0,0,0,0,0,0,0,0,200,1,4,Wisconsin,NY
2002Ramon Walker,WalkRa20,2002,5,153,HOU,Ramon Walker,No,DB,DB,22,0,0,36,0,0,0,0,0,0,0,0,0,0,0,37,0,0,Pittsburgh,TX
2002Jonathan Goodwin,GoodJo23,2002,5,154,NYJ,Jonathan Goodwin,No,G,G,23,0,1,195,0,0,0,0,0,0,0,0,0,0,0,2,0,0,Michigan,NY
2002Terry Jones,JoneTe00,2002,5,155,BAL,Terry Jones,No,TE,TE,22,0,0,53,0,0,0,0,0,0,0,0,59,493,5,2,0,0,Alabama,MD
2002Aaron Kampman,KampAa99,2002,5,156,GNB,Aaron Kampman,No,DE,DE,22,0,2,123,0,0,0,0,0,0,0,0,0,0,0,336,0,58,Iowa,WI
2002Jermaine Phillips,PhilJe20,2002,5,157,TAM,Jermaine Phillips,No,DB,DB,23,0,0,96,0,0,0,0,0,0,0,0,0,0,0,332,11,3,Georgia,FL
2002Kurt Kittner,KittKu00,2002,5,158,ATL,Kurt Kittner,No,QB,QB,22,0,0,7,44,114,391,2,6,8,13,0,0,0,0,0,0,0,Illinois,GA
2002Andre Lott,LottAn20,2002,5,159,WAS,Andre Lott,No,DB,DB,23,0,0,32,0,0,0,0,0,0,0,0,0,0,0,34,0,1,Tennessee,DC
2002Robert Royal,RoyaRo00,2002,5,160,WAS,Robert Royal,No,TE,TE,23,0,0,110,0,0,0,0,0,1,-9,0,128,1271,14,6,0,0,LSU,DC
2002Omare Lowe,LoweOm20,2002,5,161,MIA,Omare Lowe,No,DB,DB,24,0,0,43,0,0,0,0,0,0,0,0,0,0,0,42,0,0,Washington,FL
2002Freddie Milons,0,2002,5,162,PHI,Freddie Milons,No,WR,WR,0,0,0,0,0,0,0,0,0,0,0,0,0,0,0,0,0,0,Alabama,PA
2002Brandon Doman,0,2002,5,163,SFO,Brandon Doman,No,QB,QB,0,0,0,0,0,0,0,0,0,0,0,0,0,0,0,0,0,0,BYU,CA
2002Craig Nall,NallCr00,2002,5,164,GNB,Craig Nall,No,QB,QB,23,0,0,7,30,48,402,5,0,10,11,0,0,0,0,0,0,0,LSU,WI
2002Bryan Knight,KnigBr20,2002,5,165,CHI,Bryan Knight,No,LB,LB,23,0,0,31,0,0,0,0,0,0,0,0,0,0,0,38,0,1.5,Pittsburgh,IL
2002Verron Haynes,HaynVe00,2002,5,166,PIT,Verron Haynes,No,RB,RB,23,0,0,68,0,0,0,0,0,174,738,3,61,449,2,36,0,0,Georgia,PA
2002Courtland Bullard,BullCo20,2002,5,167,STL,Courtland Bullard,No,LB,LB,24,0,0,20,0,0,0,0,0,0,0,0,0,0,0,10,0,0,Ohio St.,MO
2002Pete Hunter,HuntPe20,2002,5,168,DAL,Pete Hunter,No,DB,DB,22,0,0,36,0,0,0,0,0,0,0,0,0,0,0,60,3,1,Virginia Union,TX
2002Ryan Hannam,HannRy00,2002,5,169,SEA,Ryan Hannam,No,TE,TE,22,0,0,54,0,0,0,0,0,0,0,0,22,215,2,7,0,0,Northern Iowa,WA
2002Sam Simmons,SimmSa20,2002,5,170,MIA,Sam Simmons,No,WR,WR,22,0,0,11,0,0,0,0,0,0,0,0,0,0,0,2,0,0,Northwestern,FL
2002Matt Hill,HillMa22,2002,5,171,SEA,Matt Hill,No,T,T,23,0,0,26,0,0,0,0,0,0,0,0,0,0,0,0,0,0,Boise St.,WA
2002Josh Shaw,ShawJo20,2002,5,172,SFO,Josh Shaw,No,DT,DT,23,0,0,14,0,0,0,0,0,0,0,0,0,0,0,8,0,1,Michigan St.,CA
2002Demarcus Faggins,FaggDe20,2002,6,173,HOU,Demarcus Faggins,No,DB,DB,23,0,0,84,0,0,0,0,0,0,0,0,0,0,0,191,5,1,Kansas St.,TX
2002Keith Heinrich,HeinKe00,2002,6,174,CAR,Keith Heinrich,No,TE,TE,23,0,0,22,0,0,0,0,0,0,0,0,9,65,2,1,0,0,Sam Houston St.,NC
2002Chris Cash,CashCh20,2002,6,175,DET,Chris Cash,No,DB,DB,22,0,0,30,0,0,0,0,0,0,0,0,0,0,0,124,2,0,USC,MI
2002Kevin Thomas,ThomKe22,2002,6,176,BUF,Kevin Thomas,No,DB,DB,24,0,0,38,0,0,0,0,0,0,0,0,1,24,0,62,1,1.5,UNLV,NY
2002Nick Rogers,RogeNi20,2002,6,177,MIN,Nick Rogers,No,LB,LB,23,0,0,46,0,0,0,0,0,0,0,0,0,0,0,64,0,2,Georgia Tech,MN
2002Matt Anderle,0,2002,6,178,SDG,Matt Anderle,No,T,T,0,0,0,0,0,0,0,0,0,0,0,0,0,0,0,0,0,0,Minnesota,CA
2002Tyson Walter,WaltTy20,2002,6,179,DAL,Tyson Walter,No,C,C,24,0,0,47,0,0,0,0,0,0,0,0,0,0,0,0,0,0,Ohio St.,TX
2002Clenton Ballard,0,2002,6,180,JAX,Clenton Ballard,No,DT,DT,0,0,0,0,0,0,0,0,0,0,0,0,0,0,0,0,0,0,Texas St.,FL
2002Marquand Manuel,ManuMa20,2002,6,181,CIN,Marquand Manuel,No,DB,DB,23,0,0,116,0,0,0,0,0,0,0,0,0,0,0,282,2,1,Florida,OH
2002David Pugh,PughDa20,2002,6,182,IND,David Pugh,No,DT,DT,23,0,0,4,0,0,0,0,0,0,0,0,0,0,0,0,0,0,Virginia Tech,IN
2002James Lewis,0,2002,6,183,IND,James Lewis,No,DB,DB,0,0,0,0,0,0,0,0,0,0,0,0,0,0,0,0,0,0,Miami (FL),IN
2002Kahlil Hill,HillKa20,2002,6,184,ATL,Kahlil Hill,No,WR,WR,23,0,0,1,0,0,0,0,0,0,0,0,0,0,0,0,0,0,Iowa,GA
2002Josh Scobey,ScobJo00,2002,6,185,ARI,Josh Scobey,No,RB,RB,22,0,0,62,0,0,0,0,0,27,89,0,19,200,0,35,0,0,Kansas St.,AZ
2002J.T. O'Sullivan,OSulJ.00,2002,6,186,NOR,J.T. O'Sullivan,No,QB,QB,23,0,0,17,145,257,1866,9,13,39,145,0,0,0,0,2,0,0,California-Davis,LA
2002Justin Hartwig,HartJu20,2002,6,187,TEN,Justin Hartwig,No,C,C,23,0,0,99,0,0,0,0,0,0,0,0,0,0,0,3,0,0,Kansas,TN
2002Wesly Mallard,MallWe20,2002,6,188,NYG,Wesly Mallard,No,LB,LB,23,0,0,59,0,0,0,0,0,0,0,0,0,0,0,43,0,0,Oregon,NY
2002Keyon Nash,NashKe21,2002,6,189,OAK,Keyon Nash,No,DB,DB,23,0,0,2,0,0,0,0,0,0,0,0,0,0,0,1,0,0,Albany State (GA),CA
2002Howard Green,GreeHo20,2002,6,190,HOU,Howard Green,No,DT,DT,23,0,0,76,0,0,0,0,0,0,0,0,0,0,0,63,0,2,LSU,TX
2002Jeb Putzier,PutzJe00,2002,6,191,DEN,Jeb Putzier,No,TE,TE,23,0,0,69,0,0,0,0,0,0,0,0,96,1251,3,2,0,0,Boise St.,CO
2002Reggie Coleman,0,2002,6,192,WAS,Reggie Coleman,No,T,T,0,0,0,0,0,0,0,0,0,0,0,0,0,0,0,0,0,0,Tennessee,DC
2002John Stamper,StamJo21,2002,6,193,TAM,John Stamper,No,DE,DE,24,0,0,4,0,0,0,0,0,0,0,0,0,0,0,2,0,0,South Carolina,FL
2002Craig Jarrett,JarrCr20,2002,6,194,SEA,Craig Jarrett,No,P,P,23,0,0,4,0,0,0,0,0,0,0,0,0,0,0,0,0,0,Michigan St.,WA
2002Lamont Brightful,BrigLa20,2002,6,195,BAL,Lamont Brightful,No,DB,DB,23,0,0,30,0,0,0,0,0,0,0,0,0,0,0,4,0,0,East. Washington,MD
2002John Gilmore,GilmJo00,2002,6,196,NOR,John Gilmore,No,TE,TE,23,0,0,145,0,0,0,0,0,0,0,0,55,544,6,23,0,0,Penn St.,LA
2002Larry Ned,NedxLa00,2002,6,197,OAK,Larry Ned,No,RB,RB,24,0,0,19,0,0,0,0,0,0,0,0,1,9,0,13,0,0,San Diego St.,CA
2002Tyreo Harrison,HarrTy20,2002,6,198,PHI,Tyreo Harrison,No,LB,LB,22,0,0,14,0,0,0,0,0,0,0,0,0,0,0,3,0,0,Notre Dame,PA
2002Adrian Peterson,PeteAd00,2002,6,199,CHI,Adrian Peterson,No,RB,RB,23,0,0,106,1,1,9,1,0,311,1283,8,78,665,0,62,0,0,Georgia Southern,IL
2002Mike Houghton,HougMi20,2002,6,200,GNB,Mike Houghton,No,G,G,22,0,0,1,0,0,0,0,0,0,0,0,0,0,0,0,0,0,San Diego St.,WI
2002Mark Anelli,AnelMa20,2002,6,201,SFO,Mark Anelli,No,TE,TE,23,0,0,2,0,0,0,0,0,0,0,0,0,0,0,0,0,0,Wisconsin,CA
2002Lee Mays,MaysLe00,2002,6,202,PIT,Lee Mays,No,WR,WR,24,0,0,49,0,0,0,0,0,0,0,0,11,154,0,16,0,0,Texas-El Paso,PA
2002Jamin Elliott,ElliJa00,2002,6,203,CHI,Jamin Elliott,No,WR,WR,22,0,0,3,0,0,0,0,0,0,0,0,0,0,0,1,0,0,Delaware,IL
2002Brian Allen,AlleBr20,2002,6,204,IND,Brian Allen,No,RB,RB,22,0,0,4,0,0,0,0,0,0,0,0,0,0,0,0,0,0,Stanford,IN
2002Steve Bellisari,0,2002,6,205,STL,Steve Bellisari,No,QB,QB,0,0,0,0,0,0,0,0,0,0,0,0,0,0,0,0,0,0,Ohio St.,MO
2002Javin Hunter,HuntJa00,2002,6,206,BAL,Javin Hunter,No,WR,WR,22,0,0,12,0,0,0,0,0,1,9,0,5,35,0,0,0,0,Notre Dame,MD
2002Chester Taylor,TaylCh01,2002,6,207,BAL,Chester Taylor,No,RB,RB,23,0,0,151,1,2,4,1,0,1160,4740,26,299,2324,6,32,0,0,Toledo,MD
2002DeVeren Johnson,0,2002,6,208,DAL,DeVeren Johnson,No,WR,WR,0,0,0,0,0,0,0,0,0,0,0,0,0,0,0,0,0,0,Sacred Heart,TX
2002Chad Williams,WillCh20,2002,6,209,BAL,Chad Williams,No,DB,DB,23,0,0,79,0,0,0,0,0,0,0,0,0,0,0,160,9,7,Southern Miss,MD
2002Bryan Fletcher,FletBr00,2002,6,210,CHI,Bryan Fletcher,No,TE,TE,23,0,0,46,0,0,0,0,0,0,0,0,54,547,5,5,0,0,UCLA,IL
2002Bob Slowikowski,0,2002,6,211,DAL,Bob Slowikowski,No,TE,TE,0,0,0,0,0,0,0,0,0,0,0,0,0,0,0,0,0,0,Virginia Tech,TX
2002LaVar Glover,GlovLa20,2002,7,212,PIT,LaVar Glover,No,DB,DB,23,0,0,2,0,0,0,0,0,0,0,0,0,0,0,0,0,0,Cincinnati,PA
2002Pete Campion,0,2002,7,213,CAR,Pete Campion,No,G,G,0,0,0,0,0,0,0,0,0,0,0,0,0,0,0,0,0,0,North Dakota St.,NC
2002Luke Staley,0,2002,7,214,DET,Luke Staley,No,RB,RB,0,0,0,0,0,0,0,0,0,0,0,0,0,0,0,0,0,0,BYU,MI
2002Mike Pucillo,PuciMi20,2002,7,215,BUF,Mike Pucillo,No,G,G,23,0,0,48,0,0,0,0,0,0,0,0,0,0,0,0,0,0,Auburn,NY
2002Seth Burford,0,2002,7,216,SDG,Seth Burford,No,QB,QB,0,0,0,0,0,0,0,0,0,0,0,0,0,0,0,0,0,0,Cal Poly-San Luis Obispo,CA
2002Michael Coleman,0,2002,7,217,ATL,Michael Coleman,No,WR,WR,0,0,0,0,0,0,0,0,0,0,0,0,0,0,0,0,0,0,Widener,GA
2002Chad Beasley,BeasCh20,2002,7,218,MIN,Chad Beasley,No,T,T,23,0,0,8,0,0,0,0,0,0,0,0,0,0,0,0,0,0,Virginia Tech,MN
2002Joey Evans,0,2002,7,219,CIN,Joey Evans,No,DE,DE,0,0,0,0,0,0,0,0,0,0,0,0,0,0,0,0,0,0,North Carolina,OH
2002Josh Mallard,MallJo20,2002,7,220,IND,Josh Mallard,No,DE,DE,23,0,0,40,0,0,0,0,0,0,0,0,0,0,0,35,0,8.5,Georgia,IN
2002Maurice Rodriguez,0,2002,7,221,KAN,Maurice Rodriguez,No,LB,LB,0,0,0,0,0,0,0,0,0,0,0,0,0,0,0,0,0,0,Fresno St.,MO
2002Kendall Newson,NewsKe00,2002,7,222,JAX,Kendall Newson,No,WR,WR,22,0,0,6,0,0,0,0,0,0,0,0,2,55,0,1,0,0,Middle Tenn. St.,FL
2002Mike Banks,BankMi20,2002,7,223,ARI,Mike Banks,No,TE,TE,22,0,0,18,0,0,0,0,0,0,0,0,0,0,0,8,0,0,Iowa St.,AZ
2002Derrius Monroe,0,2002,7,224,NOR,Derrius Monroe,No,DE,DE,0,0,0,0,0,0,0,0,0,0,0,0,0,0,0,0,0,0,Virginia Tech,LA
2002Darrell Hill,HillDa20,2002,7,225,TEN,Darrell Hill,No,WR,WR,23,0,0,33,0,0,0,0,0,0,0,0,0,0,0,19,0,0,Northern Illinois,TN
2002Daryl Jones,JoneDa02,2002,7,226,NYG,Daryl Jones,No,WR,WR,23,0,0,15,0,0,0,0,0,1,4,0,8,90,0,1,0,0,Miami (FL),NY
2002Joaquin Gonzalez,GonzJo21,2002,7,227,CLE,Joaquin Gonzalez,No,T,T,23,0,0,46,0,0,0,0,0,0,0,0,0,0,0,0,0,0,Miami (FL),OH
2002Chris Young,YounCh20,2002,7,228,DEN,Chris Young,No,DB,DB,22,0,0,21,0,0,0,0,0,0,0,0,0,0,0,4,0,0,Georgia Tech,CO
2002Stylez G. White,WhitGr99,2002,7,229,HOU,Stylez G. White,No,DE,DE,23,0,0,63,0,0,0,0,0,0,0,0,0,0,0,104,0,24,Minnesota,TX
2002Jeff Grau,GrauJe20,2002,7,230,WAS,Jeff Grau,No,C,C,22,0,0,27,0,0,0,0,0,0,0,0,0,0,0,0,0,0,UCLA,DC
2002Monsanto Pope,PopeMo20,2002,7,231,DEN,Monsanto Pope,No,DT,DT,24,0,0,48,0,0,0,0,0,0,0,0,0,0,0,48,0,6,Virginia,CO
2002Jeff Kelly,KellJe21,2002,7,232,SEA,Jeff Kelly,No,QB,QB,23,0,0,1,0,0,0,0,0,0,0,0,0,0,0,0,0,0,Southern Miss,WA
2002Tim Wansley,WansTi20,2002,7,233,TAM,Tim Wansley,No,DB,DB,23,0,0,13,0,0,0,0,0,0,0,0,0,0,0,56,2,0,Georgia,FL
2002Greg Scott,ScotGr20,2002,7,234,WAS,Greg Scott,No,DE,DE,22,0,0,4,0,0,0,0,0,0,0,0,0,0,0,0,0,0,Hampton,DC
2002Ronald Curry,CurrRo01,2002,7,235,OAK,Ronald Curry,No,WR,WR,23,0,0,76,0,4,0,0,1,5,3,0,193,2347,13,40,0,0,North Carolina,CA
2002Wes Pate,0,2002,7,236,BAL,Wes Pate,No,QB,QB,0,0,0,0,0,0,0,0,0,0,0,0,0,0,0,0,0,0,S.F. Austin,MD
2002Antwoine Womack,0,2002,7,237,NWE,Antwoine Womack,No,RB,RB,0,0,0,0,0,0,0,0,0,0,0,0,0,0,0,0,0,0,Virginia,MA
2002Raheem Brock,BrocRa20,2002,7,238,PHI,Raheem Brock,No,DE,DE,24,0,0,152,0,0,0,0,0,0,0,0,0,0,0,255,0,40.5,Temple,PA
2002Eric Heitmann,HeitEr20,2002,7,239,SFO,Eric Heitmann,No,G,G,22,0,0,119,0,0,0,0,0,0,0,0,0,0,0,2,0,0,Stanford,CA
2002Carlos Hall,HallCa20,2002,7,240,TEN,Carlos Hall,No,DE,DE,23,0,0,59,0,0,0,0,0,0,0,0,0,0,0,91,0,14.5,Arkansas,TN
2002Leonard Henry,HenrLe20,2002,7,241,MIA,Leonard Henry,No,RB,RB,24,0,0,6,0,0,0,0,0,46,141,0,3,12,0,0,0,0,East Carolina,FL
2002Brett Keisel,KeisBr20,2002,7,242,PIT,Brett Keisel,No,DE,DE,24,0,1,156,0,0,0,0,0,0,0,0,0,0,0,254,2,30,BYU,PA
2002Chris Massey,MassCh00,2002,7,243,STL,Chris Massey,No,RB,RB,23,0,0,141,0,0,0,0,0,1,-1,0,0,0,0,0,0,0,Marshall,MO
2002Kevin Shaffer,ShafKe20,2002,7,244,ATL,Kevin Shaffer,No,T,T,22,0,0,132,0,0,0,0,0,0,0,0,0,0,0,1,0,0,Tulsa,GA
2002Quincy Monk,MonkQu20,2002,7,245,NYG,Quincy Monk,No,LB,LB,23,0,0,15,0,0,0,0,0,0,0,0,0,0,0,7,0,0,North Carolina,NY
2002Steve Smith,SmitSt21,2002,7,246,JAX,Steve Smith,No,DB,DB,23,0,0,4,0,0,0,0,0,0,0,0,0,0,0,0,0,0,Oregon,FL
2002Hayden Epstein,epstehay01,2002,7,247,JAX,Hayden Epstein,No,K,K,21,0,0,15,0,0,0,0,0,0,0,0,0,0,0,3,0,0,Michigan,FL
2002Kyle Kosier,KosiKy20,2002,7,248,SFO,Kyle Kosier,No,G,G,24,0,0,143,0,0,0,0,0,0,0,0,0,0,0,2,0,0,Arizona St.,CA
2002Rodney Wright,0,2002,7,249,BUF,Rodney Wright,No,WR,WR,0,0,0,0,0,0,0,0,0,0,0,0,0,0,0,0,0,0,Fresno St.,NY
2002Tracey Wistrom,0,2002,7,250,TAM,Tracey Wistrom,No,TE,TE,0,0,0,0,0,0,0,0,0,0,0,0,0,0,0,0,0,0,Nebraska,FL
2002Jarrett Ferguson,0,2002,7,251,BUF,Jarrett Ferguson,No,RB,RB,0,0,0,0,0,0,0,0,0,0,0,0,0,0,0,0,0,0,Virginia Tech,NY
2002Matt Murphy,MurpMa00,2002,7,252,DET,Matt Murphy,No,TE,TE,22,0,0,28,0,0,0,0,0,0,0,0,3,34,0,3,0,0,Maryland,MI
2002David Givens,GiveDa00,2002,7,253,NWE,David Givens,No,WR,WR,22,0,0,58,0,1,0,0,1,3,16,0,166,2318,12,16,0,0,Notre Dame,MA
2002Aaron Lockett,0,2002,7,254,TAM,Aaron Lockett,No,WR,WR,0,0,0,0,0,0,0,0,0,0,0,0,0,0,0,0,0,0,Kansas St.,FL
2002Zack Quaccia,0,2002,7,255,TAM,Zack Quaccia,No,C,C,0,0,0,0,0,0,0,0,0,0,0,0,0,0,0,0,0,0,Stanford,FL
2002Teddy Gaines,0,2002,7,256,SFO,Teddy Gaines,No,DB,DB,0,0,0,0,0,0,0,0,0,0,0,0,0,0,0,0,0,0,Tennessee,CA
2002Rock Cartwright,CartRo01,2002,7,257,WAS,Rock Cartwright,No,FB,FB,22,0,0,154,0,0,0,0,0,228,956,6,64,589,2,75,0,0,Kansas St.,DC
2002Brad Franklin,FranBr20,2002,7,258,CAR,Brad Franklin,No,DB,DB,22,0,0,4,0,0,0,0,0,0,0,0,0,0,0,3,0,0,La-Lafayette,NC
2002Victor Rogers,RogeVi20,2002,7,259,DET,Victor Rogers,No,T,T,23,0,0,1,0,0,0,0,0,0,0,0,0,0,0,0,0,0,Colorado,MI
2002Dominique Stevenson,StevDo21,2002,7,260,BUF,Dominique Stevenson,No,LB,LB,24,0,0,21,0,0,0,0,0,0,0,0,0,0,0,20,0,0,Tennessee,NY
2002Ahmad Miller,0,2002,7,261,HOU,Ahmad Miller,No,DT,DT,0,0,0,0,0,0,0,0,0,0,0,0,0,0,0,0,0,0,UNLV,TX
2001Michael Vick,VickMi00,2001,1,1,ATL,Michael Vick,No,QB,QB,21,0,4,143,1807,3217,22464,133,88,873,6109,36,2,1,0,9,0,0,Virginia Tech,GA
2001Leonard Davis,DaviLe21,2001,1,2,ARI,Leonard Davis,No,T,T,23,0,3,171,0,0,0,0,0,0,0,0,0,0,0,1,0,0,Texas,AZ
2001Gerard Warren,WarrGe20,2001,1,3,CLE,Gerard Warren,No,DT,DT,23,0,0,163,0,0,0,0,0,0,0,0,0,0,0,250,0,36.5,Florida,OH
2001Justin Smith,SmitJu20,2001,1,4,CIN,Justin Smith,No,DE,DE,22,1,5,221,0,0,0,0,0,0,0,0,0,0,0,613,3,87,Missouri,OH
2001LaDainian Tomlinson,TomlLa00,2001,1,5,SDG,LaDainian Tomlinson,No,RB,RB,22,3,5,170,8,12,143,7,0,3174,13684,145,624,4772,17,8,0,0,TCU,CA
2001Richard Seymour,SeymRi00,2001,1,6,NWE,Richard Seymour,No,DE,DE,21,3,7,164,0,0,0,0,0,0,0,0,0,0,0,324,2,57.5,Georgia,MA
2001Andre Carter,CartAn20,2001,1,7,SFO,Andre Carter,No,DE,DE,22,0,1,184,0,0,0,0,0,0,0,0,0,0,0,387,0,80.5,California,CA
2001David Terrell,TerrDa00,2001,1,8,CHI,David Terrell,No,WR,WR,22,0,0,54,0,0,0,0,0,4,14,0,128,1602,9,4,0,0,Michigan,IL
2001Koren Robinson,RobiKo00,2001,1,9,SEA,Koren Robinson,No,WR,WR,21,0,1,96,0,0,0,0,0,23,115,1,294,4244,16,18,0,0,North Carolina St.,WA
2001Jamal Reynolds,ReynJa20,2001,1,10,GNB,Jamal Reynolds,No,DE,DE,22,0,0,18,0,0,0,0,0,0,0,0,0,0,0,14,0,3,Florida St.,WI
2001Dan Morgan,MorgDa99,2001,1,11,CAR,Dan Morgan,No,LB,LB,22,0,1,59,0,0,0,0,0,0,0,0,0,0,0,281,5,7,Miami (FL),NC
2001Damione Lewis,LewiDa20,2001,1,12,STL,Damione Lewis,No,DT,DT,23,0,0,141,0,0,0,0,0,0,0,0,0,0,0,190,0,23.5,Miami (FL),MO
2001Marcus Stroud,StroMa01,2001,1,13,JAX,Marcus Stroud,No,DT,DT,23,0,3,146,0,0,0,0,0,0,0,0,0,0,0,309,0,29.5,Georgia,FL
2001Kenyatta Walker,WalkKe21,2001,1,14,TAM,Kenyatta Walker,No,T,T,22,0,0,75,0,0,0,0,0,0,0,0,0,0,0,0,0,0,Florida,FL
2001Rod Gardner,GardRo00,2001,1,15,WAS,Rod Gardner,No,WR,WR,23,0,0,91,2,7,46,2,0,5,24,0,242,3165,23,11,0,0,Clemson,DC
2001Santana Moss,MossSa00,2001,1,16,NYJ,Santana Moss,No,WR,WR,22,0,1,197,0,0,0,0,0,51,287,0,732,10283,66,24,0,0,Miami (FL),NY
2001Steve Hutchinson,HutcSt00,2001,1,17,SEA,Steve Hutchinson,No,G,G,23,5,7,169,0,0,0,0,0,0,0,0,0,0,0,3,0,0,Michigan,WA
2001Jeff Backus,BackJe20,2001,1,18,DET,Jeff Backus,No,T,T,24,0,0,191,0,0,0,0,0,0,0,0,0,0,0,6,0,0,Michigan,MI
2001Casey Hampton,HampCa00,2001,1,19,PIT,Casey Hampton,No,NT,DT,24,0,5,173,0,0,0,0,0,0,0,0,0,0,0,208,0,9,Texas,PA
2001Adam Archuleta,ArchAd20,2001,1,20,STL,Adam Archuleta,No,DB,DB,23,0,0,103,0,0,0,0,0,0,0,0,0,0,0,452,4,18,Arizona St.,MO
2001Nate Clements,ClemNa99,2001,1,21,BUF,Nate Clements,No,DB,DB,21,0,1,180,0,0,0,0,0,0,0,0,0,0,0,656,36,4.5,Ohio St.,NY
2001Will Allen,AlleWi20,2001,1,22,NYG,Will Allen,No,DB,DB,23,0,0,140,0,0,0,0,0,0,0,0,0,0,0,455,15,5,Syracuse,NY
2001Deuce McAllister,McAlDe00,2001,1,23,NOR,Deuce McAllister,No,RB,RB,22,0,2,97,1,4,12,1,0,1429,6096,49,234,1720,5,13,0,0,Mississippi,LA
2001Willie Middlebrooks,MiddWi20,2001,1,24,DEN,Willie Middlebrooks,No,DB,DB,22,0,0,56,0,0,0,0,0,0,0,0,0,0,0,62,0,1,Minnesota,CO
2001Freddie Mitchell,MitcFr00,2001,1,25,PHI,Freddie Mitchell,No,WR,WR,22,0,0,63,1,3,25,1,0,2,-4,0,90,1263,5,9,0,0,UCLA,PA
2001Jamar Fletcher,FletJa20,2001,1,26,MIA,Jamar Fletcher,No,DB,DB,22,0,0,105,0,0,0,0,0,0,0,0,0,0,0,171,7,1,Wisconsin,FL
2001Michael Bennett,BennMi00,2001,1,27,MIN,Michael Bennett,No,RB,RB,23,0,1,109,0,0,0,0,0,842,3703,13,159,1294,6,15,0,0,Wisconsin,MN
2001Derrick Gibson,GibsDe21,2001,1,28,OAK,Derrick Gibson,No,DB,DB,22,0,0,69,0,0,0,0,0,0,0,0,0,0,0,159,3,2,Florida St.,CA
2001Ryan Pickett,PickRy20,2001,1,29,STL,Ryan Pickett,No,DT,DT,21,0,0,207,0,0,0,0,0,0,0,0,0,0,0,382,0,9.5,Ohio St.,MO
2001Reggie Wayne,WaynRe00,2001,1,30,IND,Reggie Wayne,No,WR,WR,22,1,6,211,0,1,0,0,1,4,0,0,1070,14345,82,36,0,0,Miami (FL),IN
2001Todd Heap,HeapTo00,2001,1,31,BAL,Todd Heap,No,TE,TE,21,0,2,145,0,1,0,0,0,8,61,0,499,5869,42,9,0,0,Arizona St.,MD
2001Drew Brees,BreeDr00,2001,2,32,SDG,Drew Brees,No,QB,QB,22,1,9,227,5663,8505,64180,454,213,399,722,15,7,73,1,13,0,0,Purdue,CA
2001Quincy Morgan,MorgQu00,2001,2,33,CLE,Quincy Morgan,No,WR,WR,24,0,0,86,0,0,0,0,0,10,53,0,164,2466,17,7,0,0,Kansas St.,OH
2001Kyle Vanden Bosch,VandKy99,2001,2,34,ARI,Kyle Vanden Bosch,No,DE,DE,22,0,3,152,0,0,0,0,0,0,0,0,0,0,0,332,0,58,Nebraska,AZ
2001Alge Crumpler,CrumAl00,2001,2,35,ATL,Alge Crumpler,No,TE,TE,23,0,4,155,0,0,0,0,0,0,0,0,373,4743,39,18,0,0,North Carolina,GA
2001Chad Johnson,JohnCh01,2001,2,36,CIN,Chad Johnson,No,WR,WR,23,2,6,166,0,1,0,0,0,24,175,0,766,11059,67,12,0,0,Oregon St.,OH
2001Idrees Bashir,BashId20,2001,2,37,IND,Idrees Bashir,No,DB,DB,22,0,0,71,0,0,0,0,0,0,0,0,0,0,0,179,6,0,Memphis,IN
2001Anthony Thomas,ThomAn01,2001,2,38,CHI,Anthony Thomas,No,RB,RB,23,0,0,87,0,0,0,0,0,1044,3891,23,113,756,1,12,0,0,Michigan,IL
2001Kendrell Bell,BellKe20,2001,2,39,PIT,Kendrell Bell,No,LB,LB,23,0,1,90,0,0,0,0,0,0,0,0,0,0,0,274,1,20.5,Georgia,PA
2001Ken Lucas,LucaKe20,2001,2,40,SEA,Ken Lucas,No,DB,DB,22,0,0,138,0,0,0,0,0,0,0,0,0,0,0,458,25,0,Mississippi,WA
2001Robert Ferguson,FergRo00,2001,2,41,GNB,Robert Ferguson,No,WR,WR,21,0,0,83,0,0,0,0,0,1,-8,0,151,1993,13,39,0,0,Texas A&M,WI
2001Tommy Polley,PollTo21,2001,2,42,STL,Tommy Polley,No,LB,LB,23,0,0,73,0,0,0,0,0,0,0,0,0,0,0,306,4,6,Florida St.,MO
2001Maurice Williams,WillMa25,2001,2,43,JAX,Maurice Williams,No,T,T,22,0,0,105,0,0,0,0,0,0,0,0,0,0,0,0,0,0,Michigan,FL
2001Kris Jenkins,JenkKr00,2001,2,44,CAR,Kris Jenkins,No,DT,DT,22,2,4,108,0,0,0,0,0,0,0,0,0,0,0,220,0,24,Maryland,NC
2001Fred Smoot,SmooFr20,2001,2,45,WAS,Fred Smoot,No,DB,DB,22,0,0,129,0,0,0,0,0,0,0,0,0,0,0,385,21,0,Mississippi St.,DC
2001Aaron Schobel,SchoAa99,2001,2,46,BUF,Aaron Schobel,No,DE,DE,24,0,2,133,0,0,0,0,0,0,0,0,0,0,0,333,3,78,TCU,NY
2001Jamie Winborn,WinbJa20,2001,2,47,SFO,Jamie Winborn,No,LB,LB,22,0,0,100,0,0,0,0,0,0,0,0,0,0,0,276,3,10,Vanderbilt,CA
2001Matt Light,LighMa20,2001,2,48,NWE,Matt Light,No,T,T,23,1,3,155,0,0,0,0,0,0,0,0,0,0,0,1,0,0,Purdue,MA
2001LaMont Jordan,JordLa00,2001,2,49,NYJ,LaMont Jordan,No,RB,RB,22,0,0,114,0,2,0,0,1,897,3734,28,158,1301,3,6,0,0,Maryland,NY
2001Dominic Raiola,RaioDo20,2001,2,50,DET,Dominic Raiola,No,C,C,22,0,0,219,0,0,0,0,0,0,0,0,0,0,0,5,0,0,Nebraska,MI
2001Paul Toviessi,0,2001,2,51,DEN,Paul Toviessi,No,DE,DE,0,0,0,0,0,0,0,0,0,0,0,0,0,0,0,0,0,0,Marshall,CO
2001Chris Chambers,ChamCh00,2001,2,52,MIA,Chris Chambers,No,WR,WR,23,0,1,153,0,0,0,0,0,44,373,0,540,7648,58,30,0,0,Wisconsin,FL
2001Quincy Carter,CartQu00,2001,2,53,DAL,Quincy Carter,No,QB,QB,23,0,0,38,542,960,6337,32,37,152,518,3,0,0,0,1,0,0,Georgia,TX
2001Michael Stone,StonMi20,2001,2,54,ARI,Michael Stone,No,DB,DB,23,0,0,52,0,0,0,0,0,0,0,0,0,0,0,60,0,0,Memphis,AZ
2001Quinton Caver,CaveQu20,2001,2,55,PHI,Quinton Caver,No,LB,LB,23,0,0,53,0,0,0,0,0,0,0,0,0,0,0,52,0,0,Arkansas,PA
2001Tony Dixon,DixoTo20,2001,2,56,DAL,Tony Dixon,No,DB,DB,22,0,0,56,0,0,0,0,0,0,0,0,0,0,0,90,1,6,Alabama,TX
2001Willie Howard,HowaWi20,2001,2,57,MIN,Willie Howard,No,DE,DE,23,0,0,8,0,0,0,0,0,0,0,0,0,0,0,10,0,0,Stanford,MN
2001Travis Henry,HenrTr00,2001,2,58,BUF,Travis Henry,No,RB,RB,22,0,1,90,0,1,0,0,1,1488,6086,38,141,951,2,5,0,0,Tennessee,NY
2001Marques Tuiasosopo,TuiaMa00,2001,2,59,OAK,Marques Tuiasosopo,No,QB,QB,22,0,0,13,49,90,554,2,7,17,79,0,0,0,0,1,0,0,Washington,CA
2001Andre Dyson,DysoAn20,2001,2,60,TEN,Andre Dyson,No,DB,DB,22,0,0,96,0,0,0,0,0,0,0,0,0,0,0,279,22,1,Utah,TN
2001Shaun Rogers,RogeSh99,2001,2,61,DET,Shaun Rogers,No,DT,DT,22,0,3,163,0,0,0,0,0,0,0,0,0,0,0,373,1,37.5,Texas,MI
2001Gary Baxter,BaxtGa20,2001,2,62,BAL,Gary Baxter,No,DB,DB,22,0,0,62,0,0,0,0,0,0,0,0,0,0,0,249,8,3,Baylor,MD
2001Derrick Burgess,BurgDe99,2001,3,63,PHI,Derrick Burgess,No,DE,DE,23,0,2,102,0,0,0,0,0,0,0,0,0,0,0,215,0,52,Mississippi,PA
2001Adrian Wilson,WilsAd99,2001,3,64,ARI,Adrian Wilson,No,DB,DB,21,1,5,181,0,0,0,0,0,0,0,0,0,0,0,721,27,25.5,North Carolina St.,AZ
2001James Jackson,JackJa00,2001,3,65,CLE,James Jackson,No,RB,RB,25,0,0,52,0,0,0,0,0,325,1082,5,32,232,0,4,0,0,Miami (FL),OH
2001Sean Brewer,BrewSe20,2001,3,66,CIN,Sean Brewer,No,TE,TE,23,0,0,12,0,0,0,0,0,0,0,0,0,0,0,1,0,0,San Jose St.,OH
2001Tay Cody,CodyTa20,2001,3,67,SDG,Tay Cody,No,DB,DB,23,0,0,19,0,0,0,0,0,0,0,0,0,0,0,65,2,0,Florida St.,CA
2001Mike Gandy,GandMi20,2001,3,68,CHI,Mike Gandy,No,T,T,22,0,0,108,0,0,0,0,0,0,0,0,0,0,0,5,0,0,Notre Dame,IL
2001Eric Kelly,KellEr20,2001,3,69,MIN,Eric Kelly,No,DB,DB,24,0,0,48,0,0,0,0,0,0,0,0,0,0,0,137,3,0,Kentucky,MN
2001Sedrick Hodge,HodgSe20,2001,3,70,NOR,Sedrick Hodge,No,LB,LB,23,0,0,63,0,0,0,0,0,0,0,0,0,0,0,161,0,1,North Carolina,LA
2001Bhawoh Jue,JuexBh20,2001,3,71,GNB,Bhawoh Jue,No,DB,DB,22,0,0,79,0,0,0,0,0,0,0,0,0,0,0,141,6,1.5,Penn St.,WI
2001Torrance Marshall,MarsTo20,2001,3,72,GNB,Torrance Marshall,No,LB,LB,24,0,0,51,0,0,0,0,0,0,0,0,0,0,0,60,0,1,Oklahoma,WI
2001Eric Westmoreland,WestEr20,2001,3,73,JAX,Eric Westmoreland,No,LB,LB,24,0,0,44,0,0,0,0,0,0,0,0,0,0,0,61,0,2,Tennessee,FL
2001Steve Smith,SmitSt01,2001,3,74,CAR,Steve Smith,No,WR,WR,22,2,5,213,0,1,0,0,0,57,387,2,1005,14448,79,42,0,0,Utah,NC
2001Eric Downing,DownEr20,2001,3,75,KAN,Eric Downing,No,DT,DT,23,0,0,45,0,0,0,0,0,0,0,0,0,0,0,31,0,2,Syracuse,MO
2001Ron Edwards,EdwaRo20,2001,3,76,BUF,Ron Edwards,No,DT,DT,22,0,0,139,0,0,0,0,0,0,0,0,0,0,0,145,0,16.5,Texas A&M,NY
2001Snoop Minnis,MinnMa00,2001,3,77,KAN,Snoop Minnis,No,WR,WR,24,0,0,15,0,0,0,0,0,0,0,0,34,515,1,0,0,0,Florida St.,MO
2001Will Peterson,PeteWi20,2001,3,78,NYG,Will Peterson,No,DB,DB,22,0,0,97,0,0,0,0,0,0,0,0,0,0,0,280,8,0,West. Illinois,NY
2001Kareem McKenzie,McKeKa20,2001,3,79,NYJ,Kareem McKenzie,No,T,T,22,0,0,161,0,0,0,0,0,0,0,0,0,0,0,3,0,0,Penn St.,NY
2001Kevan Barlow,BarlKe00,2001,3,80,SFO,Kevan Barlow,No,RB,RB,22,0,0,84,0,0,0,0,0,1022,3984,30,144,1164,3,3,0,0,Pittsburgh,CA
2001Kenny Smith,SmitKe23,2001,3,81,NOR,Kenny Smith,No,DT,DT,24,0,0,36,0,0,0,0,0,0,0,0,0,0,0,57,0,4.5,Alabama,LA
2001Heath Evans,EvanHe00,2001,3,82,SEA,Heath Evans,No,FB,FB,22,0,0,143,0,0,0,0,0,164,579,4,57,439,4,24,0,0,Auburn,WA
2001Brian Allen,AlleBr21,2001,3,83,STL,Brian Allen,No,LB,LB,23,0,0,47,0,0,0,0,0,0,0,0,0,0,0,73,1,1,Florida St.,MO
2001Dwight Smith,SmitDw20,2001,3,84,TAM,Dwight Smith,No,DB,DB,23,0,0,117,0,0,0,0,0,0,0,0,0,0,0,393,22,2,Akron,FL
2001Travis Minor,MinoTr00,2001,3,85,MIA,Travis Minor,No,RB,RB,22,0,0,118,0,0,0,0,0,307,1230,8,67,474,1,54,0,0,Florida St.,FL
2001Brock Williams,WillBr26,2001,3,86,NWE,Brock Williams,No,DB,DB,22,0,0,12,0,0,0,0,0,0,0,0,0,0,0,9,0,0,Notre Dame,MA
2001Reggie Hayward,HaywRe20,2001,3,87,DEN,Reggie Hayward,No,DE,DE,22,0,0,92,0,0,0,0,0,0,0,0,0,0,0,141,1,39.5,Iowa St.,CO
2001Morlon Greenwood,GreeMo20,2001,3,88,MIA,Morlon Greenwood,No,LB,LB,23,0,0,125,0,0,0,0,0,0,0,0,0,0,0,468,2,7,Syracuse,FL
2001DeLawrence Grant,GranDe20,2001,3,89,OAK,DeLawrence Grant,No,DE,DE,21,0,0,49,0,0,0,0,0,0,0,0,0,0,0,45,0,7,Oregon St.,CA
2001Shad Meier,MeieSh00,2001,3,90,TEN,Shad Meier,No,TE,TE,23,0,0,53,0,0,0,0,0,0,0,0,42,334,3,2,0,0,Kansas St.,TN
2001Cory Bird,BirdCo20,2001,3,91,IND,Cory Bird,No,DB,DB,23,0,0,45,0,0,0,0,0,0,0,0,0,0,0,88,0,0.5,Virginia Tech,IN
2001Casey Rabach,RabaCa20,2001,3,92,BAL,Casey Rabach,No,C,C,24,0,0,137,0,0,0,0,0,0,0,0,0,0,0,2,0,0,Wisconsin,MD
2001Willie Blade,BladWi20,2001,3,93,DAL,Willie Blade,No,DT,DT,22,0,0,20,0,0,0,0,0,0,0,0,0,0,0,12,0,1,Mississippi St.,TX
2001James Boyd,BoydJa20,2001,3,94,JAX,James Boyd,No,DB,DB,23,0,0,26,0,0,0,0,0,0,0,0,0,0,0,11,0,0,Penn St.,FL
2001Jonas Jennings,JennJo20,2001,3,95,BUF,Jonas Jennings,No,T,T,23,0,0,75,0,0,0,0,0,0,0,0,0,0,0,0,0,0,Georgia,NY
2001Kenyatta Jones,JoneKe22,2001,4,96,NWE,Kenyatta Jones,No,T,T,22,0,0,21,0,0,0,0,0,0,0,0,0,0,0,0,0,0,South Florida,MA
2001Anthony Henry,HenrAn20,2001,4,97,CLE,Anthony Henry,No,DB,DB,24,0,0,132,0,0,0,0,0,0,0,0,0,0,0,425,31,2,South Florida,OH
2001Bill Gramatica,gramabil01,2001,4,98,ARI,Bill Gramatica,No,K,K,23,0,0,34,0,0,0,0,0,0,0,0,0,0,0,2,0,0,South Florida,AZ
2001Roberto Garza,GarzRo20,2001,4,99,ATL,Roberto Garza,No,G,G,22,0,0,206,0,0,0,0,0,0,0,0,0,0,0,6,0,0,Texas A&M-Kingsville,GA
2001Rudi Johnson,JohnRu00,2001,4,100,CIN,Rudi Johnson,No,RB,RB,21,0,1,95,0,0,0,0,0,1517,5979,49,113,676,2,2,0,0,Auburn,OH
2001Jamie Henderson,HendJa20,2001,4,101,NYJ,Jamie Henderson,No,DB,DB,22,0,0,32,0,0,0,0,0,0,0,0,0,0,0,36,1,0,Georgia,NY
2001Matt Stewart,StewMa21,2001,4,102,ATL,Matt Stewart,No,LB,LB,22,0,0,93,0,0,0,0,0,0,0,0,0,0,0,239,1,8,Vanderbilt,GA
2001Karon Riley,RileKa20,2001,4,103,CHI,Karon Riley,No,LB,LB,23,0,0,25,0,0,0,0,0,0,0,0,0,0,0,12,0,0,Minnesota,IL
2001Orlando Huff,HuffOr20,2001,4,104,SEA,Orlando Huff,No,LB,LB,23,0,0,87,0,0,0,0,0,0,0,0,0,0,0,217,2,3,Fresno St.,WA
2001Bill Ferrario,FerrBi20,2001,4,105,GNB,Bill Ferrario,No,G,G,23,0,0,16,0,0,0,0,0,0,0,0,0,0,0,0,0,0,Wisconsin,WI
2001Chris Weinke,WeinCh00,2001,4,106,CAR,Chris Weinke,No,QB,QB,29,0,0,29,386,709,3904,15,26,54,148,6,0,0,0,1,0,0,Florida St.,NC
2001Monty Beisel,BeisMo20,2001,4,107,KAN,Monty Beisel,No,LB,LB,23,0,0,119,0,0,0,0,0,0,0,0,0,0,0,191,2,4.5,Kansas St.,MO
2001George Layne,LaynGe00,2001,4,108,KAN,George Layne,No,RB,RB,22,0,0,11,0,0,0,0,0,3,32,0,4,20,0,8,0,0,TCU,MO
2001Sage Rosenfels,RoseSa00,2001,4,109,WAS,Sage Rosenfels,No,QB,QB,23,0,0,44,351,562,4156,30,29,48,95,1,0,0,0,1,0,0,Iowa St.,DC
2001Brandon Spoon,SpooBr20,2001,4,110,BUF,Brandon Spoon,No,LB,LB,23,0,0,14,0,0,0,0,0,0,0,0,0,0,0,45,2,0,North Carolina,NY
2001Mathias Nkwenti,NkweMa20,2001,4,111,PIT,Mathias Nkwenti,No,T,T,23,0,0,2,0,0,0,0,0,0,0,0,0,0,0,0,0,0,Temple,PA
2001Carlos Polk,PolkCa20,2001,4,112,SDG,Carlos Polk,No,LB,LB,24,0,0,74,0,0,0,0,0,0,0,0,0,0,0,100,0,4,Nebraska,CA
2001Ben Hamilton,HamiBe20,2001,4,113,DEN,Ben Hamilton,No,G,G,24,0,0,118,0,0,0,0,0,0,0,0,0,0,0,2,0,0,Minnesota,CO
2001Cedric Scott,ScotCe20,2001,4,114,NYG,Cedric Scott,No,DE,DE,23,0,0,13,0,0,0,0,0,0,0,0,0,0,0,4,0,0,Southern Miss,NY
2001Moran Norris,NorrMo00,2001,4,115,NOR,Moran Norris,No,FB,FB,23,0,0,140,0,0,0,0,0,28,67,1,38,198,3,19,0,0,Kansas,LA
2001Milton Wynn,WynnMi00,2001,4,116,STL,Milton Wynn,No,WR,WR,23,0,0,4,0,0,0,0,0,0,0,0,4,69,0,1,0,0,Washington St.,MO
2001John Howell,HoweJo21,2001,4,117,TAM,John Howell,No,DB,DB,23,0,0,65,0,0,0,0,0,0,0,0,0,0,0,83,0,0,Colorado St.,FL
2001Ryan Diem,DiemRy20,2001,4,118,IND,Ryan Diem,No,T,T,22,0,0,157,0,0,0,0,0,0,0,0,0,0,0,1,0,0,Northern Illinois,IN
2001Jabari Holloway,HollJa01,2001,4,119,NWE,Jabari Holloway,No,TE,TE,22,0,0,26,0,0,0,0,0,0,0,0,15,157,0,2,0,0,Notre Dame,MA
2001Nick Harris,HarrNi20,2001,4,120,DEN,Nick Harris,No,P,P,23,0,0,183,0,1,0,0,0,2,-7,0,0,0,0,12,0,0,California,CO
2001Correll Buckhalter,BuckCo00,2001,4,121,PHI,Correll Buckhalter,No,RB,RB,22,0,0,103,0,0,0,0,0,655,2944,21,144,1410,6,15,0,0,Nebraska,PA
2001Markus Steele,SteeMa20,2001,4,122,DAL,Markus Steele,No,LB,LB,22,0,0,42,0,0,0,0,0,0,0,0,0,0,0,71,0,0,USC,TX
2001Marcus Bell,BellMa20,2001,4,123,ARI,Marcus Bell,No,DT,DT,22,0,0,86,0,0,0,0,0,0,0,0,0,0,0,116,0,6.5,Memphis,AZ
2001Justin McCareins,McCaJu00,2001,4,124,TEN,Justin McCareins,No,WR,WR,22,0,0,114,0,0,0,0,0,8,42,0,240,3676,16,18,0,0,Northern Illinois,TN
2001Jesse Palmer,PalmJe00,2001,4,125,NYG,Jesse Palmer,No,QB,QB,22,0,0,8,63,120,562,3,4,5,20,0,0,0,0,0,0,0,Florida,NY
2001Ed Hartwell,HartEd20,2001,4,126,BAL,Ed Hartwell,No,LB,LB,23,0,0,77,0,0,0,0,0,0,0,0,0,0,0,275,1,7,West. Illinois,MD
2001Curtis Fuller,FullCu20,2001,4,127,SEA,Curtis Fuller,No,DB,DB,23,0,0,42,0,0,0,0,0,0,0,0,0,0,0,40,1,0,TCU,WA
2001Floyd Womack,WomaFl20,2001,4,128,SEA,Floyd Womack,No,T,T,22,0,0,120,0,0,0,0,0,0,0,0,0,0,0,1,0,0,Mississippi St.,WA
2001Brandon Manumaleuna,ManuBr00,2001,4,129,STL,Brandon Manumaleuna,No,TE,TE,21,0,0,158,0,0,0,0,0,6,18,0,115,1008,13,10,0,0,Arizona,MO
2001Shawn Worthen,WortSh20,2001,4,130,MIN,Shawn Worthen,No,DT,DT,25,0,0,4,0,0,0,0,0,0,0,0,0,0,0,3,0,0,TCU,MN
2001Cedric James,JameCe00,2001,4,131,MIN,Cedric James,No,WR,WR,22,0,0,5,0,0,0,0,0,0,0,0,1,29,0,1,0,0,TCU,MN
2001Elliot Silvers,0,2001,5,132,SDG,Elliot Silvers,No,T,T,0,0,0,0,0,0,0,0,0,0,0,0,0,0,0,0,0,0,Washington,CA
2001Mario Fatafehi,FataMa20,2001,5,133,ARI,Mario Fatafehi,No,DT,DT,22,0,0,45,0,0,0,0,0,0,0,0,0,0,0,40,0,5,Kansas St.,AZ
2001Jeremiah Pharms,0,2001,5,134,CLE,Jeremiah Pharms,No,LB,LB,0,0,0,0,0,0,0,0,0,0,0,0,0,0,0,0,0,0,Washington,OH
2001Victor Leyva,LeyvVi20,2001,5,135,CIN,Victor Leyva,No,G,G,23,0,0,10,0,0,0,0,0,0,0,0,0,0,0,0,0,0,Arizona St.,OH
2001Vinny Sutherland,SuthVi00,2001,5,136,ATL,Vinny Sutherland,No,WR,WR,23,0,0,18,0,0,0,0,0,1,16,0,1,5,0,1,0,0,Purdue,GA
2001Matt Lehr,LehrMa20,2001,5,137,DAL,Matt Lehr,No,C,C,22,0,0,98,0,0,0,0,0,0,0,0,0,0,0,1,0,0,Virginia Tech,TX
2001Bernard Robertson,RobeBe20,2001,5,138,CHI,Bernard Robertson,No,T,T,22,0,0,16,0,0,0,0,0,0,0,0,0,0,0,0,0,0,Tulane,IL
2001Zeke Moreno,MoreZe20,2001,5,139,SDG,Zeke Moreno,No,LB,LB,22,0,0,61,0,0,0,0,0,0,0,0,0,0,0,140,1,3,USC,CA
2001Alex Bannister,BannAl00,2001,5,140,SEA,Alex Bannister,No,WR,WR,22,0,1,59,0,0,0,0,0,0,0,0,9,121,1,44,0,0,East. Kentucky,WA
2001Bill Baber,BabeBi00,2001,5,141,KAN,Bill Baber,No,TE,TE,22,0,0,30,0,0,0,0,0,0,0,0,4,37,1,0,0,0,Virginia,MO
2001David Leaverton,0,2001,5,142,JAX,David Leaverton,No,P,P,0,0,0,0,0,0,0,0,0,0,0,0,0,0,0,0,0,0,Tennessee,FL
2001Jarrod Cooper,CoopJa20,2001,5,143,CAR,Jarrod Cooper,No,DB,DB,23,0,0,87,0,0,0,0,0,0,0,0,0,0,0,111,0,1.5,Kansas St.,NC
2001Marques Sullivan,SullMa20,2001,5,144,BUF,Marques Sullivan,No,G,G,23,0,0,32,0,0,0,0,0,0,0,0,0,0,0,0,0,0,Illinois,NY
2001Jerametrius Butler,ButlJe20,2001,5,145,STL,Jerametrius Butler,No,DB,DB,22,0,0,70,0,0,0,0,0,0,0,0,0,0,0,172,9,0,Kansas St.,MO
2001Chukky Okobi,OkobCh20,2001,5,146,PIT,Chukky Okobi,No,C,C,22,0,0,78,0,0,0,0,0,0,0,0,0,0,0,0,0,0,Purdue,PA
2001Tony Stewart,StewTo00,2001,5,147,PHI,Tony Stewart,No,TE,TE,22,0,0,115,0,0,0,0,0,0,0,0,76,623,3,46,0,0,Penn St.,PA
2001Scotty Anderson,AndeSc00,2001,5,148,DET,Scotty Anderson,No,WR,WR,21,0,0,34,0,0,0,0,0,0,0,0,54,858,4,3,0,0,Grambling St.,MI
2001Mike McMahon,McMaMi00,2001,5,149,DET,Mike McMahon,No,QB,QB,22,0,0,29,229,515,2867,15,21,82,409,7,1,7,0,3,0,0,Rutgers,MI
2001Derrick Blaylock,BlayDe00,2001,5,150,KAN,Derrick Blaylock,No,RB,RB,22,0,0,51,0,0,0,0,0,198,820,10,53,520,2,21,0,0,S.F. Austin,MO
2001Russ Hochstein,HochRu20,2001,5,151,TAM,Russ Hochstein,No,C,C,23,0,0,149,0,0,0,0,0,0,0,0,0,0,0,3,0,0,Nebraska,FL
2001Raymond Walls,WallRa20,2001,5,152,IND,Raymond Walls,No,DB,DB,22,0,0,41,0,0,0,0,0,0,0,0,0,0,0,39,1,0,Southern Miss,IN
2001Onomo Ojo,0,2001,5,153,NOR,Onomo Ojo,No,WR,WR,0,0,0,0,0,0,0,0,0,0,0,0,0,0,0,0,0,0,California-Davis,LA
2001Darnerien McCants,McCaDa00,2001,5,154,WAS,Darnerien McCants,No,WR,WR,23,0,0,41,0,0,0,0,0,1,9,0,58,774,8,6,0,0,Delaware St.,DC
2001A.J. Feeley,FeelA.00,2001,5,155,PHI,A.J. Feeley,No,QB,QB,24,0,0,28,425,762,4618,28,31,37,49,1,0,0,0,2,0,0,Oregon,PA
2001Shawn Draper,0,2001,5,156,MIA,Shawn Draper,No,T,T,0,0,0,0,0,0,0,0,0,0,0,0,0,0,0,0,0,0,Alabama,FL
2001Patrick Chukwurah,ChukPa20,2001,5,157,MIN,Patrick Chukwurah,No,LB,LB,22,0,0,78,0,0,0,0,0,0,0,0,0,0,0,60,0,9,Wyoming,MN
2001Ray Perryman,PerrRa21,2001,5,158,OAK,Ray Perryman,No,DB,DB,22,0,0,10,0,0,0,0,0,0,0,0,0,0,0,0,0,0,Northern Arizona,CA
2001Eddie Berlin,BerlEd00,2001,5,159,TEN,Eddie Berlin,No,WR,WR,23,0,0,62,0,0,0,0,0,0,0,0,26,379,2,28,0,0,Northern Iowa,TN
2001John Markham,0,2001,5,160,NYG,John Markham,No,K,K,0,0,0,0,0,0,0,0,0,0,0,0,0,0,0,0,0,0,Vanderbilt,NY
2001Chris Barnes,0,2001,5,161,BAL,Chris Barnes,No,RB,RB,0,0,0,0,0,0,0,0,0,0,0,0,0,0,0,0,0,0,New Mexico St.,MD
2001Jonathan Carter,CartJo01,2001,5,162,NYG,Jonathan Carter,No,WR,WR,22,0,0,25,0,0,0,0,0,0,0,0,14,266,2,0,0,0,Troy,NY
2001Hakim Akbar,AkbaHa20,2001,5,163,NWE,Hakim Akbar,No,LB,LB,21,0,0,10,0,0,0,0,0,0,0,0,0,0,0,2,0,0,Washington,MA
2001Brandon Winey,WineBr20,2001,6,164,MIA,Brandon Winey,No,T,T,23,0,0,24,0,0,0,0,0,0,0,0,0,0,0,0,0,0,LSU,FL
2001Michael Jameson,JameMi20,2001,6,165,CLE,Michael Jameson,No,DB,DB,22,0,0,42,0,0,0,0,0,0,0,0,0,0,0,33,1,1,Texas A&M,OH
2001Bobby Newcombe,0,2001,6,166,ARI,Bobby Newcombe,No,WR,WR,0,0,0,0,0,0,0,0,0,0,0,0,0,0,0,0,0,0,Nebraska,AZ
2001Randy Garner,0,2001,6,167,ATL,Randy Garner,No,DE,DE,0,0,0,0,0,0,0,0,0,0,0,0,0,0,0,0,0,0,Arkansas,GA
2001Riall Johnson,JohnRi20,2001,6,168,CIN,Riall Johnson,No,LB,LB,23,0,0,32,0,0,0,0,0,0,0,0,0,0,0,19,0,0,Stanford,OH
2001Cedrick Wilson,WilsCe00,2001,6,169,SFO,Cedrick Wilson,No,WR,WR,22,0,0,100,2,2,27,0,0,7,53,0,178,2365,8,9,0,0,Tennessee,CA
2001Chad Ward,0,2001,6,170,JAX,Chad Ward,No,G,G,0,0,0,0,0,0,0,0,0,0,0,0,0,0,0,0,0,0,Washington,FL
2001Daleroy Stewart,StewDa20,2001,6,171,DAL,Daleroy Stewart,No,DT,DT,22,0,0,26,0,0,0,0,0,0,0,0,0,0,0,16,0,1.5,Southern Miss,TX
2001Josh Booty,0,2001,6,172,SEA,Josh Booty,No,QB,QB,0,0,0,0,0,0,0,0,0,0,0,0,0,0,0,0,0,0,LSU,WA
2001Jason Glenn,GlenJa20,2001,6,173,DET,Jason Glenn,No,LB,LB,22,0,0,80,0,0,0,0,0,0,0,0,0,0,0,83,0,0,Texas A&M,MI
2001Jameel Cook,CookJa00,2001,6,174,TAM,Jameel Cook,No,FB,FB,22,0,0,109,0,0,0,0,0,14,43,0,84,510,3,37,0,0,Illinois,FL
2001Dee Brown,BrowDe02,2001,6,175,CAR,Dee Brown,No,RB,RB,23,0,0,43,0,1,0,0,1,119,405,4,21,114,2,15,0,0,Syracuse,NC
2001Alex Sulfsted,SulfAl20,2001,6,176,KAN,Alex Sulfsted,No,T,T,23,0,0,18,0,0,0,0,0,0,0,0,0,0,0,0,0,0,Miami (OH),MO
2001Josh Heupel,0,2001,6,177,MIA,Josh Heupel,No,QB,QB,0,0,0,0,0,0,0,0,0,0,0,0,0,0,0,0,0,0,Oklahoma,FL
2001Tony Driver,DrivTo20,2001,6,178,BUF,Tony Driver,No,DB,DB,24,0,0,11,0,0,0,0,0,0,0,0,0,0,0,4,0,0,Notre Dame,NY
2001Rashad Holman,HolmRa20,2001,6,179,SFO,Rashad Holman,No,DB,DB,23,0,0,46,0,0,0,0,0,0,0,0,0,0,0,89,2,0,Louisville,CA
2001Arther Love,0,2001,6,180,NWE,Arther Love,No,TE,TE,0,0,0,0,0,0,0,0,0,0,0,0,0,0,0,0,0,0,South Carolina St.,MA
2001Rodney Bailey,BailRo21,2001,6,181,PIT,Rodney Bailey,No,DE,DE,21,0,0,84,0,0,0,0,0,0,0,0,0,0,0,51,0,9.5,Ohio St.,PA
2001Roger Knight,KnigRo20,2001,6,182,PIT,Roger Knight,No,LB,LB,22,0,0,48,0,0,0,0,0,0,0,0,0,0,0,51,0,0,Wisconsin,PA
2001Ellis Wyms,WymsEl20,2001,6,183,TAM,Ellis Wyms,No,DE,DE,22,0,0,95,0,0,0,0,0,0,0,0,0,0,0,102,0,19,Mississippi St.,FL
2001Chris Cooper,CoopCh20,2001,6,184,OAK,Chris Cooper,No,DT,DT,23,0,0,78,0,0,0,0,0,0,0,0,0,0,0,99,1,8.5,Nebraska-Omaha,CA
2001Mitch White,0,2001,6,185,NOR,Mitch White,No,T,T,0,0,0,0,0,0,0,0,0,0,0,0,0,0,0,0,0,0,Oregon St.,LA
2001Mario Monds,MondMa20,2001,6,186,WAS,Mario Monds,No,DT,DT,24,0,0,7,0,0,0,0,0,0,0,0,0,0,0,4,0,0,Cincinnati,DC
2001Otis Leverette,LeveOt20,2001,6,187,MIA,Otis Leverette,No,DE,DE,23,0,0,17,0,0,0,0,0,0,0,0,0,0,0,25,1,2,Ala-Birmingham,FL
2001Rick Crowell,0,2001,6,188,MIA,Rick Crowell,No,LB,LB,0,0,0,0,0,0,0,0,0,0,0,0,0,0,0,0,0,0,Colorado St.,FL
2001Carey Scott,ScotCa20,2001,6,189,MIN,Carey Scott,No,DB,DB,23,0,0,7,0,0,0,0,0,0,0,0,0,0,0,2,0,0,Kentucky St.,MN
2001Kevin Kasper,KaspKe00,2001,6,190,DEN,Kevin Kasper,No,WR,WR,23,0,0,39,0,0,0,0,0,7,34,0,24,287,3,11,0,0,Iowa,CO
2001Menson Holloway,0,2001,6,191,SFO,Menson Holloway,No,DE,DE,0,0,0,0,0,0,0,0,0,0,0,0,0,0,0,0,0,0,Texas-El Paso,CA
2001Dan Alexander,AlexDa21,2001,6,192,TEN,Dan Alexander,No,RB,RB,23,0,0,11,0,0,0,0,0,0,0,0,0,0,0,2,0,0,Nebraska,TN
2001Jason Doering,DoerJa20,2001,6,193,IND,Jason Doering,No,DB,DB,23,0,0,53,0,0,0,0,0,0,0,0,0,0,0,69,0,0,Wisconsin,IN
2001Joe Maese,MaesJo20,2001,6,194,BAL,Joe Maese,No,C,C,22,0,0,65,0,0,0,0,0,0,0,0,0,0,0,0,0,0,New Mexico,MD
2001Dan O'Leary,OLeaDa20,2001,6,195,BUF,Dan O'Leary,No,TE,TE,24,0,0,17,0,0,0,0,0,0,0,0,0,0,0,2,0,0,Notre Dame,NY
2001Jimmy Williams,WillJi22,2001,6,196,BUF,Jimmy Williams,No,DB,DB,22,0,0,80,0,0,0,0,0,0,0,0,0,0,0,110,3,1,Vanderbilt,NY
2001Francis St. Paul,0,2001,6,197,STL,Francis St. Paul,No,WR,WR,0,0,0,0,0,0,0,0,0,0,0,0,0,0,0,0,0,0,Northern Arizona,MO
2001David Martin,MartDa00,2001,6,198,GNB,David Martin,No,TE,TE,22,0,0,120,0,0,0,0,0,0,0,0,159,1562,15,16,0,0,Tennessee,WI
2001Adam Haayer,HaayAd20,2001,6,199,TEN,Adam Haayer,No,T,T,24,0,0,20,0,0,0,0,0,0,0,0,0,0,0,0,0,0,Minnesota,TN
2001Leonard Myers,MyerLe20,2001,6,200,NWE,Leonard Myers,No,DB,DB,22,0,0,17,0,0,0,0,0,0,0,0,0,0,0,21,0,0,Miami (FL),MA
2001Brandon Gorin,GoriBr20,2001,7,201,SDG,Brandon Gorin,No,T,T,23,0,0,48,0,0,0,0,0,0,0,0,0,0,0,0,0,0,Purdue,CA
2001Renaldo Hill,HillRe20,2001,7,202,ARI,Renaldo Hill,No,DB,DB,22,0,0,141,0,0,0,0,0,0,0,0,0,0,0,487,19,6.5,Michigan St.,AZ
2001Paul Zukauskas,ZukaPa20,2001,7,203,CLE,Paul Zukauskas,No,G,G,22,0,0,43,0,0,0,0,0,0,0,0,0,0,0,0,0,0,Boston Col.,OH
2001T.J. Houshmandzadeh,HousTJ00,2001,7,204,CIN,T.J. Houshmandzadeh,No,WR,WR,24,0,1,146,0,0,0,0,0,23,142,1,627,7237,44,26,0,0,Oregon St.,OH
2001Dauntae' Finger,0,2001,7,205,TAM,Dauntae' Finger,No,TE,TE,0,0,0,0,0,0,0,0,0,0,0,0,0,0,0,0,0,0,North Carolina,FL
2001James Reed,ReedJa21,2001,7,206,NYJ,James Reed,No,DT,DT,24,0,0,99,0,0,0,0,0,0,0,0,0,0,0,139,0,7,Iowa St.,NY
2001Colston Weatherington,WeatCo20,2001,7,207,DAL,Colston Weatherington,No,DE,DE,23,0,0,3,0,0,0,0,0,0,0,0,0,0,0,1,0,0,Central Missouri St.,TX
2001John Capel,0,2001,7,208,CHI,John Capel,No,WR,WR,0,0,0,0,0,0,0,0,0,0,0,0,0,0,0,0,0,0,Florida,IL
2001Alex Lincoln,0,2001,7,209,SFO,Alex Lincoln,No,LB,LB,0,0,0,0,0,0,0,0,0,0,0,0,0,0,0,0,0,0,Auburn,CA
2001Harold Blackmon,BlacHa20,2001,7,210,SEA,Harold Blackmon,No,DB,DB,23,0,0,9,0,0,0,0,0,0,0,0,0,0,0,1,0,0,Northwestern,WA
2001Louis Williams,WillLo20,2001,7,211,CAR,Louis Williams,No,C,C,22,0,0,2,0,0,0,0,0,0,0,0,0,0,0,0,0,0,LSU,NC
2001Shaunard Harts,HartSh20,2001,7,212,KAN,Shaunard Harts,No,DB,DB,23,0,0,51,0,0,0,0,0,0,0,0,0,0,0,141,2,2,Boise St.,MO
2001Anthony Denman,DenmAn20,2001,7,213,JAX,Anthony Denman,No,LB,LB,21,0,0,27,0,0,0,0,0,0,0,0,0,0,0,19,0,0,Notre Dame,FL
2001Reggie Germany,GermRe00,2001,7,214,BUF,Reggie Germany,No,WR,WR,23,0,0,16,0,0,0,0,0,0,0,0,12,203,0,5,0,0,Ohio St.,NY
2001Corey Hall,HallCo20,2001,7,215,ATL,Corey Hall,No,DB,DB,22,0,0,3,0,0,0,0,0,0,0,0,0,0,0,0,0,0,Appalachian St.,GA
2001Owen Pochman,pochmowe01,2001,7,216,NWE,Owen Pochman,No,K,K,24,0,0,16,0,0,0,0,0,0,0,0,0,0,0,3,0,0,BYU,MA
2001Tupe Peko,PekoTu20,2001,7,217,NYJ,Tupe Peko,No,G,G,23,0,0,27,0,0,0,0,0,0,0,0,0,0,0,0,0,0,Michigan St.,NY
2001Chris Taylor,0,2001,7,218,PIT,Chris Taylor,No,WR,WR,0,0,0,0,0,0,0,0,0,0,0,0,0,0,0,0,0,0,Texas A&M,PA
2001Kynan Forney,FornKy20,2001,7,219,ATL,Kynan Forney,No,G,G,23,0,0,98,0,0,0,0,0,0,0,0,0,0,0,0,0,0,Hawaii,GA
2001Rick DeMulling,DeMuRi20,2001,7,220,IND,Rick DeMulling,No,G,G,24,0,0,81,0,0,0,0,0,0,0,0,0,0,0,0,0,0,Idaho,IN
2001Ennis Davis,0,2001,7,221,NOR,Ennis Davis,No,DT,DT,0,0,0,0,0,0,0,0,0,0,0,0,0,0,0,0,0,0,USC,LA
2001Dennis Norman,NormDe20,2001,7,222,SEA,Dennis Norman,No,C,C,21,0,0,74,0,0,0,0,0,0,0,0,0,0,0,0,0,0,Princeton,WA
2001Than Merrill,MerrTh20,2001,7,223,TAM,Than Merrill,No,DB,DB,23,0,0,15,0,0,0,0,0,0,0,0,0,0,0,7,0,0,Yale,FL
2001Eric Johnson,JohnEr00,2001,7,224,SFO,Eric Johnson,No,TE,TE,22,0,0,71,0,0,0,0,0,0,0,0,240,2178,9,9,0,0,Yale,CA
2001Brian Crawford,0,2001,7,225,MIN,Brian Crawford,No,T,T,0,0,0,0,0,0,0,0,0,0,0,0,0,0,0,0,0,0,West. Oregon,MN
2001Ronald Flemons,FlemRo20,2001,7,226,ATL,Ronald Flemons,No,DE,DE,21,0,0,6,0,0,0,0,0,0,0,0,0,0,0,1,0,0.5,Texas A&M,GA
2001Mike Roberg,RobeMi00,2001,7,227,CAR,Mike Roberg,No,TE,TE,24,0,0,13,0,0,0,0,0,0,0,0,2,17,1,1,0,0,Idaho,NC
2001Derek Combs,CombDe20,2001,7,228,OAK,Derek Combs,No,DB,DB,22,0,0,12,0,0,0,0,0,0,0,0,0,0,0,8,0,0,Ohio St.,CA
2001Ken-Yon Rambo,RambKe00,2001,7,229,OAK,Ken-Yon Rambo,No,WR,WR,22,0,0,29,0,0,0,0,0,0,0,0,17,239,0,3,0,0,Ohio St.,CA
2001Ross Kolodziej,KoloRo20,2001,7,230,NYG,Ross Kolodziej,No,DT,DT,23,0,0,54,0,0,0,0,0,0,0,0,0,0,0,30,0,4,Wisconsin,NY
2001Dwayne Missouri,MissDw20,2001,7,231,BAL,Dwayne Missouri,No,DE,DE,22,0,0,2,0,0,0,0,0,0,0,0,0,0,0,0,0,0,Northwestern,MD
2001Keith Adams,AdamKe20,2001,7,232,TEN,Keith Adams,No,LB,LB,21,0,0,85,0,0,0,0,0,0,0,0,0,0,0,143,0,0,Clemson,TN
2001Marlon McCree,McCrMa20,2001,7,233,JAX,Marlon McCree,No,DB,DB,24,0,0,116,0,0,0,0,0,0,0,0,0,0,0,346,16,3,Kentucky,FL
2001Joe Tafoya,TafoJo20,2001,7,234,TAM,Joe Tafoya,No,DE,DE,23,0,0,76,0,0,0,0,0,0,0,0,0,0,0,69,0,3.5,Arizona,FL
2001Richmond Flowers,0,2001,7,235,JAX,Richmond Flowers,No,WR,WR,0,0,0,0,0,0,0,0,0,0,0,0,0,0,0,0,0,0,Chattanooga,FL
2001Quentin McCord,McCoQu00,2001,7,236,ATL,Quentin McCord,No,WR,WR,23,0,0,25,0,0,0,0,0,4,13,0,23,427,1,7,0,0,Kentucky,GA
2001Kris Kocurek,KocuKr20,2001,7,237,SEA,Kris Kocurek,No,DT,DT,22,0,0,1,0,0,0,0,0,0,0,0,0,0,0,0,0,0,Texas Tech,WA
2001Tyrone Robertson,RobeTy20,2001,7,238,BUF,Tyrone Robertson,No,DT,DT,22,0,0,12,0,0,0,0,0,0,0,0,0,0,0,19,0,2,Georgia,NY
2001T.J. Turner,TurnT.21,2001,7,239,NWE,T.J. Turner,No,LB,LB,22,0,0,2,0,0,0,0,0,0,0,0,0,0,0,1,0,0,Michigan St.,MA
2001John Nix,NixxJo20,2001,7,240,DAL,John Nix,No,DT,DT,24,0,0,31,0,0,0,0,0,0,0,0,0,0,0,14,0,0,Southern Miss,TX
2001Randy Chevrier,ChevRa20,2001,7,241,JAX,Randy Chevrier,No,DT,DT,25,0,0,13,0,0,0,0,0,0,0,0,0,0,0,1,0,0,McGill,FL
2001Char-ron Dorsey,DorsCh20,2001,7,242,DAL,Char-ron Dorsey,No,T,T,23,0,0,12,0,0,0,0,0,0,0,0,0,0,0,0,0,0,Florida St.,TX
2001Terdell Sands,SandTe20,2001,7,243,KAN,Terdell Sands,No,DT,DT,21,0,0,77,0,0,0,0,0,0,0,0,0,0,0,96,1,4,Tenn-Chattanooga,MO
2001Robert Carswell,CarsRo20,2001,7,244,SDG,Robert Carswell,No,DB,DB,22,0,0,18,0,0,0,0,0,0,0,0,0,0,0,14,0,0,Clemson,CA
2001Andre King,KingAn00,2001,7,245,CLE,Andre King,No,WR,WR,27,0,0,42,0,0,0,0,0,0,0,0,30,327,0,6,0,0,Miami (FL),OH
2001Tevita Ofahengaue,0,2001,7,246,ARI,Tevita Ofahengaue,No,TE,TE,0,0,0,0,0,0,0,0,0,0,0,0,0,0,0,0,0,0,BYU,AZ
2000Courtney Brown,BrowCo22,2000,1,1,CLE,Courtney Brown,No,DE,DE,22,0,0,61,0,0,0,0,0,0,0,0,0,0,0,155,0,19,Penn St.,OH
2000LaVar Arrington,ArriLa00,2000,1,2,WAS,LaVar Arrington,No,LB,LB,22,0,3,85,0,0,0,0,0,0,0,0,0,0,0,331,3,23.5,Penn St.,DC
2000Chris Samuels,SamuCh00,2000,1,3,WAS,Chris Samuels,No,T,T,23,0,6,141,0,0,0,0,0,0,0,0,0,0,0,1,0,0,Alabama,DC
2000Peter Warrick,WarrPe00,2000,1,4,CIN,Peter Warrick,No,WR,WR,23,0,0,79,0,0,0,0,0,53,360,2,275,2991,18,12,0,0,Florida St.,OH
2000Jamal Lewis,LewiJa00,2000,1,5,BAL,Jamal Lewis,No,RB,RB,21,1,1,131,0,0,0,0,0,2542,10607,58,221,1879,4,8,0,0,Tennessee,MD
2000Corey Simon,SimoCo00,2000,1,6,PHI,Corey Simon,No,DT,DT,23,0,1,95,0,0,0,0,0,0,0,0,0,0,0,190,0,32,Florida St.,PA
2000Thomas Jones,JoneTh00,2000,1,7,ARI,Thomas Jones,No,RB,RB,22,0,1,180,1,1,-4,0,0,2678,10591,68,308,2023,3,12,0,0,Virginia,AZ
2000Plaxico Burress,BurrPl00,2000,1,8,PIT,Plaxico Burress,No,WR,WR,23,0,0,148,0,0,0,0,0,1,-7,0,553,8499,64,13,0,0,Michigan St.,PA
2000Brian Urlacher,UrlaBr00,2000,1,9,CHI,Brian Urlacher,No,LB,LB,22,4,8,182,0,1,0,0,0,0,0,0,1,27,1,1040,22,41.5,New Mexico,IL
2000Travis Taylor,TaylTr01,2000,1,10,BAL,Travis Taylor,No,WR,WR,21,0,0,101,0,0,0,0,0,32,232,0,312,4017,22,12,0,0,Florida,MD
2000Ron Dayne,DaynRo00,2000,1,11,NYG,Ron Dayne,No,RB,RB,22,0,0,96,0,0,0,0,0,983,3722,28,57,340,0,7,0,0,Wisconsin,NY
2000Shaun Ellis,ElliSh00,2000,1,12,NYJ,Shaun Ellis,No,DE,DE,23,0,2,184,0,0,0,0,0,0,0,0,0,0,0,388,1,73.5,Tennessee,NY
2000John Abraham,AbraJo00,2000,1,13,NYJ,John Abraham,No,DE,DE,22,2,5,192,0,0,0,0,0,0,0,0,0,0,0,446,1,133.5,South Carolina,NY
2000Bubba Franks,FranBu00,2000,1,14,GNB,Bubba Franks,No,TE,TE,22,0,3,122,1,1,31,1,0,0,0,0,262,2347,32,16,0,0,Miami (FL),WI
2000Deltha O'Neal,ONeaDe00,2000,1,15,DEN,Deltha O'Neal,No,DB,DB,23,1,2,132,0,0,0,0,0,1,0,0,2,4,0,342,34,1,California,CO
2000Julian Peterson,PeteJu00,2000,1,16,SFO,Julian Peterson,No,LB,LB,22,1,5,158,0,0,0,0,0,0,0,0,0,0,0,595,8,51.5,Michigan St.,CA
2000Sebastian Janikowski,janikseb01,2000,1,17,OAK,Sebastian Janikowski,No,K,K,22,0,1,262,0,0,0,0,0,0,0,0,0,0,0,19,0,0,Florida St.,CA
2000Chad Pennington,PennCh01,2000,1,18,NYJ,Chad Pennington,No,QB,QB,24,0,0,89,1632,2471,17823,102,64,180,465,7,0,7,0,3,0,0,Marshall,NY
2000Shaun Alexander,AlexSh00,2000,1,19,SEA,Shaun Alexander,No,RB,RB,23,1,3,123,0,0,0,0,0,2187,9453,100,215,1520,12,3,0,0,Alabama,WA
2000Stockar McDougle,McDoSt20,2000,1,20,DET,Stockar McDougle,No,T,T,23,0,0,81,0,0,0,0,0,0,0,0,0,0,0,0,0,0,Oklahoma,MI
2000Sylvester Morris,MorrSy00,2000,1,21,KAN,Sylvester Morris,No,WR,WR,22,0,0,15,1,1,31,0,0,0,0,0,48,678,3,0,0,0,Jackson St.,MO
2000Chris McIntosh,McInCh20,2000,1,22,SEA,Chris McIntosh,No,T,T,23,0,0,24,0,0,0,0,0,0,0,0,0,0,0,0,0,0,Wisconsin,WA
2000Rashard Anderson,AndeRa21,2000,1,23,CAR,Rashard Anderson,No,DB,DB,23,0,0,27,0,0,0,0,0,0,0,0,0,0,0,59,1,0,Jackson St.,NC
2000Ahmed Plummer,PlumAh20,2000,1,24,SFO,Ahmed Plummer,No,DB,DB,24,0,0,70,0,0,0,0,0,0,0,0,0,0,0,268,12,0,Ohio St.,CA
2000Chris Hovan,HovaCh20,2000,1,25,MIN,Chris Hovan,No,DT,DT,22,0,0,156,0,0,0,0,0,0,0,0,0,0,0,308,0,22,Boston Col.,MN
2000Erik Flowers,FlowEr20,2000,1,26,BUF,Erik Flowers,No,DE,DE,22,0,0,58,0,0,0,0,0,0,0,0,0,0,0,38,1,5,Arizona St.,NY
2000Anthony Becht,BechAn00,2000,1,27,NYJ,Anthony Becht,No,TE,TE,23,0,0,167,0,0,0,0,0,0,0,0,188,1537,21,17,0,0,West Virginia,NY
2000Rob Morris,MorrRo20,2000,1,28,IND,Rob Morris,No,LB,LB,25,0,0,99,0,0,0,0,0,0,0,0,0,0,0,356,1,7,BYU,IN
2000R. Jay Soward,SowaR.00,2000,1,29,JAX,R. Jay Soward,No,WR,WR,22,0,0,13,0,0,0,0,0,3,28,0,14,154,1,0,0,0,USC,FL
2000Keith Bulluck,BullKe00,2000,1,30,TEN,Keith Bulluck,No,LB,LB,23,1,1,170,0,0,0,0,0,0,0,0,0,0,0,791,21,18,Syracuse,TN
2000Trung Canidate,CaniTr00,2000,1,31,STL,Trung Canidate,No,RB,RB,23,0,0,46,0,0,0,0,0,240,1095,7,32,260,1,11,0,0,Arizona,MO
2000Dennis Northcutt,NortDe00,2000,2,32,CLE,Dennis Northcutt,No,WR,WR,22,0,0,144,0,1,0,0,0,52,366,1,399,4941,18,18,0,0,Arizona,OH
2000Darren Howard,HowaDa21,2000,2,33,NOR,Darren Howard,No,DE,DE,23,0,0,145,0,0,0,0,0,0,0,0,0,0,0,262,3,67,Kansas St.,LA
2000Mark Roman,RomaMa20,2000,2,34,CIN,Mark Roman,No,DB,DB,23,0,0,146,0,0,0,0,0,0,0,0,0,0,0,438,6,8,LSU,OH
2000John Engelberger,EngeJo20,2000,2,35,SFO,John Engelberger,No,DE,DE,23,0,0,139,0,0,0,0,0,0,0,0,0,0,0,201,0,20.5,Virginia Tech,CA
2000Todd Pinkston,PinkTo00,2000,2,36,PHI,Todd Pinkston,No,WR,WR,23,0,0,78,0,0,0,0,0,3,-21,0,184,2816,14,6,0,0,Southern Miss,PA
2000Travis Claridge,ClarTr20,2000,2,37,ATL,Travis Claridge,No,G,G,22,0,0,52,0,0,0,0,0,0,0,0,0,0,0,0,0,0,USC,GA
2000Marvel Smith,SmitMa55,2000,2,38,PIT,Marvel Smith,No,T,T,22,0,1,111,0,0,0,0,0,0,0,0,0,0,0,0,0,0,Arizona St.,PA
2000Mike Brown,BrowMi99,2000,2,39,CHI,Mike Brown,No,DB,DB,22,1,1,116,0,0,0,0,0,0,0,0,0,0,0,500,20,7,Nebraska,IL
2000Ian Gold,GoldIa00,2000,2,40,DEN,Ian Gold,No,LB,LB,22,0,1,115,0,0,0,0,0,0,0,0,0,0,0,422,4,17,Michigan,CO
2000Raynoch Thompson,ThomRa23,2000,2,41,ARI,Raynoch Thompson,No,LB,LB,22,0,0,64,0,0,0,0,0,0,0,0,0,0,0,242,0,7.5,Tennessee,AZ
2000Cornelius Griffin,GrifCo20,2000,2,42,NYG,Cornelius Griffin,No,DT,DT,23,0,0,146,0,0,0,0,0,0,0,0,0,0,0,333,2,29,Alabama,NY
2000Rogers Beckett,BeckRo20,2000,2,43,SDG,Rogers Beckett,No,DB,DB,23,0,0,71,0,0,0,0,0,0,0,0,0,0,0,216,4,4,Marshall,CA
2000Chad Clifton,ClifCh20,2000,2,44,GNB,Chad Clifton,No,T,T,24,0,2,165,0,0,0,0,0,0,0,0,0,0,0,2,0,0,Tennessee,WI
2000Kenoy Kennedy,KennKe21,2000,2,45,DEN,Kenoy Kennedy,No,DB,DB,22,0,0,115,0,0,0,0,0,0,0,0,0,0,0,402,10,6,Arkansas,CO
2000Adrian Klemm,KlemAd20,2000,2,46,NWE,Adrian Klemm,No,G,G,23,0,0,42,0,0,0,0,0,0,0,0,0,0,0,0,0,0,Hawaii,MA
2000Jerry Porter,PortJe00,2000,2,47,OAK,Jerry Porter,No,WR,WR,22,0,0,115,0,0,0,0,0,9,17,0,295,4120,31,18,0,0,West Virginia,CA
2000Jason Webster,WebsJa20,2000,2,48,SFO,Jason Webster,No,DB,DB,23,0,0,90,0,0,0,0,0,0,0,0,0,0,0,343,11,0.5,Texas A&M,CA
2000Dwayne Goodrich,GoodDw20,2000,2,49,DAL,Dwayne Goodrich,No,DB,DB,22,0,0,16,0,0,0,0,0,0,0,0,0,0,0,8,0,0,Tennessee,TX
2000Barrett Green,GreeBa20,2000,2,50,DET,Barrett Green,No,LB,LB,22,0,0,65,0,0,0,0,0,0,0,0,0,0,0,191,0,5,West Virginia,MI
2000Cosey Coleman,ColeCo21,2000,2,51,TAM,Cosey Coleman,No,G,G,21,0,0,100,0,0,0,0,0,0,0,0,1,5,0,0,0,0,Tennessee,FL
2000Ike Charlton,CharIk20,2000,2,52,SEA,Ike Charlton,No,DB,DB,22,0,0,53,0,0,0,0,0,0,0,0,0,0,0,72,2,2,Virginia Tech,WA
2000Todd Wade,WadeTo20,2000,2,53,MIA,Todd Wade,No,T,T,23,0,0,99,0,0,0,0,0,0,0,0,0,0,0,0,0,0,Mississippi,FL
2000William Bartee,BartWi20,2000,2,54,KAN,William Bartee,No,DB,DB,23,0,0,87,0,0,0,0,0,0,0,0,0,0,0,206,0,3.5,Oklahoma,MO
2000Fred Robbins,RobbFr20,2000,2,55,MIN,Fred Robbins,No,DT,DT,23,0,0,180,0,0,0,0,0,0,0,0,0,0,0,264,3,35.5,Wake Forest,MN
2000Michael Boireau,0,2000,2,56,MIN,Michael Boireau,No,DE,DE,0,0,0,0,0,0,0,0,0,0,0,0,0,0,0,0,0,0,Miami (FL),MN
2000Deon Grant,GranDe21,2000,2,57,CAR,Deon Grant,No,DB,DB,21,0,0,176,0,0,0,0,0,0,0,0,0,0,0,623,30,6.5,Tennessee,NC
2000Travares Tillman,TillTr20,2000,2,58,BUF,Travares Tillman,No,DB,DB,22,0,0,74,0,0,0,0,0,0,0,0,0,0,0,121,4,0,Georgia Tech,NY
2000Marcus Washington,WashMa99,2000,2,59,IND,Marcus Washington,No,LB,LB,22,0,1,131,0,0,0,0,0,0,0,0,0,0,0,455,3,37.5,Auburn,IN
2000Brad Meester,MeesBr20,2000,2,60,JAX,Brad Meester,No,C,C,23,0,0,209,0,0,0,0,0,0,0,0,1,9,0,4,0,0,Northern Iowa,FL
2000Bobbie Williams,WillBo21,2000,2,61,PHI,Bobbie Williams,No,G,G,24,0,0,163,0,0,0,0,0,0,0,0,0,0,0,2,0,0,Arkansas,PA
2000Jacoby Shepherd,ShepJa20,2000,2,62,STL,Jacoby Shepherd,No,DB,DB,21,0,0,30,0,0,0,0,0,0,0,0,0,0,0,21,1,0,Oklahoma St.,MO
2000Travis Prentice,PrenTr00,2000,3,63,CLE,Travis Prentice,No,RB,RB,23,0,0,30,0,0,0,0,0,187,525,9,38,201,1,3,0,0,Miami (OH),OH
2000Lloyd Harrison,HarrLl20,2000,3,64,WAS,Lloyd Harrison,No,DB,DB,23,0,0,16,0,0,0,0,0,0,0,0,0,0,0,17,0,1,North Carolina St.,DC
2000Giovanni Carmazzi,0,2000,3,65,SFO,Giovanni Carmazzi,No,QB,QB,0,0,0,0,0,0,0,0,0,0,0,0,0,0,0,0,0,0,Hofstra,CA
2000Ron Dugans,DugaRo00,2000,3,66,CIN,Ron Dugans,No,WR,WR,23,0,0,46,0,0,0,0,0,0,0,0,89,797,3,29,0,0,Florida St.,OH
2000Mark Simoneau,SimoMa20,2000,3,67,ATL,Mark Simoneau,No,LB,LB,23,0,0,124,0,0,0,0,0,0,0,0,0,0,0,303,1,7,Kansas St.,GA
2000Erron Kinney,KinnEr00,2000,3,68,TEN,Erron Kinney,No,TE,TE,23,0,0,83,0,0,0,0,0,0,0,0,178,1750,10,2,0,0,Florida,TN
2000Dez White,WhitDe00,2000,3,69,CHI,Dez White,No,WR,WR,21,0,0,82,0,0,0,0,0,8,38,0,187,2149,11,8,0,0,Georgia Tech,IL
2000Chris Cole,ColeCh00,2000,3,70,DEN,Chris Cole,No,WR,WR,22,0,0,35,0,0,0,0,0,2,8,0,12,164,0,9,0,0,Texas A&M,CO
2000Darwin Walker,WalkDa21,2000,3,71,ARI,Darwin Walker,No,DT,DT,23,0,0,109,0,0,0,0,0,0,0,0,0,0,0,154,1,28.5,Tennessee,AZ
2000Kendrick Clancy,ClanKe20,2000,3,72,PIT,Kendrick Clancy,No,DT,DT,22,0,0,109,0,0,0,0,0,0,0,0,0,0,0,114,1,5.5,Mississippi,PA
2000Ron Dixon,DixoRo00,2000,3,73,NYG,Ron Dixon,No,WR,WR,24,0,0,37,0,0,0,0,0,3,13,0,36,696,4,5,0,0,Lambuth,NY
2000Steve Warren,WarrSt20,2000,3,74,GNB,Steve Warren,No,DT,DT,22,0,0,25,0,0,0,0,0,0,0,0,0,0,0,11,0,1,Nebraska,WI
2000Chris Redman,RedmCh00,2000,3,75,BAL,Chris Redman,No,QB,QB,23,0,0,31,286,500,3179,21,14,33,25,0,0,0,0,1,0,0,Louisville,MD
2000J.R. Redmond,RedmJ.00,2000,3,76,NWE,J.R. Redmond,No,RB,RB,23,0,0,50,0,0,0,0,0,194,676,1,68,502,2,13,0,0,Arizona St.,MA
2000Hank Poteat,PoteHa20,2000,3,77,PIT,Hank Poteat,No,DB,DB,23,0,0,113,0,0,0,0,0,0,0,0,0,0,0,154,4,3,Pittsburgh,PA
2000Laveranues Coles,ColeLa00,2000,3,78,NYJ,Laveranues Coles,No,WR,WR,22,0,1,153,0,0,0,0,0,37,231,0,674,8609,49,30,0,0,Florida St.,NY
2000JaJuan Dawson,DawsJa00,2000,3,79,CLE,JaJuan Dawson,No,WR,WR,22,0,0,30,0,0,0,0,0,0,0,0,52,664,2,3,0,0,Tulane,OH
2000Darrell Jackson,JackDa00,2000,3,80,SEA,Darrell Jackson,No,WR,WR,21,0,0,123,0,0,0,0,0,6,18,0,499,7132,51,13,0,0,Florida,WA
2000Reuben Droughns,DrouRe00,2000,3,81,DET,Reuben Droughns,No,RB,RB,22,0,0,114,0,0,0,0,0,929,3602,19,123,989,6,56,0,0,Oregon,MI
2000Leander Jordan,JordLe20,2000,3,82,CAR,Leander Jordan,No,T,T,23,0,0,37,0,0,0,0,0,0,0,0,0,0,0,0,0,0,Indiana (PA),NC
2000Damion McIntosh,McInDa20,2000,3,83,SDG,Damion McIntosh,No,T,T,23,0,0,125,0,0,0,0,0,0,0,0,0,0,0,0,0,0,Kansas St.,CA
2000Ben Kelly,KellBe20,2000,3,84,MIA,Ben Kelly,No,DB,DB,22,0,0,13,0,0,0,0,0,0,0,0,0,0,0,4,0,0,Colorado,FL
2000Greg Wesley,WeslGr20,2000,3,85,KAN,Greg Wesley,No,DB,DB,22,0,0,118,0,0,0,0,0,0,0,0,0,0,0,502,29,6,Ark-Pine Bluff,MO
2000Jeff Ulbrich,UlbrJe20,2000,3,86,SFO,Jeff Ulbrich,No,LB,LB,23,0,0,120,0,0,0,0,0,0,0,0,0,0,0,357,2,5.5,Hawaii,CA
2000Dustin Lyman,LymaDu00,2000,3,87,CHI,Dustin Lyman,No,TE,TE,24,0,0,55,0,0,0,0,0,0,0,0,37,278,3,15,0,0,Wake Forest,IL
2000Doug Chapman,ChapDo00,2000,3,88,MIN,Doug Chapman,No,RB,RB,23,0,0,26,0,0,0,0,0,90,317,0,17,143,1,2,0,0,Marshall,MN
2000Corey Moore,MoorCo20,2000,3,89,BUF,Corey Moore,No,LB,LB,23,0,0,10,0,0,0,0,0,0,0,0,0,0,0,8,0,1,Virginia Tech,NY
2000Nate Webster,WebsNa20,2000,3,90,TAM,Nate Webster,No,LB,LB,22,0,0,99,0,0,0,0,0,0,0,0,0,0,0,234,0,4,Miami (FL),FL
2000David Macklin,MackDa20,2000,3,91,IND,David Macklin,No,DB,DB,22,0,0,120,0,0,0,0,0,0,0,0,0,0,0,311,14,1,Penn St.,IN
2000T.J. Slaughter,SlauT.20,2000,3,92,JAX,T.J. Slaughter,No,LB,LB,23,0,0,78,0,0,0,0,0,0,0,0,0,0,0,178,1,2,Southern Miss,FL
2000Byron Frisch,FrisBy20,2000,3,93,TEN,Byron Frisch,No,DE,DE,23,0,0,23,0,0,0,0,0,0,0,0,0,0,0,15,0,5,BYU,TN
2000John St. Clair,St.CJo20,2000,3,94,STL,John St. Clair,No,T,T,23,0,0,132,0,0,0,0,0,0,0,0,2,20,1,3,0,0,Virginia,MO
2000Lewis Sanders,SandLe20,2000,4,95,CLE,Lewis Sanders,No,DB,DB,22,0,0,97,0,0,0,0,0,0,0,0,0,0,0,196,5,1,Maryland,OH
2000Terrelle Smith,SmitTe00,2000,4,96,NOR,Terrelle Smith,No,FB,FB,22,0,0,146,0,0,0,0,0,58,185,0,69,361,3,1,0,0,Arizona St.,LA
2000Curtis Keaton,KeatCu00,2000,4,97,CIN,Curtis Keaton,No,RB,RB,23,0,0,25,0,0,0,0,0,23,91,0,1,9,0,0,0,0,James Madison,OH
2000Na'il Diggs,DiggNa20,2000,4,98,GNB,Na'il Diggs,No,LB,LB,22,0,0,170,0,0,0,0,0,0,0,0,0,0,0,539,5,11.5,Ohio St.,WI
2000Gari Scott,ScotGa00,2000,4,99,PHI,Gari Scott,No,WR,WR,22,0,0,3,0,0,0,0,0,0,0,0,2,26,0,0,0,0,Michigan St.,PA
2000Michael Thompson,ThomMi20,2000,4,100,ATL,Michael Thompson,No,T,T,23,0,0,12,0,0,0,0,0,0,0,0,0,0,0,0,0,0,Tennessee St.,GA
2000Jerry Johnson,JohnJe21,2000,4,101,DEN,Jerry Johnson,No,DT,DT,23,0,0,9,0,0,0,0,0,0,0,0,0,0,0,3,0,0,Florida St.,CO
2000David Barrett,BarrDa22,2000,4,102,ARI,David Barrett,No,DB,DB,22,0,0,131,0,0,0,0,0,0,0,0,0,0,0,373,18,0.5,Arkansas,AZ
2000Danny Farmer,FarmDa00,2000,4,103,PIT,Danny Farmer,No,WR,WR,23,0,0,33,0,0,0,0,0,0,0,0,43,611,1,2,0,0,UCLA,PA
2000Kaulana Noa,0,2000,4,104,STL,Kaulana Noa,No,T,T,0,0,0,0,0,0,0,0,0,0,0,0,0,0,0,0,0,0,Hawaii,MO
2000Brandon Short,ShorBr20,2000,4,105,NYG,Brandon Short,No,LB,LB,23,0,0,100,0,0,0,0,0,0,0,0,0,0,0,279,2,9.5,Penn St.,NY
2000Antonio Wilson,WilsAn20,2000,4,106,MIN,Antonio Wilson,No,LB,LB,22,0,0,16,0,0,0,0,0,0,0,0,0,0,0,14,0,0,Texas A&M-Commerce,MN
2000Junior Ioane,IoanJu20,2000,4,107,OAK,Junior Ioane,No,DT,DT,23,0,0,36,0,0,0,0,0,0,0,0,0,0,0,33,0,1.5,Arizona St.,CA
2000John Keith,KeitJo20,2000,4,108,SFO,John Keith,No,DB,DB,23,0,0,23,0,0,0,0,0,0,0,0,0,0,0,63,1,1,Furman,CA
2000Kareem Larrimore,LarrKa20,2000,4,109,DAL,Kareem Larrimore,No,DB,DB,24,0,0,19,0,0,0,0,0,0,0,0,0,0,0,17,0,0,West Texas A&M,TX
2000Aaron Shea,SheaAa00,2000,4,110,CLE,Aaron Shea,No,TE,TE,23,0,0,65,0,0,0,0,0,0,0,0,97,851,7,14,0,0,Michigan,OH
2000Trevor Gaylor,GaylTr00,2000,4,111,SDG,Trevor Gaylor,No,WR,WR,22,0,0,34,0,0,0,0,0,0,0,0,52,784,4,4,0,0,Miami (OH),CA
2000Cooper Carlisle,CarlCo20,2000,4,112,DEN,Cooper Carlisle,No,G,G,23,0,0,190,0,0,0,0,0,0,0,0,1,6,1,4,0,0,Florida,CO
2000Leonardo Carson,CarsLe20,2000,4,113,SDG,Leonardo Carson,No,DT,DT,23,0,0,64,0,0,0,0,0,0,0,0,0,0,0,92,0,8.5,Auburn,CA
2000Anthony Lucas,0,2000,4,114,GNB,Anthony Lucas,No,WR,WR,0,0,0,0,0,0,0,0,0,0,0,0,0,0,0,0,0,0,Arkansas,WI
2000Frank Moreau,MoreFr00,2000,4,115,KAN,Frank Moreau,No,RB,RB,24,0,0,14,0,0,0,0,0,75,206,5,0,0,0,0,0,0,Louisville,MO
2000Marcus Bell,BellMa21,2000,4,116,SEA,Marcus Bell,No,LB,LB,23,0,0,45,0,0,0,0,0,0,0,0,0,0,0,94,1,2,Arizona,WA
2000Deon Dyer,DyerDe00,2000,4,117,MIA,Deon Dyer,No,FB,FB,22,0,0,45,0,0,0,0,0,0,0,0,2,14,0,2,0,0,North Carolina,FL
2000Tyrone Carter,CartTy20,2000,4,118,MIN,Tyrone Carter,No,DB,DB,24,0,0,158,0,0,0,0,0,0,0,0,0,0,0,362,9,5.5,Minnesota,MN
2000Isaiah Kacyvenski,KacyIs20,2000,4,119,SEA,Isaiah Kacyvenski,No,LB,LB,22,0,0,100,0,0,0,0,0,0,0,0,0,0,0,196,3,1,Harvard,WA
2000Alvin McKinley,McKiAl20,2000,4,120,CAR,Alvin McKinley,No,DE,DE,22,0,0,97,0,0,0,0,0,0,0,0,0,0,0,146,0,11.5,Mississippi St.,NC
2000Avion Black,BlacAv00,2000,4,121,BUF,Avion Black,No,WR,WR,23,0,0,27,0,0,0,0,0,0,0,0,14,142,0,7,0,0,Tennessee St.,NY
2000Josh Williams,WillJo30,2000,4,122,IND,Josh Williams,No,DT,DT,24,0,0,73,0,0,0,0,0,0,0,0,0,0,0,108,0,8,Michigan,IN
2000Joey Chustz,0,2000,4,123,JAX,Joey Chustz,No,T,T,0,0,0,0,0,0,0,0,0,0,0,0,0,0,0,0,0,0,Louisiana Tech,FL
2000Bobby Myers,MyerBo21,2000,4,124,TEN,Bobby Myers,No,DB,DB,23,0,0,17,0,0,0,0,0,0,0,0,0,0,0,9,0,0,Wisconsin,TN
2000Reggie Austin,AustRe20,2000,4,125,CHI,Reggie Austin,No,DB,DB,23,0,0,18,0,0,0,0,0,0,0,0,0,0,0,17,2,0,Wake Forest,IL
2000Gary Berry,BerrGa20,2000,4,126,GNB,Gary Berry,No,DB,DB,22,0,0,4,0,0,0,0,0,0,0,0,0,0,0,0,0,0,Ohio St.,WI
2000Greg Randall,RandGr20,2000,4,127,NWE,Greg Randall,No,T,T,22,0,0,51,0,0,0,0,0,0,0,0,0,0,0,0,0,0,Michigan St.,MA
2000Peter Sirmon,SirmPe20,2000,4,128,TEN,Peter Sirmon,No,LB,LB,23,0,0,81,0,0,0,0,0,0,0,0,0,0,0,250,4,5,Oregon,TN
2000Michael Moore,MoorMi20,2000,4,129,WAS,Michael Moore,No,G,G,23,0,0,8,0,0,0,0,0,0,0,0,0,0,0,0,0,0,Troy,DC
2000Anthony Malbrough,MalbAn20,2000,5,130,CLE,Anthony Malbrough,No,DB,DB,23,0,0,9,0,0,0,0,0,0,0,0,0,0,0,15,0,0,Texas Tech,OH
2000Tutan Reyes,ReyeTu20,2000,5,131,NOR,Tutan Reyes,No,G,G,22,0,0,53,0,0,0,0,0,0,0,0,0,0,0,0,0,0,Mississippi,LA
2000Paul Smith,SmitPa00,2000,5,132,SFO,Paul Smith,No,RB,RB,22,0,0,79,0,0,0,0,0,46,210,1,18,182,0,27,0,0,Texas-El Paso,CA
2000Robert Bean,BeanRo20,2000,5,133,CIN,Robert Bean,No,DB,DB,22,0,0,32,0,0,0,0,0,0,0,0,0,0,0,60,1,0,Mississippi St.,OH
2000Anthony Midget,0,2000,5,134,ATL,Anthony Midget,No,DB,DB,0,0,0,0,0,0,0,0,0,0,0,0,0,0,0,0,0,0,Virginia Tech,GA
2000Aric Morris,MorrAr20,2000,5,135,TEN,Aric Morris,No,DB,DB,23,0,0,51,0,0,0,0,0,0,0,0,0,0,0,59,1,1.5,Michigan St.,TN
2000Mao Tosi,TosiMa20,2000,5,136,ARI,Mao Tosi,No,DT,DT,23,0,0,26,0,0,0,0,0,0,0,0,0,0,0,42,0,1,Idaho,AZ
2000Clark Haggans,HaggCl20,2000,5,137,PIT,Clark Haggans,No,LB,LB,23,0,0,172,0,0,0,0,0,0,0,0,0,0,0,355,1,46.5,Colorado St.,PA
2000Matt Johnson,0,2000,5,138,IND,Matt Johnson,No,G,G,0,0,0,0,0,0,0,0,0,0,0,0,0,0,0,0,0,0,BYU,IN
2000Brian Young,YounBr20,2000,5,139,STL,Brian Young,No,DT,DT,23,0,0,123,0,0,0,0,0,0,0,0,0,0,0,228,1,22.5,Texas-El Paso,MO
2000Ralph Brown,BrowRa20,2000,5,140,NYG,Ralph Brown,No,DB,DB,22,0,0,129,0,0,0,0,0,0,0,0,0,0,0,191,6,1,Nebraska,NY
2000Dave Stachelski,StacDa00,2000,5,141,NWE,Dave Stachelski,No,TE,TE,23,0,0,9,0,0,0,0,0,0,0,0,1,5,0,0,0,0,Boise St.,MA
2000Shane Lechler,LechSh20,2000,5,142,OAK,Shane Lechler,No,P,P,24,6,7,264,3,5,49,1,0,6,0,0,0,0,0,17,0,0,Texas A&M,CA
2000Windrell Hayes,HayeWi00,2000,5,143,NYJ,Windrell Hayes,No,WR,WR,23,0,0,9,0,0,0,0,0,1,2,0,6,126,0,0,0,0,USC,NY
2000Michael Wiley,WileMi00,2000,5,144,DAL,Michael Wiley,No,RB,RB,22,0,0,42,0,0,0,0,0,80,503,1,43,315,2,6,0,0,Ohio St.,TX
2000Todd Franz,FranTo21,2000,5,145,DET,Todd Franz,No,DB,DB,24,0,0,46,0,0,0,0,0,0,0,0,0,0,0,40,1,0,Tulsa,MI
2000Lamar Chapman,ChapLa20,2000,5,146,CLE,Lamar Chapman,No,DB,DB,23,0,0,8,0,0,0,0,0,0,0,0,0,0,0,13,1,0,Kansas St.,OH
2000Gillis Wilson,WilsGi21,2000,5,147,CAR,Gillis Wilson,No,DE,DE,22,0,0,5,0,0,0,0,0,0,0,0,0,0,0,7,0,0.5,Saginaw Valley St.,NC
2000Richard Mercier,0,2000,5,148,BAL,Richard Mercier,No,G,G,0,0,0,0,0,0,0,0,0,0,0,0,0,0,0,0,0,0,Miami (FL),MD
2000Kabeer Gbaja-Biamila,GbajKa20,2000,5,149,GNB,Kabeer Gbaja-Biamila,No,DE,DE,23,0,1,124,0,0,0,0,0,0,0,0,0,0,0,215,1,74.5,San Diego St.,WI
2000John Milem,MileJo20,2000,5,150,SFO,John Milem,No,DE,DE,25,0,0,20,0,0,0,0,0,0,0,0,0,0,0,5,0,0,Lenoir-Rhyne,CA
2000Joey Jamison,0,2000,5,151,GNB,Joey Jamison,No,WR,WR,0,0,0,0,0,0,0,0,0,0,0,0,0,0,0,0,0,0,Texas Southern,WI
2000Arturo Freeman,FreeAr20,2000,5,152,MIA,Arturo Freeman,No,DB,DB,23,0,0,74,0,0,0,0,0,0,0,0,0,0,0,139,5,3.5,South Carolina,FL
2000Dante Hall,HallDa00,2000,5,153,KAN,Dante Hall,No,WR,WR,22,1,2,112,0,1,0,0,0,54,242,0,162,1747,9,9,0,0,Texas A&M,MO
2000Muneer Moore,0,2000,5,154,DEN,Muneer Moore,No,WR,WR,0,0,0,0,0,0,0,0,0,0,0,0,0,0,0,0,0,0,Richmond,CO
2000Quincy Sanders,0,2000,5,155,WAS,Quincy Sanders,No,DB,DB,0,0,0,0,0,0,0,0,0,0,0,0,0,0,0,0,0,0,UNLV,DC
2000Sammy Morris,MorrSa00,2000,5,156,BUF,Sammy Morris,No,RB,RB,23,0,0,144,0,0,0,0,0,736,3053,26,166,1258,1,48,0,0,Texas Tech,NY
2000James Whalen,WhalJa00,2000,5,157,TAM,James Whalen,No,TE,TE,22,0,0,26,0,0,0,0,0,0,0,0,17,152,0,16,0,0,Kentucky,FL
2000Austin Wheatley,WheaAu20,2000,5,158,NOR,Austin Wheatley,No,TE,TE,22,0,0,4,0,0,0,0,0,0,0,0,0,0,0,0,0,0,Iowa,LA
2000Kiwaukee Thomas,ThomKi20,2000,5,159,JAX,Kiwaukee Thomas,No,DB,DB,23,0,0,110,0,0,0,0,0,0,0,0,0,0,0,189,1,4,Georgia Southern,FL
2000Frank Chamberlin,ChamFr20,2000,5,160,TEN,Frank Chamberlin,No,LB,LB,22,0,0,57,0,0,0,0,0,0,0,0,0,0,0,30,0,1,Boston Col.,TN
2000Jeff Marriott,0,2000,5,161,NWE,Jeff Marriott,No,DT,DT,0,0,0,0,0,0,0,0,0,0,0,0,0,0,0,0,0,0,Missouri,MA
2000Pat Dennis,DennPa20,2000,5,162,KAN,Pat Dennis,No,DB,DB,22,0,0,41,0,0,0,0,0,0,0,0,0,0,0,90,1,0,La-Monroe,MO
2000Tee Martin,MartTe00,2000,5,163,PIT,Tee Martin,No,QB,QB,22,0,0,3,6,16,69,0,1,6,36,0,0,0,0,0,0,0,Tennessee,PA
2000Jay Tant,TantJa00,2000,5,164,ARI,Jay Tant,No,TE,TE,22,0,0,5,0,0,0,0,0,0,0,0,1,4,0,0,0,0,Northwestern,AZ
2000Troy Walters,WaltTr00,2000,5,165,MIN,Troy Walters,No,WR,WR,23,0,0,98,0,0,0,0,0,4,42,0,102,1135,9,5,0,0,Stanford,MN
2000Chad Morton,MortCh00,2000,5,166,NOR,Chad Morton,No,RB,RB,23,0,0,93,0,0,0,0,0,89,382,0,48,419,1,7,0,0,USC,LA
2000Ernest Grant,GranEr20,2000,6,167,MIA,Ernest Grant,No,DT,DT,24,0,0,24,0,0,0,0,0,0,0,0,0,0,0,18,0,0.5,Ark-Pine Bluff,FL
2000Marc Bulger,BulgMa00,2000,6,168,NOR,Marc Bulger,No,QB,QB,23,0,2,96,1969,3171,22814,122,93,118,300,8,4,21,0,5,0,0,West Virginia,LA
2000Neil Rackers,rackenei01,2000,6,169,CIN,Neil Rackers,No,K,K,24,1,1,180,0,0,0,0,0,1,-5,0,0,0,0,38,0,0,Illinois,OH
2000Frank Murphy,MurpFr00,2000,6,170,CHI,Frank Murphy,No,WR,WR,23,0,0,20,0,0,0,0,0,0,0,0,8,71,1,9,0,0,Kansas St.,IL
2000Thomas Hamner,0,2000,6,171,PHI,Thomas Hamner,No,RB,RB,0,0,0,0,0,0,0,0,0,0,0,0,0,0,0,0,0,0,Minnesota,PA
2000Mareno Philyaw,PhilMa20,2000,6,172,ATL,Mareno Philyaw,No,WR,WR,22,0,0,1,0,0,0,0,0,0,0,0,0,0,0,0,0,0,Troy,GA
2000Chris Combs,CombCh21,2000,6,173,PIT,Chris Combs,No,DE,DE,23,0,0,10,0,0,0,0,0,0,0,0,0,0,0,4,0,0,Duke,PA
2000Paul Edinger,edingpau01,2000,6,174,CHI,Paul Edinger,No,K,K,22,0,0,96,0,1,0,0,1,0,0,0,0,0,0,9,0,0,Michigan St.,IL
2000James Williams,WillJa01,2000,6,175,SEA,James Williams,No,WR,WR,22,0,0,30,0,0,0,0,0,1,-5,0,29,410,1,1,0,0,Marshall,WA
2000Jabari Issa,IssaJa20,2000,6,176,ARI,Jabari Issa,No,DE,DE,22,0,0,23,0,0,0,0,0,0,0,0,0,0,0,20,0,1,Washington,AZ
2000Dhani Jones,JoneDh20,2000,6,177,NYG,Dhani Jones,No,LB,LB,22,0,0,157,0,0,0,0,0,0,0,0,0,0,0,628,5,9.5,Michigan,NY
2000John Frank,0,2000,6,178,PHI,John Frank,No,DE,DE,0,0,0,0,0,0,0,0,0,0,0,0,0,0,0,0,0,0,Utah,PA
2000Tony Scott,ScotTo21,2000,6,179,NYJ,Tony Scott,No,DB,DB,23,0,0,23,0,0,0,0,0,0,0,0,0,0,0,4,1,0,North Carolina St.,NY
2000Mario Edwards,EdwaMa20,2000,6,180,DAL,Mario Edwards,No,DB,DB,24,0,0,73,0,0,0,0,0,0,0,0,0,0,0,157,4,0,Florida St.,TX
2000Quinton Reese,0,2000,6,181,DET,Quinton Reese,No,DE,DE,0,0,0,0,0,0,0,0,0,0,0,0,0,0,0,0,0,0,Auburn,MI
2000Jeno James,JameJe20,2000,6,182,CAR,Jeno James,No,G,G,23,0,0,94,0,0,0,0,0,0,0,0,0,0,0,0,0,0,Auburn,NC
2000Spergon Wynn,WynnSp00,2000,6,183,CLE,Spergon Wynn,No,QB,QB,22,0,0,10,70,152,585,1,7,11,76,0,0,0,0,1,0,0,Texas St.,OH
2000Shannon Taylor,TaylSh20,2000,6,184,SDG,Shannon Taylor,No,LB,LB,25,0,0,40,0,0,0,0,0,0,0,0,0,0,0,29,0,1,Virginia,CA
2000Tim Watson,0,2000,6,185,SEA,Tim Watson,No,DT,DT,0,0,0,0,0,0,0,0,0,0,0,0,0,0,0,0,0,0,Rowan,WA
2000Adalius Thomas,ThomAd00,2000,6,186,BAL,Adalius Thomas,No,LB,LB,23,1,2,135,0,0,0,0,0,0,0,0,0,0,0,405,7,53,Southern Miss,MD
2000Antwan Harris,HarrAn21,2000,6,187,NWE,Antwan Harris,No,DB,DB,23,0,0,52,0,0,0,0,0,0,0,0,0,0,0,35,1,1,Virginia,MA
2000Darnell Alford,AlfoDa20,2000,6,188,KAN,Darnell Alford,No,G,G,23,0,0,3,0,0,0,0,0,0,0,0,0,0,0,0,0,0,Boston Col.,MO
2000Mike Anderson,AndeMi00,2000,6,189,DEN,Mike Anderson,No,RB,RB,27,0,0,98,0,0,0,0,0,919,4067,37,92,727,5,12,0,0,Utah,CO
2000John Hilliard,HillJo21,2000,6,190,SEA,John Hilliard,No,DE,DE,24,0,0,27,0,0,0,0,0,0,0,0,0,0,0,24,0,0,Mississippi St.,WA
2000Cedric Woodard,WoodCe20,2000,6,191,BAL,Cedric Woodard,No,DT,DT,23,0,0,60,0,0,0,0,0,0,0,0,0,0,0,71,0,1,Texas,MD
2000John Romero,0,2000,6,192,PHI,John Romero,No,C,C,0,0,0,0,0,0,0,0,0,0,0,0,0,0,0,0,0,0,California,PA
2000David Gibson,GibsDa20,2000,6,193,TAM,David Gibson,No,DB,DB,22,0,0,47,0,0,0,0,0,0,0,0,0,0,0,65,1,1,USC,FL
2000Leif Larsen,LarsLe20,2000,6,194,BUF,Leif Larsen,No,DT,DT,25,0,0,16,0,0,0,0,0,0,0,0,0,0,0,16,0,2,Texas-El Paso,NY
2000Michael Hawthorne,HawtMi20,2000,6,195,NOR,Michael Hawthorne,No,DB,DB,23,0,0,63,0,0,0,0,0,0,0,0,0,0,0,131,4,1,Purdue,LA
2000Emanuel Smith,SmitEm20,2000,6,196,JAX,Emanuel Smith,No,WR,WR,24,0,0,1,0,0,0,0,0,0,0,0,0,0,0,0,0,0,Arkansas,FL
2000Robaire Smith,SmitRo21,2000,6,197,TEN,Robaire Smith,No,DE,DE,22,0,0,134,0,0,0,0,0,0,0,0,0,0,0,263,0,21,Michigan St.,TN
2000Matt Bowen,BoweMa20,2000,6,198,STL,Matt Bowen,No,DB,DB,23,0,0,77,0,0,0,0,0,0,0,0,0,0,0,164,4,2,Iowa,MO
2000Tom Brady,BradTo00,2000,6,199,NWE,Tom Brady,No,QB,QB,23,2,11,231,5098,7998,59943,444,151,523,939,17,2,59,0,9,0,0,Michigan,MA
2000Sherrod Gideon,0,2000,6,200,NOR,Sherrod Gideon,No,WR,WR,0,0,0,0,0,0,0,0,0,0,0,0,0,0,0,0,0,0,Southern Miss,LA
2000David Nugent,NugeDa21,2000,6,201,NWE,David Nugent,No,DE,DE,22,0,0,24,0,0,0,0,0,0,0,0,0,0,0,9,0,0,Purdue,MA
2000Todd Husak,HusaTo20,2000,6,202,WAS,Todd Husak,No,QB,QB,22,0,0,1,2,2,-2,0,0,1,-1,0,0,0,0,0,0,0,Stanford,DC
2000Damen Wheeler,WheeDa20,2000,6,203,SDG,Damen Wheeler,No,DB,DB,23,0,0,5,0,0,0,0,0,0,0,0,0,0,0,8,0,0,Colorado,CA
2000Jason Gavadza,0,2000,6,204,PIT,Jason Gavadza,No,TE,TE,0,0,0,0,0,0,0,0,0,0,0,0,0,0,0,0,0,0,Kent St.,PA
2000JaJuan Seider,0,2000,6,205,SDG,JaJuan Seider,No,QB,QB,0,0,0,0,0,0,0,0,0,0,0,0,0,0,0,0,0,0,Florida A&M,CA
2000Brad Bedell,BedeBr20,2000,6,206,CLE,Brad Bedell,No,T,T,23,0,0,40,0,0,0,0,0,0,0,0,0,0,0,0,0,0,Colorado,OH
2000Manuia Savea,0,2000,7,207,CLE,Manuia Savea,No,G,G,0,0,0,0,0,0,0,0,0,0,0,0,0,0,0,0,0,0,Arizona,OH
2000Desmond Kitchings,0,2000,7,208,KAN,Desmond Kitchings,No,WR,WR,0,0,0,0,0,0,0,0,0,0,0,0,0,0,0,0,0,0,Furman,MO
2000Eric Chandler,0,2000,7,209,CLE,Eric Chandler,No,DE,DE,0,0,0,0,0,0,0,0,0,0,0,0,0,0,0,0,0,0,Jackson St.,OH
2000Brad St. Louis,StLoBr00,2000,7,210,CIN,Brad St. Louis,No,TE,TE,24,0,0,144,0,0,0,0,0,0,0,0,0,0,0,0,0,0,SW Missouri St.,OH
2000Darrick Vaughn,VaugDa20,2000,7,211,ATL,Darrick Vaughn,No,DB,DB,21,0,0,48,0,0,0,0,0,0,0,0,0,0,0,48,1,0,Texas St.,GA
2000Tim Rattay,RattTi00,2000,7,212,SFO,Tim Rattay,No,QB,QB,23,0,0,40,432,714,4853,31,23,45,77,0,0,0,0,1,0,0,Louisiana Tech,CA
2000Mike Green,GreeMi00,2000,7,213,TEN,Mike Green,No,RB,RB,24,0,0,32,0,2,0,0,2,36,142,1,19,121,2,6,0,0,Houston,TN
2000Jarious Jackson,JackJa01,2000,7,214,DEN,Jarious Jackson,No,QB,QB,23,0,0,5,11,22,114,0,1,7,15,0,0,0,0,2,0,0,Notre Dame,CO
2000Sekou Sanyika,SanySe20,2000,7,215,ARI,Sekou Sanyika,No,LB,LB,22,0,0,32,0,0,0,0,0,0,0,0,0,0,0,24,0,1,California,AZ
2000Delbert Cowsette,CowsDe20,2000,7,216,WAS,Delbert Cowsette,No,DT,DT,23,0,0,32,0,0,0,0,0,0,0,0,0,0,0,19,0,2,Maryland,DC
2000Jeremiah Parker,ParkJe21,2000,7,217,NYG,Jeremiah Parker,No,DE,DE,22,0,0,4,0,0,0,0,0,0,0,0,0,0,0,0,0,0,California,NY
2000Richard Seals,0,2000,7,218,NYJ,Richard Seals,No,DT,DT,0,0,0,0,0,0,0,0,0,0,0,0,0,0,0,0,0,0,Utah,NY
2000Orantes Grant,GranOr20,2000,7,219,DAL,Orantes Grant,No,LB,LB,22,0,0,26,0,0,0,0,0,0,0,0,0,0,0,17,0,0,Georgia,TX
2000Andrew Kline,0,2000,7,220,STL,Andrew Kline,No,G,G,0,0,0,0,0,0,0,0,0,0,0,0,0,0,0,0,0,0,San Diego St.,MO
2000Lester Towns,TownLe20,2000,7,221,CAR,Lester Towns,No,LB,LB,23,0,0,61,0,0,0,0,0,0,0,0,0,0,0,181,1,0,Washington,NC
2000Jason Thomas,ThomJa20,2000,7,222,SDG,Jason Thomas,No,G,G,23,0,0,14,0,0,0,0,0,0,0,0,0,0,0,0,0,0,Hampton,CA
2000James Cotton,0,2000,7,223,CHI,James Cotton,No,LB,LB,0,0,0,0,0,0,0,0,0,0,0,0,0,0,0,0,0,0,Ohio St.,IL
2000Mark Tauscher,TausMa20,2000,7,224,GNB,Mark Tauscher,No,T,T,23,0,0,134,0,0,0,0,0,0,0,0,1,-3,0,1,0,0,Wisconsin,WI
2000Rashidi Barnes,BarnRa20,2000,7,225,CLE,Rashidi Barnes,No,DB,DB,22,0,0,14,0,0,0,0,0,0,0,0,0,0,0,8,0,0,Colorado,OH
2000Casey Tisdale,0,2000,7,226,NWE,Casey Tisdale,No,LB,LB,0,0,0,0,0,0,0,0,0,0,0,0,0,0,0,0,0,0,New Mexico,MA
2000Mondriel Fulcher,FulcMo20,2000,7,227,OAK,Mondriel Fulcher,No,TE,TE,23,0,0,25,0,0,0,0,0,0,0,0,0,0,0,8,0,0,Miami (FL),CA
2000Kevin Houser,HousKe01,2000,7,228,NOR,Kevin Houser,No,C,C,23,0,0,159,0,0,0,0,0,0,0,0,0,0,0,18,0,0,Ohio St.,LA
2000Ron Moore,MoorRo22,2000,7,229,GNB,Ron Moore,No,DT,DT,23,0,0,1,0,0,0,0,0,0,0,0,0,0,0,0,0,0,NW Oklahoma St.,WI
2000Brian Jennings,JennBr00,2000,7,230,SFO,Brian Jennings,No,TE,TE,23,0,1,208,0,0,0,0,0,0,0,0,0,0,0,0,0,0,Arizona St.,CA
2000Clifton Black,0,2000,7,231,OAK,Clifton Black,No,DB,DB,0,0,0,0,0,0,0,0,0,0,0,0,0,0,0,0,0,0,Texas St.,CA
2000Jeff Harris,0,2000,7,232,MIA,Jeff Harris,No,DB,DB,0,0,0,0,0,0,0,0,0,0,0,0,0,0,0,0,0,0,Georgia,FL
2000Drew Haddad,HaddDr00,2000,7,233,BUF,Drew Haddad,No,WR,WR,22,0,0,2,0,0,0,0,0,0,0,0,1,11,0,0,0,0,Buffalo,NY
2000Joe Hamilton,HamiJo20,2000,7,234,TAM,Joe Hamilton,No,QB,QB,23,0,0,1,0,0,0,0,0,1,-2,0,0,0,0,0,0,0,Georgia Tech,FL
2000Rob Renes,0,2000,7,235,IND,Rob Renes,No,DT,DT,0,0,0,0,0,0,0,0,0,0,0,0,0,0,0,0,0,0,Michigan,IN
2000Erik Olson,OlsoEr20,2000,7,236,JAX,Erik Olson,No,DB,DB,23,0,0,14,0,0,0,0,0,0,0,0,0,0,0,1,0,0,Colorado St.,FL
2000Wes Shivers,ShivWe20,2000,7,237,TEN,Wes Shivers,No,T,T,23,0,0,3,0,0,0,0,0,0,0,0,0,0,0,0,0,0,Mississippi St.,TN
2000Rodregis Brooks,BrooRo20,2000,7,238,IND,Rodregis Brooks,No,DB,DB,22,0,0,5,0,0,0,0,0,0,0,0,0,0,0,2,0,0,Ala-Birmingham,IN
2000Patrick Pass,PassPa00,2000,7,239,NWE,Patrick Pass,No,FB,FB,22,0,0,79,0,0,0,0,0,128,526,3,66,570,1,43,0,0,Georgia,MA
2000Mike Malano,0,2000,7,240,MIN,Mike Malano,No,C,C,0,0,0,0,0,0,0,0,0,0,0,0,0,0,0,0,0,0,San Diego St.,MN
2000Rob Meier,MeieRo20,2000,7,241,JAX,Rob Meier,No,DE,DE,23,0,0,138,0,0,0,0,0,0,0,0,0,0,0,184,0,21.5,Washington St.,FL
2000Charles Lee,LeexCh00,2000,7,242,GNB,Charles Lee,No,WR,WR,22,0,0,44,0,0,0,0,0,2,14,0,72,957,3,7,0,0,Central Florida,WI
2000Shyrone Stith,StitSh00,2000,7,243,JAX,Shyrone Stith,No,RB,RB,22,0,0,15,0,0,0,0,0,20,55,1,0,0,0,0,0,0,Virginia Tech,FL
2000Giles Cole,0,2000,7,244,MIN,Giles Cole,No,TE,TE,0,0,0,0,0,0,0,0,0,0,0,0,0,0,0,0,0,0,Texas A&M-Kingsville,MN
2000Danny Clark,ClarDa21,2000,7,245,JAX,Danny Clark,No,LB,LB,23,0,0,168,0,0,0,0,0,0,0,0,0,0,0,492,2,7,Illinois,FL
2000Leroy Fields,0,2000,7,246,DEN,Leroy Fields,No,WR,WR,0,0,0,0,0,0,0,0,0,0,0,0,0,0,0,0,0,0,Jackson St.,CO
2000Mark Baniewicz,0,2000,7,247,JAX,Mark Baniewicz,No,T,T,0,0,0,0,0,0,0,0,0,0,0,0,0,0,0,0,0,0,Syracuse,FL
2000Lewis Kelly,KellLe21,2000,7,248,MIN,Lewis Kelly,No,T,T,23,0,0,18,0,0,0,0,0,0,0,0,0,0,0,0,0,0,South Carolina St.,MN
2000Eugene McCaslin,McCaEu20,2000,7,249,GNB,Eugene McCaslin,No,LB,LB,23,0,0,1,0,0,0,0,0,0,0,0,0,0,0,0,0,0,Florida,WI
2000Ethan Howell,0,2000,7,250,WAS,Ethan Howell,No,WR,WR,0,0,0,0,0,0,0,0,0,0,0,0,0,0,0,0,0,0,Oklahoma St.,DC
2000DaShon Polk,PolkDa20,2000,7,251,BUF,DaShon Polk,No,LB,LB,23,0,0,95,0,0,0,0,0,0,0,0,0,0,0,151,0,4.5,Arizona,NY
2000Rondell Mealey,MealRo00,2000,7,252,GNB,Rondell Mealey,No,RB,RB,23,0,0,14,0,0,0,0,0,22,73,1,9,76,0,6,0,0,LSU,WI
2000Alfonso Boone,BoonAl20,2000,7,253,DET,Alfonso Boone,No,DT,DT,24,0,0,129,0,0,0,0,0,0,0,0,0,0,0,129,0,15.5,Mount San Antonio JC,MI
2000Michael Green,GreeMi20,2000,7,254,CHI,Michael Green,No,DB,DB,23,0,0,104,0,0,0,0,0,0,0,0,0,0,0,343,4,6,NW State (LA),IL
1999Tim Couch,CoucTi00,1999,1,1,CLE,Tim Couch,No,QB,QB,22,0,0,62,1025,1714,11131,64,67,124,556,2,2,-13,0,1,0,0,Kentucky,OH
1999Donovan McNabb,McNaDo00,1999,1,2,PHI,Donovan McNabb,No,QB,QB,22,0,6,167,3170,5374,37276,234,117,616,3459,29,5,-7,0,13,0,0,Syracuse,PA
1999Akili Smith,SmitAk00,1999,1,3,CIN,Akili Smith,No,QB,QB,24,0,0,22,215,461,2212,5,13,70,371,1,1,6,0,0,0,0,Oregon,OH
1999Edgerrin James,JameEd00,1999,1,4,IND,Edgerrin James,No,RB,RB,21,1,4,148,0,0,0,0,0,3028,12246,80,433,3364,11,10,0,0,Miami (FL),IN
1999Ricky Williams,WillRi00,1999,1,5,NOR,Ricky Williams,No,RB,RB,22,1,1,147,1,3,34,0,1,2431,10009,66,342,2606,8,17,0,0,Texas,LA
1999Torry Holt,HoltTo00,1999,1,6,STL,Torry Holt,No,WR,WR,23,1,7,173,0,0,0,0,0,11,57,0,920,13382,74,19,0,0,North Carolina St.,MO
1999Champ Bailey,BailCh00,1999,1,7,WAS,Champ Bailey,No,DB,DB,21,3,12,215,0,0,0,0,0,2,11,1,4,89,0,812,52,3,Georgia,DC
1999David Boston,BostDa00,1999,1,8,ARI,David Boston,No,WR,WR,21,1,1,75,0,0,0,0,0,18,91,0,315,4699,25,4,0,0,Ohio St.,AZ
1999Chris Claiborne,ClaiCh20,1999,1,9,DET,Chris Claiborne,No,LB,LB,21,0,0,105,0,0,0,0,0,0,0,0,0,0,0,397,8,15,USC,MI
1999Chris McAlister,McAlCh00,1999,1,10,BAL,Chris McAlister,No,DB,DB,22,1,3,137,0,0,0,0,0,0,0,0,0,0,0,385,26,0,Arizona,MD
1999Daunte Culpepper,CulpDa00,1999,1,11,MIN,Daunte Culpepper,No,QB,QB,22,0,3,105,2016,3199,24153,149,106,514,2652,34,1,0,0,10,0,0,Central Florida,MN
1999Cade McNown,McNoCa00,1999,1,12,CHI,Cade McNown,No,QB,QB,22,0,0,25,281,515,3111,16,19,82,486,3,0,0,0,0,0,0,UCLA,IL
1999Troy Edwards,EdwaTr00,1999,1,13,PIT,Troy Edwards,No,WR,WR,22,0,0,92,0,0,0,0,0,16,46,1,203,2404,11,6,0,0,Louisiana Tech,PA
1999John Tait,TaitJo20,1999,1,14,KAN,John Tait,No,T,T,24,0,0,148,0,0,0,0,0,1,28,0,0,0,0,1,0,0,BYU,MO
1999Anthony McFarland,McFaAn20,1999,1,15,TAM,Anthony McFarland,No,DT,DT,21,0,0,109,0,0,0,0,0,0,0,0,0,0,0,170,1,22.5,LSU,FL
1999Jevon Kearse,KearJe00,1999,1,16,TEN,Jevon Kearse,No,DE,DE,23,1,3,133,0,0,0,0,0,0,0,0,0,0,0,241,1,74,Florida,TN
1999Damien Woody,WoodDa20,1999,1,17,NWE,Damien Woody,No,C,C,21,0,1,173,0,0,0,0,0,0,0,0,0,0,0,1,0,0,Boston Col.,MA
1999Matt Stinchcomb,StinMa20,1999,1,18,OAK,Matt Stinchcomb,No,G,G,22,0,0,65,0,0,0,0,0,0,0,0,0,0,0,0,0,0,Georgia,CA
1999Luke Petitgout,PetiLu20,1999,1,19,NYG,Luke Petitgout,No,T,T,23,0,0,117,0,0,0,0,0,0,0,0,0,0,0,0,0,0,Notre Dame,NY
1999Ebenezer Ekuban,EkubEb20,1999,1,20,DAL,Ebenezer Ekuban,No,DE,DE,23,0,0,122,0,0,0,0,0,0,0,0,0,0,0,211,0,36.5,North Carolina,TX
1999L.J. Shelton,ShelL.20,1999,1,21,ARI,L.J. Shelton,No,T,T,23,0,0,146,0,0,0,0,0,0,0,0,0,0,0,0,0,0,East. Michigan,AZ
1999Lamar King,KingLa20,1999,1,22,SEA,Lamar King,No,DE,DE,24,0,0,57,0,0,0,0,0,0,0,0,0,0,0,94,0,12,Saginaw Valley St.,WA
1999Antoine Winfield,WinfAn20,1999,1,23,BUF,Antoine Winfield,No,DB,DB,22,0,3,191,0,0,0,0,0,0,0,0,0,0,0,901,27,7.5,Ohio St.,NY
1999Reggie McGrew,McGrRe20,1999,1,24,SFO,Reggie McGrew,No,DT,DT,22,0,0,24,0,0,0,0,0,0,0,0,0,0,0,9,0,1,Florida,CA
1999Antuan Edwards,EdwaAn21,1999,1,25,GNB,Antuan Edwards,No,DB,DB,22,0,0,71,0,0,0,0,0,0,0,0,0,0,0,181,7,3,Clemson,WI
1999Fernando Bryant,BryaFe20,1999,1,26,JAX,Fernando Bryant,No,DB,DB,22,0,0,112,0,0,0,0,0,0,0,0,0,0,0,419,7,0,Alabama,FL
1999Aaron Gibson,GibsAa20,1999,1,27,DET,Aaron Gibson,No,T,T,22,0,0,38,0,0,0,0,0,0,0,0,0,0,0,0,0,0,Wisconsin,MI
1999Andy Katzenmoyer,KatzAn20,1999,1,28,NWE,Andy Katzenmoyer,No,LB,LB,21,0,0,24,0,0,0,0,0,0,0,0,0,0,0,77,1,3.5,Ohio St.,MA
1999Dimitrius Underwood,UndeDi20,1999,1,29,MIN,Dimitrius Underwood,No,DT,DT,22,0,0,19,0,0,0,0,0,0,0,0,0,0,0,15,0,4,Michigan St.,MN
1999Patrick Kerney,KernPa99,1999,1,30,ATL,Patrick Kerney,No,DE,DE,22,1,2,159,0,0,0,0,0,0,0,0,0,0,0,358,3,82.5,Virginia,GA
1999Al Wilson,WilsAl00,1999,1,31,DEN,Al Wilson,No,LB,LB,22,1,5,125,0,0,0,0,0,0,0,0,0,0,0,555,5,21.5,Tennessee,CO
1999Kevin Johnson,JohnKe01,1999,2,32,CLE,Kevin Johnson,No,WR,WR,23,0,0,101,2,7,56,1,1,2,-6,0,384,4595,25,8,0,0,Syracuse,OH
1999Charles Fisher,FishCh20,1999,2,33,CIN,Charles Fisher,No,DB,DB,23,0,0,1,0,0,0,0,0,0,0,0,0,0,0,1,0,0,West Virginia,OH
1999Chris Terry,TerrCh20,1999,2,34,CAR,Chris Terry,No,T,T,24,0,0,100,0,0,0,0,0,0,0,0,0,0,0,0,0,0,Georgia,NC
1999Barry Gardner,GardBa20,1999,2,35,PHI,Barry Gardner,No,LB,LB,22,0,0,110,0,0,0,0,0,0,0,0,0,0,0,186,1,2,Northwestern,PA
1999Mike Peterson,PeteMi20,1999,2,36,IND,Mike Peterson,No,LB,LB,23,0,0,198,0,0,0,0,0,0,0,0,0,0,0,885,19,21.5,Florida,IN
1999Jon Jansen,JansJo20,1999,2,37,WAS,Jon Jansen,No,T,T,23,0,0,137,0,0,0,0,0,0,0,0,0,0,0,0,0,0,Michigan,DC
1999Mike Rucker,RuckMi20,1999,2,38,CAR,Mike Rucker,No,DE,DE,24,0,1,139,0,0,0,0,0,0,0,0,0,0,0,331,1,55.5,Nebraska,NC
1999J.J. Johnson,JohnJ.00,1999,2,39,MIA,J.J. Johnson,No,RB,RB,25,0,0,36,0,0,0,0,0,219,748,5,29,182,0,1,0,0,Mississippi St.,FL
1999Tony Bryant,BryaTo20,1999,2,40,OAK,Tony Bryant,No,DE,DE,23,0,0,82,0,0,0,0,0,0,0,0,0,0,0,115,0,23.5,Florida St.,CA
1999Dre' Bly,BlyxDr00,1999,2,41,STL,Dre' Bly,No,DB,DB,22,0,2,167,0,0,0,0,0,0,0,0,0,0,0,420,43,5,North Carolina,MO
1999Reggie Kelly,KellRe00,1999,2,42,ATL,Reggie Kelly,No,TE,TE,22,0,0,184,0,0,0,0,0,0,0,0,195,1767,5,7,0,0,Mississippi St.,GA
1999Rob Konrad,KonrRo00,1999,2,43,MIA,Rob Konrad,No,FB,FB,22,0,0,82,0,0,0,0,0,38,114,1,111,854,6,1,0,0,Syracuse,FL
1999Jim Kleinsasser,KleiJi00,1999,2,44,MIN,Jim Kleinsasser,No,TE,TE,22,0,0,181,0,0,0,0,0,43,147,1,192,1688,6,4,0,0,North Dakota,MN
1999Rahim Abdullah,AbduRa20,1999,2,45,CLE,Rahim Abdullah,No,LB,LB,23,0,0,29,0,0,0,0,0,0,0,0,0,0,0,71,1,2,Clemson,OH
1999Kevin Faulk,FaulKe00,1999,2,46,NWE,Kevin Faulk,No,RB,RB,23,0,0,161,2,4,21,0,0,864,3607,16,431,3701,15,10,0,0,LSU,MA
1999Fred Vinson,VinsFr20,1999,2,47,GNB,Fred Vinson,No,DB,DB,22,0,0,16,0,0,0,0,0,0,0,0,0,0,0,14,2,1,Vanderbilt,WI
1999Russell Davis,DaviRu20,1999,2,48,CHI,Russell Davis,No,DT,DT,24,0,0,114,0,0,0,0,0,0,0,0,0,0,0,212,0,11.5,North Carolina,IL
1999Joe Montgomery,MontJo00,1999,2,49,NYG,Joe Montgomery,No,RB,RB,23,0,0,13,0,0,0,0,0,123,372,4,0,0,0,0,0,0,Ohio St.,NY
1999Shaun King,KingSh00,1999,2,50,TAM,Shaun King,No,QB,QB,22,0,0,34,415,738,4566,27,24,113,454,5,0,0,0,0,0,0,Tulane,FL
1999Johnny Rutledge,RutlJo20,1999,2,51,ARI,Johnny Rutledge,No,LB,LB,22,0,0,46,0,0,0,0,0,0,0,0,0,0,0,28,0,0,Florida,AZ
1999John Thornton,ThorJo21,1999,2,52,TEN,John Thornton,No,DT,DT,22,0,0,143,0,0,0,0,0,0,0,0,0,0,0,203,1,27.5,West Virginia,TN
1999Peerless Price,PricPe00,1999,2,53,BUF,Peerless Price,No,WR,WR,22,0,0,123,1,1,25,0,0,23,173,0,403,5281,31,10,0,0,Tennessee,NY
1999Mike Cloud,ClouMi00,1999,2,54,KAN,Mike Cloud,No,RB,RB,24,0,0,78,0,0,0,0,0,193,648,12,13,100,0,5,0,0,Boston Col.,MO
1999Solomon Page,PageSo20,1999,2,55,DAL,Solomon Page,No,G,G,23,0,0,67,0,0,0,0,0,0,0,0,0,0,0,0,0,0,West Virginia,TX
1999Larry Smith,SmitLa22,1999,2,56,JAX,Larry Smith,No,DT,DT,24,0,0,64,0,0,0,0,0,0,0,0,0,0,0,56,0,5.5,Florida St.,FL
1999Randy Thomas,ThomRa21,1999,2,57,NYJ,Randy Thomas,No,G,G,23,0,0,143,0,0,0,0,0,0,0,0,0,0,0,0,0,0,Mississippi St.,NY
1999Montae Reagor,ReagMo20,1999,2,58,DEN,Montae Reagor,No,DT,DT,22,0,0,99,0,0,0,0,0,0,0,0,0,0,0,123,1,17,Texas Tech,CO
1999Scott Shields,ShieSc20,1999,2,59,PIT,Scott Shields,No,DB,DB,23,0,0,26,0,0,0,0,0,0,0,0,0,0,0,24,4,1,Weber St.,PA
1999Jermaine Fazande,FazaJe00,1999,2,60,SDG,Jermaine Fazande,No,RB,RB,24,0,0,20,0,0,0,0,0,210,733,4,16,104,0,0,0,0,Oklahoma,CA
1999Lennie Friedman,FrieLe20,1999,2,61,DEN,Lennie Friedman,No,G,G,22,0,0,97,0,0,0,0,0,0,0,0,0,0,0,0,0,0,Duke,CO
1999Daylon McCutcheon,McCuDa22,1999,3,62,CLE,Daylon McCutcheon,No,DB,DB,22,0,0,103,0,0,0,0,0,0,0,0,0,0,0,391,12,7,USC,OH
1999Brandon Burlsworth,0,1999,3,63,IND,Brandon Burlsworth,No,G,G,0,0,0,0,0,0,0,0,0,0,0,0,0,0,0,0,0,0,Arkansas,IN
1999Doug Brzezinski,BrzeDo20,1999,3,64,PHI,Doug Brzezinski,No,G,G,23,0,0,73,0,0,0,0,0,0,0,0,0,0,0,0,0,0,Boston Col.,PA
1999Cory Hall,HallCo21,1999,3,65,CIN,Cory Hall,No,DB,DB,22,0,0,87,0,0,0,0,0,0,0,0,0,0,0,217,3,6,Fresno St.,OH
1999Rex Tucker,TuckRe20,1999,3,66,CHI,Rex Tucker,No,G,G,22,0,0,49,0,0,0,0,0,0,0,0,0,0,0,0,0,0,Texas A&M,IL
1999Chris Watson,WatsCh20,1999,3,67,DEN,Chris Watson,No,DB,DB,22,0,0,58,0,0,0,0,0,0,0,0,0,0,0,88,2,0,East. Illinois,CO
1999Rich Coady,CoadRi21,1999,3,68,STL,Rich Coady,No,DB,DB,23,0,0,83,0,0,0,0,0,0,0,0,0,0,0,131,2,1,Texas A&M,MO
1999Steve Heiden,HeidSt00,1999,3,69,SDG,Steve Heiden,No,TE,TE,23,0,0,148,0,0,0,0,0,0,0,0,201,1689,14,10,0,0,South Dakota St.,CA
1999Jared DeVries,DeVrJa20,1999,3,70,DET,Jared DeVries,No,DE,DE,23,0,0,120,0,0,0,0,0,0,0,0,0,0,0,132,0,16.5,Iowa,MI
1999D'Wayne Bates,BateDW00,1999,3,71,CHI,D'Wayne Bates,No,WR,WR,23,0,0,47,0,0,0,0,0,1,-2,0,80,1061,6,0,0,0,Northwestern,IL
1999Grey Ruegamer,RuegGr20,1999,3,72,MIA,Grey Ruegamer,No,C,C,23,0,0,124,0,0,0,0,0,0,0,0,0,0,0,0,0,0,Arizona St.,FL
1999Joey Porter,PortJo00,1999,3,73,PIT,Joey Porter,No,LB,LB,22,1,4,188,0,0,0,0,0,0,0,0,0,0,0,498,12,98,Colorado St.,PA
1999Kris Farris,FarrKr20,1999,3,74,PIT,Kris Farris,No,T,T,22,0,0,3,0,0,0,0,0,0,0,0,0,0,0,0,0,0,UCLA,PA
1999Gary Stills,StilGa00,1999,3,75,KAN,Gary Stills,No,DE,DE,25,0,1,134,0,0,0,0,0,0,0,0,0,0,0,173,0,8.5,West Virginia,MO
1999Marquis Smith,SmitMa21,1999,3,76,CLE,Marquis Smith,No,DB,DB,24,0,0,46,0,0,0,0,0,0,0,0,0,0,0,100,0,1,California,OH
1999Brock Huard,HuarBr00,1999,3,77,SEA,Brock Huard,No,QB,QB,23,0,0,8,60,107,689,4,2,9,48,0,0,0,0,0,0,0,Washington,WA
1999Marty Booker,BookMa00,1999,3,78,CHI,Marty Booker,No,WR,WR,23,0,1,157,3,10,126,2,0,18,41,0,539,6703,37,11,0,0,La-Monroe,IL
1999Dan Campbell,CampDa00,1999,3,79,NYG,Dan Campbell,No,TE,TE,23,0,0,114,0,0,0,0,0,0,0,0,91,934,11,3,0,0,Texas A&M,NY
1999Martin Gramatica,gramamar01,1999,3,80,TAM,Martin Gramatica,No,K,K,23,0,1,109,0,1,0,0,0,0,0,0,0,0,0,3,0,0,Kansas St.,FL
1999Zach Piller,PillZa20,1999,3,81,TEN,Zach Piller,No,G,G,23,0,0,87,0,0,0,0,0,0,0,0,0,0,0,0,0,0,Florida,TN
1999Karsten Bailey,BailKa00,1999,3,82,SEA,Karsten Bailey,No,WR,WR,22,0,0,19,0,0,0,0,0,0,0,0,9,88,1,2,0,0,Auburn,WA
1999Tom Burke,BurkTo20,1999,3,83,ARI,Tom Burke,No,DE,DE,22,0,0,36,0,0,0,0,0,0,0,0,0,0,0,49,0,4.5,Wisconsin,AZ
1999Larry Atkins,AtkiLa20,1999,3,84,KAN,Larry Atkins,No,LB,LB,24,0,0,49,0,0,0,0,0,0,0,0,0,0,0,20,0,0,UCLA,MO
1999Dat Nguyen,NguyDa20,1999,3,85,DAL,Dat Nguyen,No,LB,LB,24,0,0,90,0,0,0,0,0,0,0,0,0,0,0,389,7,6,Texas A&M,TX
1999Shawn Bryson,BrysSh00,1999,3,86,BUF,Shawn Bryson,No,RB,RB,22,0,0,91,0,0,0,0,0,528,2144,6,185,1383,3,17,0,0,Tennessee,NY
1999Mike McKenzie,McKeMi20,1999,3,87,GNB,Mike McKenzie,No,DB,DB,23,0,0,138,0,0,0,0,0,0,0,0,0,0,0,410,28,1,Memphis,WI
1999Anthony Cesario,0,1999,3,88,JAX,Anthony Cesario,No,G,G,0,0,0,0,0,0,0,0,0,0,0,0,0,0,0,0,0,0,Colorado St.,FL
1999Chike Okeafor,OkeaCh20,1999,3,89,SFO,Chike Okeafor,No,DE,DE,23,0,0,150,0,0,0,0,0,0,0,0,0,0,0,325,2,53,Purdue,CA
1999David Loverne,LoveDa20,1999,3,90,NYJ,David Loverne,No,G,G,23,0,0,63,0,0,0,0,0,0,0,0,0,0,0,0,0,0,San Jose St.,NY
1999Tony George,GeorTo20,1999,3,91,NWE,Tony George,No,DB,DB,24,0,0,31,0,0,0,0,0,0,0,0,0,0,0,13,0,0,Florida,MA
1999Jeff Paulk,PaulJe20,1999,3,92,ATL,Jeff Paulk,No,FB,FB,23,0,0,2,0,0,0,0,0,0,0,0,0,0,0,0,0,0,Arizona St.,GA
1999Travis McGriff,McGrTr00,1999,3,93,DEN,Travis McGriff,No,WR,WR,23,0,0,34,0,0,0,0,0,0,0,0,5,88,1,0,0,0,Florida,CO
1999Cletidus Hunt,HuntCl20,1999,3,94,GNB,Cletidus Hunt,No,DT,DT,23,0,0,85,0,0,0,0,0,0,0,0,0,0,0,118,0,17,Kentucky St.,WI
1999Amos Zereoue,ZereAm00,1999,3,95,PIT,Amos Zereoue,No,RB,RB,22,0,0,84,0,0,0,0,0,553,2137,10,137,1111,1,13,0,0,West Virginia,PA
1999Paul Miranda,MiraPa20,1999,4,96,IND,Paul Miranda,No,DB,DB,23,0,0,16,0,0,0,0,0,0,0,0,0,0,0,15,0,0,Central Florida,IN
1999John Welbourn,WelbJo20,1999,4,97,PHI,John Welbourn,No,G,G,23,0,0,103,0,0,0,0,0,0,0,0,0,0,0,0,0,0,California,PA
1999Craig Yeast,YeasCr00,1999,4,98,CIN,Craig Yeast,No,WR,WR,22,0,0,35,0,0,0,0,0,3,-1,0,27,321,0,0,0,0,Kentucky,OH
1999Anthony Parker,ParkAn21,1999,4,99,SFO,Anthony Parker,No,DB,DB,23,0,0,21,0,0,0,0,0,0,0,0,0,0,0,20,0,0,Weber St.,CA
1999Hannibal Navies,NaviHa20,1999,4,100,CAR,Hannibal Navies,No,LB,LB,22,0,0,96,0,0,0,0,0,0,0,0,0,0,0,191,1,4.5,Colorado,NC
1999Joe Germaine,GermJo00,1999,4,101,STL,Joe Germaine,No,QB,QB,24,0,0,3,9,16,136,1,2,3,0,0,0,0,0,0,0,0,Ohio St.,MO
1999Dameane Douglas,DougDa00,1999,4,102,OAK,Dameane Douglas,No,WR,WR,23,0,0,52,0,0,0,0,0,0,0,0,14,165,3,22,0,0,California,CA
1999Sedrick Irvin,IrviSe00,1999,4,103,DET,Sedrick Irvin,No,RB,RB,21,0,0,20,0,0,0,0,0,45,182,4,33,323,0,0,0,0,Michigan St.,MI
1999Jason Perry,PerrJa21,1999,4,104,SDG,Jason Perry,No,DB,DB,23,0,0,36,0,0,0,0,0,0,0,0,0,0,0,44,2,0,North Carolina St.,CA
1999Brandon Stokley,StokBr00,1999,4,105,BAL,Brandon Stokley,No,WR,WR,23,0,0,152,0,0,0,0,0,9,32,0,397,5339,39,18,0,0,La-Lafayette,MD
1999Warrick Holdman,HoldWa20,1999,4,106,CHI,Warrick Holdman,No,LB,LB,23,0,0,105,0,0,0,0,0,0,0,0,0,0,0,392,1,5,Texas A&M,IL
1999Nate Stimson,0,1999,4,107,WAS,Nate Stimson,No,LB,LB,0,0,0,0,0,0,0,0,0,0,0,0,0,0,0,0,0,0,Georgia Tech,DC
1999Larry Parker,ParkLa00,1999,4,108,KAN,Larry Parker,No,WR,WR,23,0,0,38,0,0,0,0,0,4,-1,0,18,240,2,3,0,0,USC,MO
1999Aaron Smith,SmitAa99,1999,4,109,PIT,Aaron Smith,No,DE,DE,23,0,1,160,0,0,0,0,0,0,0,0,0,0,0,326,1,44,Northern Colorado,PA
1999Pierson Prioleau,PrioPi20,1999,4,110,SFO,Pierson Prioleau,No,DB,DB,22,0,0,160,0,0,0,0,0,0,0,0,0,0,0,348,1,6,Virginia Tech,CA
1999Rosevelt Colvin,ColvRo20,1999,4,111,CHI,Rosevelt Colvin,No,LB,LB,22,0,0,121,0,0,0,0,0,0,0,0,0,0,0,274,3,52.5,Purdue,IL
1999Sean Bennett,BennSe00,1999,4,112,NYG,Sean Bennett,No,RB,RB,23,0,0,16,0,0,0,0,0,29,126,1,9,64,0,1,0,0,Northwestern,NY
1999Dexter Jackson,JackDe20,1999,4,113,TAM,Dexter Jackson,No,DB,DB,22,0,0,118,0,0,0,0,0,0,0,0,0,0,0,348,17,5,Florida St.,FL
1999Brad Ware,0,1999,4,114,TEN,Brad Ware,No,DB,DB,0,0,0,0,0,0,0,0,0,0,0,0,0,0,0,0,0,0,Auburn,TN
1999Antonio Cochran,CochAn20,1999,4,115,SEA,Antonio Cochran,No,DE,DE,23,0,0,85,0,0,0,0,0,0,0,0,0,0,0,131,2,15.5,Georgia,WA
1999Joel Makovicka,MakoJo00,1999,4,116,ARI,Joel Makovicka,No,FB,FB,23,0,0,58,0,0,0,0,0,17,88,0,47,264,5,9,0,0,Nebraska,AZ
1999Donald Mitchell,MitcDo20,1999,4,117,TEN,Donald Mitchell,No,DB,DB,22,0,0,44,0,0,0,0,0,0,0,0,0,0,0,69,2,0,SMU,TN
1999Wane McGarity,McGaWa00,1999,4,118,DAL,Wane McGarity,No,WR,WR,23,0,0,31,0,0,0,0,0,6,49,1,39,363,1,1,0,0,Texas,TX
1999Keith Newman,NewmKe20,1999,4,119,BUF,Keith Newman,No,LB,LB,22,0,0,102,0,0,0,0,0,0,0,0,0,0,0,227,2,23,North Carolina,NY
1999Kenny Wright,WrigKe20,1999,4,120,MIN,Kenny Wright,No,DB,DB,22,0,0,133,0,0,0,0,0,0,0,0,0,0,0,308,7,3,Arkansas,MN
1999Kevin Landolt,LandKe20,1999,4,121,JAX,Kevin Landolt,No,DT,DT,23,0,0,1,0,0,0,0,0,0,0,0,0,0,0,0,0,0,West Virginia,FL
1999Bobby Collins,CollBo00,1999,4,122,BUF,Bobby Collins,No,TE,TE,23,0,0,30,0,0,0,0,0,0,0,0,16,199,2,0,0,0,North Alabama,NY
1999Jason Wiltz,WiltJa20,1999,4,123,NYJ,Jason Wiltz,No,DT,DT,22,0,0,27,0,0,0,0,0,0,0,0,0,0,0,9,2,2,Nebraska,NY
1999Wali Rainer,RainWa20,1999,4,124,CLE,Wali Rainer,No,LB,LB,22,0,0,110,0,0,0,0,0,0,0,0,0,0,0,387,1,4,Virginia,OH
1999Jay Humphrey,0,1999,4,125,MIN,Jay Humphrey,No,T,T,0,0,0,0,0,0,0,0,0,0,0,0,0,0,0,0,0,0,Texas,MN
1999Johndale Carty,CartJo22,1999,4,126,ATL,Johndale Carty,No,DB,DB,22,0,0,61,0,0,0,0,0,0,0,0,0,0,0,32,2,1,Utah St.,GA
1999Olandis Gary,GaryOl00,1999,4,127,DEN,Olandis Gary,No,RB,RB,24,0,0,48,0,0,0,0,0,496,1998,11,59,415,0,4,0,0,Georgia,CO
1999Damon Moore,MoorDa20,1999,4,128,PHI,Damon Moore,No,DB,DB,23,0,0,54,0,0,0,0,0,0,0,0,0,0,0,145,6,1,Ohio St.,PA
1999Edwin Mulitalo,MuliEd20,1999,4,129,BAL,Edwin Mulitalo,No,G,G,25,0,0,132,0,0,0,0,0,0,0,0,0,0,0,0,0,0,Arizona,MD
1999Na Brown,BrowNa00,1999,4,130,PHI,Na Brown,No,WR,WR,22,0,0,42,0,0,0,0,0,0,0,0,34,363,2,2,0,0,North Carolina,PA
1999Aaron Brooks,BrooAa00,1999,4,131,GNB,Aaron Brooks,No,QB,QB,23,0,0,93,1673,2963,20261,123,92,362,1534,13,1,1,0,11,0,0,Virginia,WI
1999Peppi Zellner,ZellPe20,1999,4,132,DAL,Peppi Zellner,No,DE,DE,24,0,0,89,0,0,0,0,0,0,0,0,0,0,0,107,0,9,Fort Valley St.,TX
1999Josh Bidwell,BidwJo20,1999,4,133,GNB,Josh Bidwell,No,P,P,23,0,1,148,0,0,0,0,0,1,0,0,0,0,0,4,0,0,Oregon,WI
1999Cecil Collins,CollCe00,1999,5,134,MIA,Cecil Collins,No,RB,RB,22,0,0,8,0,0,0,0,0,131,414,2,6,32,0,0,0,0,McNeese St.,FL
1999Nick Luchey,WillNi00,1999,5,135,CIN,Nick Luchey,No,FB,FB,22,0,0,75,0,0,0,0,0,44,170,2,27,258,0,0,0,0,Miami (FL),OH
1999Jerame Tuman,TumaJe00,1999,5,136,PIT,Jerame Tuman,No,TE,TE,23,0,0,123,0,0,0,0,0,0,0,0,46,541,7,4,0,0,Michigan,PA
1999Tyree Talton,TaltTy20,1999,5,137,DET,Tyree Talton,No,DB,DB,23,0,0,12,0,0,0,0,0,0,0,0,0,0,0,0,0,0,Northern Iowa,MI
1999Brad Scioli,ScioBr20,1999,5,138,IND,Brad Scioli,No,DE,DE,23,0,0,80,0,0,0,0,0,0,0,0,0,0,0,86,0,15,Penn St.,IN
1999Adrian Dingle,DingAd20,1999,5,139,SDG,Adrian Dingle,No,DE,DE,22,0,0,70,0,0,0,0,0,0,0,0,0,0,0,81,1,14.5,Clemson,CA
1999Floyd Wedderburn,WeddFl20,1999,5,140,SEA,Floyd Wedderburn,No,G,G,23,0,0,46,0,0,0,0,0,0,0,0,0,0,0,0,0,0,Penn St.,WA
1999Reggie Nelson,NelsRe20,1999,5,141,SDG,Reggie Nelson,No,T,T,23,0,0,3,0,0,0,0,0,0,0,0,0,0,0,0,0,0,McNeese St.,CA
1999Bryan Jones,0,1999,5,142,MIA,Bryan Jones,No,LB,LB,0,0,0,0,0,0,0,0,0,0,0,0,0,0,0,0,0,0,Oregon St.,FL
1999Jerry Wisne,WisnJe20,1999,5,143,CHI,Jerry Wisne,No,T,T,23,0,0,9,0,0,0,0,0,0,0,0,0,0,0,0,0,0,Notre Dame,IL
1999Khari Samuel,SamuKh20,1999,5,144,CHI,Khari Samuel,No,LB,LB,22,0,0,39,0,0,0,0,0,0,0,0,0,0,0,10,0,0,Massachusetts,IL
1999Cameron Spikes,SpikCa20,1999,5,145,STL,Cameron Spikes,No,G,G,22,0,0,63,0,0,0,0,0,0,0,0,0,0,0,0,0,0,Texas A&M,MO
1999Eric Barton,BartEr20,1999,5,146,OAK,Eric Barton,No,LB,LB,22,0,0,160,0,0,0,0,0,0,0,0,0,0,0,632,4,20,Maryland,CA
1999Jerry Azumah,AzumJe00,1999,5,147,CHI,Jerry Azumah,No,DB,DB,22,0,1,105,0,0,0,0,0,0,0,0,0,0,0,297,10,6.5,New Hampshire,IL
1999Darrin Chiaverini,ChiaDa00,1999,5,148,CLE,Darrin Chiaverini,No,WR,WR,21,0,0,49,0,0,0,0,0,1,3,0,62,662,7,1,0,0,Colorado,OH
1999Mike Rosenthal,RoseMi20,1999,5,149,NYG,Mike Rosenthal,No,T,T,22,0,0,89,0,0,0,0,0,0,0,0,0,0,0,0,0,0,Notre Dame,NY
1999John McLaughlin,McLaJo21,1999,5,150,TAM,John McLaughlin,No,DE,DE,23,0,0,18,0,0,0,0,0,0,0,0,0,0,0,0,0,0,California,FL
1999Kevin Daft,0,1999,5,151,TEN,Kevin Daft,No,QB,QB,0,0,0,0,0,0,0,0,0,0,0,0,0,0,0,0,0,0,California-Davis,TN
1999Charlie Rogers,RogeCh00,1999,5,152,SEA,Charlie Rogers,No,RB,RB,23,0,0,67,0,0,0,0,0,0,0,0,1,7,0,6,0,0,Georgia Tech,WA
1999Roderick Coleman,ColeRo99,1999,5,153,OAK,Roderick Coleman,No,DT,DT,23,0,1,109,0,0,0,0,0,0,0,0,0,0,0,218,1,58.5,East Carolina,CA
1999Derrick Fletcher,FletDe20,1999,5,154,NWE,Derrick Fletcher,No,T,T,24,0,0,21,0,0,0,0,0,0,0,0,0,0,0,0,0,0,Baylor,MA
1999Paris Johnson,0,1999,5,155,ARI,Paris Johnson,No,DB,DB,0,0,0,0,0,0,0,0,0,0,0,0,0,0,0,0,0,0,Miami (OH),AZ
1999Jay Foreman,ForeJa20,1999,5,156,BUF,Jay Foreman,No,LB,LB,23,0,0,84,0,0,0,0,0,0,0,0,0,0,0,367,0,4.5,Nebraska,NY
1999Terry Jackson,JackTe00,1999,5,157,SFO,Terry Jackson,No,FB,FB,23,0,0,100,0,0,0,0,0,70,331,2,51,351,3,58,0,0,Florida,CA
1999David Bowens,BoweDa20,1999,5,158,DEN,David Bowens,No,DE,DE,22,0,0,167,0,0,0,0,0,0,0,0,0,0,0,227,4,38.5,West. Illinois,CO
1999De'Mond Parker,ParkDe00,1999,5,159,GNB,De'Mond Parker,No,RB,RB,22,0,0,19,0,0,0,0,0,54,269,2,13,65,0,0,0,0,Oklahoma,WI
1999Jason Craft,CrafJa20,1999,5,160,JAX,Jason Craft,No,DB,DB,23,0,0,148,0,0,0,0,0,0,0,0,0,0,0,350,14,4,Colorado St.,FL
1999Tyrone Hopson,HopsTy20,1999,5,161,SFO,Tyrone Hopson,No,G,G,23,0,0,23,0,0,0,0,0,0,0,0,0,0,0,0,0,0,East. Kentucky,CA
1999Jermaine Jones,JoneJe21,1999,5,162,NYJ,Jermaine Jones,No,DB,DB,23,0,0,3,0,0,0,0,0,0,0,0,0,0,0,0,0,0,NW State (LA),NY
1999Craig Heimburger,HeimCr20,1999,5,163,GNB,Craig Heimburger,No,G,G,22,0,0,13,0,0,0,0,0,0,0,0,0,0,0,0,0,0,Missouri,WI
1999Eugene Baker,BakeEu00,1999,5,164,ATL,Eugene Baker,No,WR,WR,23,0,0,8,0,0,0,0,0,0,0,0,7,118,0,0,0,0,Kent St.,GA
1999Derek Smith,0,1999,5,165,WAS,Derek Smith,No,T,T,0,0,0,0,0,0,0,0,0,0,0,0,0,0,0,0,0,0,Virginia Tech,DC
1999Malcolm Johnson,JohnMa00,1999,5,166,PIT,Malcolm Johnson,No,WR,WR,22,0,0,11,0,0,0,0,0,0,0,0,2,23,0,0,0,0,Notre Dame,PA
1999Darwin Brown,0,1999,5,167,DEN,Darwin Brown,No,DB,DB,0,0,0,0,0,0,0,0,0,0,0,0,0,0,0,0,0,0,Texas Tech,CO
1999Yusuf Scott,ScotYu20,1999,5,168,ARI,Yusuf Scott,No,G,G,22,0,0,24,0,0,0,0,0,0,0,0,0,0,0,0,0,0,Arizona,AZ
1999Chris Jones,0,1999,5,169,MIN,Chris Jones,No,LB,LB,0,0,0,0,0,0,0,0,0,0,0,0,0,0,0,0,0,0,Clemson,MN
1999Steve Johnson,0,1999,6,170,SEA,Steve Johnson,No,DB,DB,0,0,0,0,0,0,0,0,0,0,0,0,0,0,0,0,0,0,Tennessee,WA
1999Tai Streets,StreTa00,1999,6,171,SFO,Tai Streets,No,WR,WR,22,0,0,78,0,0,0,0,0,1,0,0,196,2268,14,10,0,0,Michigan,CA
1999Cecil Martin,MartCe00,1999,6,172,PHI,Cecil Martin,No,FB,FB,24,0,0,61,0,0,0,0,0,26,103,0,81,491,2,3,0,0,Wisconsin,PA
1999Kelly Gregg,GregKe20,1999,6,173,CIN,Kelly Gregg,No,NT,DT,22,0,0,153,0,0,0,0,0,0,0,0,0,0,0,381,0,20.5,Oklahoma,OH
1999Marcus Spriggs,SpriMa21,1999,6,174,CLE,Marcus Spriggs,No,DT,DT,23,0,0,18,0,0,0,0,0,0,0,0,0,0,0,17,0,2,Troy,OH
1999Robert Daniel,0,1999,6,175,CAR,Robert Daniel,No,DE,DE,0,0,0,0,0,0,0,0,0,0,0,0,0,0,0,0,0,0,,NC
1999Lionel Barnes,BarnLi20,1999,6,176,STL,Lionel Barnes,No,DE,DE,23,0,0,27,0,0,0,0,0,0,0,0,0,0,0,16,0,2,La-Monroe,MO
1999Clint Kriewaldt,KrieCl20,1999,6,177,DET,Clint Kriewaldt,No,LB,LB,23,0,0,123,0,0,0,0,0,0,0,0,0,0,0,106,2,0.5,Wisc-Stevens Point,MI
1999Tyrone Bell,BellTy20,1999,6,178,SDG,Tyrone Bell,No,DB,DB,24,0,0,1,0,0,0,0,0,0,0,0,0,0,0,0,0,0,North Alabama,CA
1999Desmond Clark,ClarDe00,1999,6,179,DEN,Desmond Clark,No,TE,TE,22,0,0,162,0,0,0,0,0,0,0,0,323,3591,27,18,0,0,Wake Forest,CO
1999Marcus Washington,0,1999,6,180,NWE,Marcus Washington,No,DB,DB,0,0,0,0,0,0,0,0,0,0,0,0,0,0,0,0,0,0,Colorado,MA
1999Jeff Hall,HallJe20,1999,6,181,WAS,Jeff Hall,No,K,K,23,0,0,3,0,0,0,0,0,0,0,0,0,0,0,0,0,0,Tennessee,DC
1999Emarlos Leroy,LeroEm20,1999,6,182,JAX,Emarlos Leroy,No,DT,DT,24,0,0,22,0,0,0,0,0,0,0,0,0,0,0,7,0,0,Georgia,FL
1999Marc Megna,MegnMa20,1999,6,183,NYJ,Marc Megna,No,LB,LB,23,0,0,6,0,0,0,0,0,0,0,0,0,0,0,0,0,0,Richmond,NY
1999Rashard Cook,CookRa20,1999,6,184,CHI,Rashard Cook,No,DB,DB,22,0,0,47,0,0,0,0,0,0,0,0,0,0,0,30,2,3,USC,IL
1999Talance Sawyer,SawyTa20,1999,6,185,MIN,Talance Sawyer,No,DE,DE,23,0,0,39,0,0,0,0,0,0,0,0,0,0,0,62,1,11,UNLV,MN
1999Darran Hall,0,1999,6,186,TEN,Darran Hall,No,WR,WR,0,0,0,0,0,0,0,0,0,0,0,0,0,0,0,0,0,0,Colorado St.,TN
1999Kendall Ogle,OgleKe20,1999,6,187,CLE,Kendall Ogle,No,LB,LB,23,0,0,2,0,0,0,0,0,0,0,0,0,0,0,0,0,0,Maryland,OH
1999Daren Yancey,0,1999,6,188,OAK,Daren Yancey,No,DT,DT,0,0,0,0,0,0,0,0,0,0,0,0,0,0,0,0,0,0,BYU,CA
1999Lyle West,WestLy20,1999,6,189,NYG,Lyle West,No,DB,DB,22,0,0,51,0,0,0,0,0,0,0,0,0,0,0,29,0,0,San Jose St.,NY
1999Coby Rhinehart,RhinCo20,1999,6,190,ARI,Coby Rhinehart,No,DB,DB,22,0,0,61,0,0,0,0,0,0,0,0,0,0,0,55,2,0,SMU,AZ
1999James Dearth,DearJa00,1999,6,191,CLE,James Dearth,No,TE,TE,23,0,0,146,0,0,0,0,0,0,0,0,3,10,1,17,0,0,Tarleton St.,OH
1999Brent Bartholomew,BartBr20,1999,6,192,MIA,Brent Bartholomew,No,P,P,22,0,0,9,0,0,0,0,0,0,0,0,0,0,0,0,0,0,Ohio St.,FL
1999MarTay Jenkins,JenkMa00,1999,6,193,DAL,MarTay Jenkins,No,WR,WR,24,0,0,40,0,0,0,0,0,7,6,0,70,987,4,16,0,0,Nebraska-Omaha,TX
1999Armon Hatcher,HatcAr20,1999,6,194,BUF,Armon Hatcher,No,DB,DB,23,0,0,4,0,0,0,0,0,0,0,0,0,0,0,3,0,0,Oregon St.,NY
1999Lamarr Glenn,0,1999,6,195,TAM,Lamarr Glenn,No,RB,RB,0,0,0,0,0,0,0,0,0,0,0,0,0,0,0,0,0,0,Florida St.,FL
1999Dee Miller,0,1999,6,196,GNB,Dee Miller,No,WR,WR,0,0,0,0,0,0,0,0,0,0,0,0,0,0,0,0,0,0,Ohio St.,WI
1999J.P. Machado,MachJ.20,1999,6,197,NYJ,J.P. Machado,No,G,G,23,0,0,69,0,0,0,0,0,0,0,0,0,0,0,0,0,0,Illinois,NY
1999Jeff Kelly,KellJe20,1999,6,198,ATL,Jeff Kelly,No,LB,LB,23,0,0,29,0,0,0,0,0,0,0,0,0,0,0,31,0,0,Kansas St.,GA
1999Antico Dalton,DaltAn20,1999,6,199,MIN,Antico Dalton,No,LB,LB,23,0,0,5,0,0,0,0,0,0,0,0,0,0,0,0,0,0,Hampton,MN
1999Eric Thigpen,0,1999,6,200,ATL,Eric Thigpen,No,DB,DB,0,0,0,0,0,0,0,0,0,0,0,0,0,0,0,0,0,0,Iowa,GA
1999Troy Smith,SmitTr00,1999,6,201,PHI,Troy Smith,No,WR,WR,22,0,0,1,0,0,0,0,0,0,0,0,1,14,0,0,0,0,East Carolina,PA
1999Melvin Bradley,BradMe20,1999,6,202,ARI,Melvin Bradley,No,LB,LB,23,0,0,1,0,0,0,0,0,0,0,0,0,0,0,0,0,0,Arkansas,AZ
1999Scott Curry,CurrSc20,1999,6,203,GNB,Scott Curry,No,T,T,23,0,0,5,0,0,0,0,0,0,0,0,0,0,0,0,0,0,Montana,WI
1999Chad Plummer,PlumCh20,1999,6,204,DEN,Chad Plummer,No,WR,WR,23,0,0,4,0,0,0,0,0,0,0,0,0,0,0,0,0,0,Cincinnati,CO
1999Andre Weathers,WeatAn20,1999,6,205,NYG,Andre Weathers,No,DB,DB,23,0,0,10,0,0,0,0,0,0,0,0,0,0,0,11,1,0,Michigan,NY
1999Dennis McKinley,McKiDe00,1999,6,206,ARI,Dennis McKinley,No,FB,FB,22,0,0,58,0,0,0,0,0,1,1,0,4,27,0,6,0,0,Mississippi St.,AZ
1999Madre Hill,HillMa20,1999,7,207,CLE,Madre Hill,No,RB,RB,23,0,0,7,0,0,0,0,0,0,0,0,0,0,0,0,0,0,Arkansas,OH
1999Jed Weaver,WeavJe00,1999,7,208,PHI,Jed Weaver,No,TE,TE,23,0,0,90,0,0,0,0,0,0,0,0,88,1090,6,10,0,0,Oregon,PA
1999Tony Coats,0,1999,7,209,CIN,Tony Coats,No,G,G,0,0,0,0,0,0,0,0,0,0,0,0,0,0,0,0,0,0,Washington,OH
1999Hunter Smith,SmitHu21,1999,7,210,IND,Hunter Smith,No,P,P,22,0,0,182,1,3,35,1,1,4,42,2,0,0,0,7,0,0,Notre Dame,IN
1999Tony Booth,0,1999,7,211,CAR,Tony Booth,No,DB,DB,0,0,0,0,0,0,0,0,0,0,0,0,0,0,0,0,0,0,James Madison,NC
1999Chris Akins,AkinCh20,1999,7,212,GNB,Chris Akins,No,DB,DB,22,0,0,61,0,0,0,0,0,0,0,0,0,0,0,48,0,0,Ark-Pine Bluff,WI
1999Donald Driver,DrivDo00,1999,7,213,GNB,Donald Driver,No,WR,WR,24,0,3,205,0,0,0,0,0,34,217,1,743,10137,61,29,0,0,Alcorn St.,WI
1999Antonio Dingle,DingAn20,1999,7,214,PIT,Antonio Dingle,No,DT,DT,22,0,0,9,0,0,0,0,0,0,0,0,0,0,0,2,0,0,Virginia,PA
1999Mike Pringley,PrinMi21,1999,7,215,DET,Mike Pringley,No,DE,DE,23,0,0,12,0,0,0,0,0,0,0,0,0,0,0,6,0,1.5,North Carolina,MI
1999Anthony Poindexter,PoinAn20,1999,7,216,BAL,Anthony Poindexter,No,DB,DB,23,0,0,10,0,0,0,0,0,0,0,0,0,0,0,0,0,0,Virginia,MD
1999Tim Alexander,0,1999,7,217,WAS,Tim Alexander,No,WR,WR,0,0,0,0,0,0,0,0,0,0,0,0,0,0,0,0,0,0,Oregon St.,DC
1999Billy Miller,MillBi00,1999,7,218,DEN,Billy Miller,No,TE,TE,22,0,0,114,0,0,0,0,0,0,0,0,200,2248,10,7,0,0,USC,CO
1999Chad Kelsay,KelsCh20,1999,7,219,PIT,Chad Kelsay,No,LB,LB,22,0,0,6,0,0,0,0,0,0,0,0,0,0,0,0,0,0,Nebraska,PA
1999Eric King,0,1999,7,220,KAN,Eric King,No,G,G,0,0,0,0,0,0,0,0,0,0,0,0,0,0,0,0,0,0,Richmond,MO
1999Sulecio Sanford,0,1999,7,221,CHI,Sulecio Sanford,No,WR,WR,0,0,0,0,0,0,0,0,0,0,0,0,0,0,0,0,0,0,Middle Tenn. St.,IL
1999Phil Glover,GlovPh20,1999,7,222,TEN,Phil Glover,No,LB,LB,23,0,0,10,0,0,0,0,0,0,0,0,0,0,0,0,0,0,Utah,TN
1999Ryan Young,YounRy20,1999,7,223,NYJ,Ryan Young,No,T,T,23,0,0,67,0,0,0,0,0,0,0,0,0,0,0,0,0,0,Kansas St.,NY
1999JoJuan Armour,ArmoJo20,1999,7,224,OAK,JoJuan Armour,No,DB,DB,23,0,0,38,0,0,0,0,0,0,0,0,0,0,0,75,0,0,Miami (OH),CA
1999Ryan Hale,HaleRy20,1999,7,225,NYG,Ryan Hale,No,DT,DT,24,0,0,25,0,0,0,0,0,0,0,0,0,0,0,6,0,0,Arkansas,NY
1999Robert Hunt,0,1999,7,226,TAM,Robert Hunt,No,G,G,0,0,0,0,0,0,0,0,0,0,0,0,0,0,0,0,0,0,Virginia,FL
1999Michael Bishop,BishMi00,1999,7,227,NWE,Michael Bishop,No,QB,QB,23,0,0,8,3,9,80,1,1,7,-1,0,0,0,0,0,0,0,Kansas St.,MA
1999Kris Brown,brownkri01,1999,7,228,PIT,Kris Brown,No,K,K,22,0,0,179,0,0,0,0,0,2,10,0,0,0,0,13,0,0,Nebraska,PA
1999Mike Lucky,LuckMi00,1999,7,229,DAL,Mike Lucky,No,TE,TE,23,0,0,46,0,0,0,0,0,0,0,0,19,143,1,0,0,0,Arizona,TX
1999Sheldon Jackson,JackSh00,1999,7,230,BUF,Sheldon Jackson,No,TE,TE,23,0,0,45,0,0,0,0,0,0,0,0,10,71,2,2,0,0,Nebraska,NY
1999O.J. Childress,ChilO.20,1999,7,231,NYG,O.J. Childress,No,LB,LB,22,0,0,4,0,0,0,0,0,0,0,0,0,0,0,0,0,0,Clemson,NY
1999Jermaine Haley,HaleJe20,1999,7,232,MIA,Jermaine Haley,No,DT,DT,26,0,0,62,0,0,0,0,0,0,0,0,0,0,0,57,1,3.5,Butte JC (CA),FL
1999Autry Denson,DensAu00,1999,7,233,TAM,Autry Denson,No,RB,RB,22,0,0,34,0,0,0,0,0,62,212,0,18,133,0,9,0,0,Notre Dame,FL
1999Kory Minor,MinoKo20,1999,7,234,SFO,Kory Minor,No,LB,LB,22,0,0,30,0,0,0,0,0,0,0,0,0,0,0,20,0,0,Notre Dame,CA
1999J.J. Syvrud,SyvrJ.20,1999,7,235,NYJ,J.J. Syvrud,No,LB,LB,22,0,0,1,0,0,0,0,0,0,0,0,0,0,0,0,0,0,Jamestown,NY
1999Noel Scarlett,ScarNo20,1999,7,236,MIN,Noel Scarlett,No,DT,DT,25,0,0,1,0,0,0,0,0,0,0,0,0,0,0,0,0,0,Langston,MN
1999Todd McClure,McClTo20,1999,7,237,ATL,Todd McClure,No,C,C,22,0,0,198,0,0,0,0,0,0,0,0,0,0,0,2,0,0,LSU,GA
1999Justin Swift,SwifJu00,1999,7,238,DEN,Justin Swift,No,TE,TE,24,0,0,49,0,0,0,0,0,0,0,0,22,137,1,3,0,0,Kansas St.,CO
1999Chris Greisen,GreiCh00,1999,7,239,ARI,Chris Greisen,No,QB,QB,23,0,0,5,7,16,69,1,0,1,1,0,0,0,0,0,0,0,NW Missouri St.,AZ
1999Darnell McDonald,McDoDa00,1999,7,240,TAM,Darnell McDonald,No,WR,WR,23,0,0,8,0,0,0,0,0,0,0,0,9,96,1,0,0,0,Kansas St.,FL
1999Sean Morey,MoreSe00,1999,7,241,NWE,Sean Morey,No,WR,WR,23,0,1,112,0,0,0,0,0,1,13,0,11,168,0,77,0,0,Brown,MA
1999Dee Moronkola,0,1999,7,242,JAX,Dee Moronkola,No,DB,DB,0,0,0,0,0,0,0,0,0,0,0,0,0,0,0,0,0,0,Washington St.,FL
1999Kelvin Garmon,GarmKe20,1999,7,243,DAL,Kelvin Garmon,No,G,G,22,0,0,52,0,0,0,0,0,0,0,0,0,0,0,0,0,0,Baylor,TX
1999Joe Wong,WongJo20,1999,7,244,MIA,Joe Wong,No,G,G,23,0,0,2,0,0,0,0,0,0,0,0,0,0,0,0,0,0,BYU,FL
1999Scott Covington,CoviSc00,1999,7,245,CIN,Scott Covington,No,QB,QB,23,0,0,4,6,10,30,0,0,2,-4,0,0,0,0,0,0,0,Miami (FL),OH
1999Chris White,WhitCh21,1999,7,246,JAX,Chris White,No,DE,DE,23,0,0,5,0,0,0,0,0,0,0,0,0,0,0,0,0,0,Saginaw Valley St.,FL
1999Rondel Menendez,0,1999,7,247,ATL,Rondel Menendez,No,WR,WR,0,0,0,0,0,0,0,0,0,0,0,0,0,0,0,0,0,0,East. Kentucky,GA
1999Bryce Fisher,FishBr20,1999,7,248,BUF,Bryce Fisher,No,DE,DE,22,0,0,91,0,0,0,0,0,0,0,0,0,0,0,171,0,26.5,Air Force,NY
1999Donald Broomfield,0,1999,7,249,CIN,Donald Broomfield,No,DT,DT,0,0,0,0,0,0,0,0,0,0,0,0,0,0,0,0,0,0,Clemson,OH
1999Corey Terry,TerrCo20,1999,7,250,IND,Corey Terry,No,LB,LB,23,0,0,15,0,0,0,0,0,0,0,0,0,0,0,0,0,0,Tennessee,IN
1999Pernell Davis,DaviPe21,1999,7,251,PHI,Pernell Davis,No,DT,DT,23,0,0,2,0,0,0,0,0,0,0,0,0,0,0,0,0,0,Ala-Birmingham,PA
1999Rodney Williams,WillRo23,1999,7,252,STL,Rodney Williams,No,P,P,22,0,0,15,0,0,0,0,0,2,16,0,0,0,0,2,0,0,Georgia Tech,MO
1999Jim Finn,FinnJi00,1999,7,253,CHI,Jim Finn,No,FB,FB,22,0,0,106,0,0,0,0,0,11,30,0,60,423,1,20,0,0,Pennsylvania,IL
1998Peyton Manning,MannPe00,1998,1,1,IND,Peyton Manning,No,QB,QB,22,7,14,266,6125,9380,71940,539,251,431,667,18,1,-2,0,9,0,0,Tennessee,IN
1998Ryan Leaf,LeafRy00,1998,1,2,SDG,Ryan Leaf,No,QB,QB,22,0,0,25,317,655,3666,14,36,59,127,0,0,0,0,0,0,0,Washington St.,CA
1998Andre Wadsworth,WadsAn20,1998,1,3,ARI,Andre Wadsworth,No,DE,DE,23,0,0,36,0,0,0,0,0,0,0,0,0,0,0,72,1,8,Florida St.,AZ
1998Charles Woodson,WoodCh00,1998,1,4,OAK,Charles Woodson,No,DB,DB,21,3,9,254,0,0,0,0,0,1,-3,0,2,27,0,983,65,20,Michigan,CA
1998Curtis Enis,EnisCu00,1998,1,5,CHI,Curtis Enis,No,RB,RB,22,0,0,36,0,0,0,0,0,456,1497,4,59,428,2,0,0,0,Penn St.,IL
1998Grant Wistrom,WistGr20,1998,1,6,STL,Grant Wistrom,No,DE,DE,22,0,0,132,0,0,0,0,0,0,0,0,0,0,0,333,5,53,Nebraska,MO
1998Kyle Turley,TurlKy20,1998,1,7,NOR,Kyle Turley,No,T,T,23,1,0,109,0,0,0,0,0,0,0,0,1,16,0,0,0,0,San Diego St.,LA
1998Greg Ellis,ElliGr20,1998,1,8,DAL,Greg Ellis,No,DE,DE,23,0,1,176,0,0,0,0,0,0,0,0,0,0,0,397,4,84,North Carolina,TX
1998Fred Taylor,TaylFr00,1998,1,9,JAX,Fred Taylor,No,RB,RB,22,0,1,153,0,0,0,0,0,2534,11695,66,290,2384,8,4,0,0,Florida,FL
1998Duane Starks,StarDu20,1998,1,10,BAL,Duane Starks,No,DB,DB,24,0,0,97,0,0,0,0,0,0,0,0,0,0,0,311,25,1,Miami (FL),MD
1998Tra Thomas,ThomTr00,1998,1,11,PHI,Tra Thomas,No,T,T,23,0,3,174,0,0,0,0,0,0,0,0,0,0,0,0,0,0,Florida St.,PA
1998Keith Brooking,BrooKe00,1998,1,12,ATL,Keith Brooking,No,LB,LB,22,0,5,225,0,0,0,0,0,0,0,0,0,0,0,1097,13,22,Georgia Tech,GA
1998Takeo Spikes,SpikTa00,1998,1,13,CIN,Takeo Spikes,No,LB,LB,21,1,2,219,0,0,0,0,0,0,0,0,0,0,0,1013,19,29,Auburn,OH
1998Jason Peter,PeteJa20,1998,1,14,CAR,Jason Peter,No,DE,DE,24,0,0,38,0,0,0,0,0,0,0,0,0,0,0,65,0,7.5,Nebraska,NC
1998Anthony Simmons,SimmAn20,1998,1,15,SEA,Anthony Simmons,No,LB,LB,22,0,0,87,0,0,0,0,0,0,0,0,0,0,0,450,9,10,Clemson,WA
1998Kevin Dyson,DysoKe00,1998,1,16,TEN,Kevin Dyson,No,WR,WR,23,0,0,59,0,0,0,0,0,4,3,0,178,2325,18,3,0,0,Utah,TN
1998Brian Simmons,SimmBr20,1998,1,17,CIN,Brian Simmons,No,LB,LB,23,0,0,137,0,0,0,0,0,0,0,0,0,0,0,519,11,24,North Carolina,OH
1998Robert Edwards,EdwaRo00,1998,1,18,NWE,Robert Edwards,No,RB,RB,23,0,0,28,0,0,0,0,0,311,1222,10,53,457,4,2,0,0,Georgia,MA
1998Vonnie Holliday,HollVo20,1998,1,19,GNB,Vonnie Holliday,No,DE,DE,22,0,0,214,0,0,0,0,0,0,0,0,0,0,0,413,2,62.5,North Carolina,WI
1998Terry Fair,FairTe20,1998,1,20,DET,Terry Fair,No,DB,DB,22,0,0,60,0,0,0,0,0,0,0,0,0,0,0,170,7,1,Tennessee,MI
1998Randy Moss,MossRa00,1998,1,21,MIN,Randy Moss,No,WR,WR,21,4,6,218,4,8,106,2,1,25,159,0,982,15292,156,26,1,0,Marshall,MN
1998Tebucky Jones,JoneTe20,1998,1,22,NWE,Tebucky Jones,No,DB,DB,23,0,0,109,0,0,0,0,0,0,0,0,0,0,0,307,6,4.5,Syracuse,MA
1998Mo Collins,CollMo20,1998,1,23,OAK,Mo Collins,No,G,G,22,0,0,71,0,0,0,0,0,0,0,0,0,0,0,0,0,0,Florida,CA
1998Shaun Williams,WillSh20,1998,1,24,NYG,Shaun Williams,No,DB,DB,21,0,0,104,0,0,0,0,0,0,0,0,0,0,0,376,15,4.5,UCLA,NY
1998Donovin Darius,DariDo20,1998,1,25,JAX,Donovin Darius,No,DB,DB,23,0,0,118,0,0,0,0,0,0,0,0,0,0,0,483,14,2,Syracuse,FL
1998Alan Faneca,FaneAl00,1998,1,26,PIT,Alan Faneca,No,G,G,21,6,9,206,0,0,0,0,0,0,0,0,0,0,0,4,0,0,LSU,PA
1998Victor Riley,RileVi20,1998,1,27,KAN,Victor Riley,No,T,T,23,0,0,111,0,0,0,0,0,0,0,0,0,0,0,0,0,0,Auburn,MO
1998R.W. McQuarters,McQuR.20,1998,1,28,SFO,R.W. McQuarters,No,DB,DB,21,0,0,157,0,0,0,0,0,0,0,0,0,0,0,402,14,3,Oklahoma St.,CA
1998John Avery,AverJo00,1998,1,29,MIA,John Avery,No,RB,RB,22,0,0,29,0,0,0,0,0,149,524,2,16,115,2,0,0,0,Mississippi,FL
1998Marcus Nash,NashMa00,1998,1,30,DEN,Marcus Nash,No,WR,WR,22,0,0,11,0,0,0,0,0,0,0,0,4,76,0,0,0,0,Tennessee,CO
1998Leon Bender,0,1998,2,31,OAK,Leon Bender,No,DT,DT,0,0,0,0,0,0,0,0,0,0,0,0,0,0,0,0,0,0,Washington St.,CA
1998Jerome Pathon,PathJe00,1998,2,32,IND,Jerome Pathon,No,WR,WR,22,0,0,100,0,0,0,0,0,5,-7,0,260,3350,15,3,0,0,Washington,IN
1998Corey Chavous,ChavCo00,1998,2,33,ARI,Corey Chavous,No,DB,DB,22,0,1,171,0,0,0,0,0,0,0,0,0,0,0,595,20,5.5,Vanderbilt,AZ
1998Jacquez Green,GreeJa00,1998,2,34,TAM,Jacquez Green,No,WR,WR,22,0,0,66,0,0,0,0,0,13,42,0,162,2311,7,2,0,0,Florida,FL
1998Tony Parrish,ParrTo20,1998,2,35,CHI,Tony Parrish,No,DB,DB,22,0,0,131,0,0,0,0,0,0,0,0,0,0,0,506,30,5,Washington,IL
1998Anthony Clement,ClemAn20,1998,2,36,ARI,Anthony Clement,No,T,T,22,0,0,128,0,0,0,0,0,0,0,0,0,0,0,0,0,0,La-Lafayette,AZ
1998Robert Holcombe,HolcRo00,1998,2,37,STL,Robert Holcombe,No,RB,RB,22,0,0,97,0,0,0,0,0,337,1141,11,69,573,3,17,0,0,Illinois,MO
1998Flozell Adams,AdamFl00,1998,2,38,DAL,Flozell Adams,No,T,T,23,0,5,198,0,0,0,0,0,0,0,0,0,0,0,4,0,0,Michigan St.,TX
1998Sam Cowart,CowaSa00,1998,2,39,BUF,Sam Cowart,No,LB,LB,23,0,1,100,0,0,0,0,0,0,0,0,0,0,0,500,4,12.5,Florida St.,NY
1998Cam Cleeland,CleeCa00,1998,2,40,NOR,Cam Cleeland,No,TE,TE,23,0,0,89,0,0,0,0,0,3,-7,0,131,1478,13,0,0,0,Washington,LA
1998Jeremy Staat,StaaJe20,1998,2,41,PIT,Jeremy Staat,No,DE,DE,21,0,0,31,0,0,0,0,0,0,0,0,0,0,0,12,0,0,Arizona St.,PA
1998Patrick Johnson,JohnPa00,1998,2,42,BAL,Patrick Johnson,No,WR,WR,22,0,0,70,0,0,0,0,0,4,24,0,84,1286,10,14,0,0,Oregon,MD
1998Artrell Hawkins,HawkAr20,1998,2,43,CIN,Artrell Hawkins,No,DB,DB,21,0,0,122,0,0,0,0,0,0,0,0,0,0,0,418,11,4,Cincinnati,OH
1998Patrick Surtain,SurtPa00,1998,2,44,MIA,Patrick Surtain,No,DB,DB,22,1,3,163,0,0,0,0,0,0,0,0,0,0,0,422,37,7.5,Southern Miss,FL
1998Brian Kelly,KellBr21,1998,2,45,TAM,Brian Kelly,No,DB,DB,22,0,0,141,0,0,0,0,0,0,0,0,0,0,0,359,22,3.5,USC,FL
1998Samari Rolle,RollSa00,1998,2,46,TEN,Samari Rolle,No,DB,DB,22,1,1,149,0,0,0,0,0,0,0,0,0,0,0,383,31,9.5,Florida St.,TN
1998Todd Weiner,WeinTo20,1998,2,47,SEA,Todd Weiner,No,T,T,23,0,0,152,0,0,0,0,0,0,0,0,1,0,0,0,0,0,Kansas St.,WA
1998Stephen Alexander,AlexSt00,1998,2,48,WAS,Stephen Alexander,No,TE,TE,22,0,1,118,0,0,0,0,0,0,0,0,247,2519,14,4,0,0,Oklahoma,DC
1998Kenny Mixon,MixoKe20,1998,2,49,MIA,Kenny Mixon,No,DE,DE,23,0,0,105,0,0,0,0,0,0,0,0,0,0,0,191,2,18.5,LSU,FL
1998Germane Crowell,CrowGe00,1998,2,50,DET,Germane Crowell,No,WR,WR,22,0,0,54,0,0,0,0,0,8,91,0,184,2722,16,2,0,0,Virginia,MI
1998Kailee Wong,WongKa20,1998,2,51,MIN,Kailee Wong,No,LB,LB,22,0,0,123,0,0,0,0,0,0,0,0,0,0,0,376,6,21.5,Stanford,MN
1998Tony Simmons,SimmTo00,1998,2,52,NWE,Tony Simmons,No,WR,WR,23,0,0,49,0,0,0,0,0,0,0,0,58,998,6,0,0,0,Wisconsin,MA
1998Bob Hallen,HallBo20,1998,2,53,ATL,Bob Hallen,No,G,G,23,0,0,86,0,0,0,0,0,0,0,0,0,0,0,0,0,0,Kent St.,GA
1998Rod Rutledge,RutlRo00,1998,2,54,NWE,Rod Rutledge,No,TE,TE,23,0,0,70,0,0,0,0,0,0,0,0,27,204,1,0,0,0,Alabama,MA
1998Joe Jurevicius,JureJo00,1998,2,55,NYG,Joe Jurevicius,No,WR,WR,23,0,0,133,0,0,0,0,0,0,0,0,323,4119,29,8,0,0,Penn St.,NY
1998Dorian Boose,BoosDo20,1998,2,56,NYJ,Dorian Boose,No,DE,DE,24,0,0,44,0,0,0,0,0,0,0,0,0,0,0,19,0,0,Washington St.,NY
1998Cordell Taylor,TaylCo20,1998,2,57,JAX,Cordell Taylor,No,DB,DB,24,0,0,13,0,0,0,0,0,0,0,0,0,0,0,0,0,0,Hampton,FL
1998Jeremy Newberry,NewbJe00,1998,2,58,SFO,Jeremy Newberry,No,C,C,22,0,2,120,0,0,0,0,0,0,0,0,0,0,0,0,0,0,California,CA
1998Mikhael Ricks,RickMi00,1998,2,59,SDG,Mikhael Ricks,No,TE,TE,23,0,0,82,0,1,0,0,0,2,11,0,155,1939,8,3,0,0,S.F. Austin,CA
1998Charlie Batch,BatcCh00,1998,2,60,DET,Charlie Batch,No,QB,QB,23,0,0,81,908,1604,11085,61,52,172,637,6,0,0,0,0,0,0,East. Michigan,MI
1998Eric Brown,BrowEr21,1998,2,61,DEN,Eric Brown,No,DB,DB,23,0,0,97,0,0,0,0,0,0,0,0,0,0,0,365,9,6.5,Mississippi St.,CO
1998Chuck Wiley,WileCh21,1998,3,62,CAR,Chuck Wiley,No,DE,DE,23,0,0,79,0,0,0,0,0,0,0,0,0,0,0,83,1,6.5,LSU,NC
1998Jon Ritchie,RitcJo00,1998,3,63,OAK,Jon Ritchie,No,FB,FB,24,0,0,94,0,0,0,0,0,15,36,0,150,1148,7,9,0,0,Stanford,CA
1998Olin Kreutz,KreuOl00,1998,3,64,CHI,Olin Kreutz,No,C,C,21,1,6,195,0,0,0,0,0,0,0,0,1,-8,0,5,0,0,Washington,IL
1998Leonard Little,LittLe00,1998,3,65,STL,Leonard Little,No,DE,DE,23,1,1,147,0,0,0,0,0,0,0,0,0,0,0,310,2,87.5,Tennessee,MO
1998Chris Conrad,ConrCh20,1998,3,66,PIT,Chris Conrad,No,T,T,23,0,0,17,0,0,0,0,0,0,0,0,0,0,0,0,0,0,Fresno St.,PA
1998Scott Frost,FrosSc20,1998,3,67,NYJ,Scott Frost,No,DB,DB,23,0,0,59,0,0,0,0,0,1,1,0,0,0,0,33,1,1,Nebraska,NY
1998Robert Hicks,HickRo20,1998,3,68,BUF,Robert Hicks,No,T,T,23,0,0,37,0,0,0,0,0,1,-2,0,1,-6,0,0,0,0,Mississippi St.,NY
1998Skip Hicks,HickSk00,1998,3,69,WAS,Skip Hicks,No,RB,RB,23,0,0,38,0,0,0,0,0,285,1109,13,22,160,0,0,0,0,UCLA,DC
1998Brian Alford,AlfoBr00,1998,3,70,NYG,Brian Alford,No,WR,WR,23,0,0,4,0,0,0,0,0,0,0,0,2,18,1,0,0,0,Purdue,NY
1998E.G. Green,GreeE.00,1998,3,71,IND,E.G. Green,No,WR,WR,23,0,0,29,0,0,0,0,0,0,0,0,54,665,2,0,0,0,Florida St.,IN
1998Jeremiah Trotter,TrotJe00,1998,3,72,PHI,Jeremiah Trotter,No,LB,LB,21,1,4,147,0,0,0,0,0,0,0,0,0,0,0,722,9,12.5,S.F. Austin,PA
1998Mitch Marrow,0,1998,3,73,CAR,Mitch Marrow,No,DE,DE,0,0,0,0,0,0,0,0,0,0,0,0,0,0,0,0,0,0,Pennsylvania,NC
1998Jammi German,GermJa00,1998,3,74,ATL,Jammi German,No,WR,WR,24,0,0,35,0,0,0,0,0,0,0,0,20,294,3,0,0,0,Miami (FL),GA
1998Steve Foley,FoleSt21,1998,3,75,CIN,Steve Foley,No,LB,LB,23,0,0,96,0,0,0,0,0,0,0,0,0,0,0,203,3,25,La-Monroe,OH
1998Ahman Green,GreeAh00,1998,3,76,SEA,Ahman Green,No,RB,RB,21,0,4,148,1,2,20,1,0,2056,9205,60,378,2883,14,12,0,0,Nebraska,WA
1998Dainon Sidney,SidnDa20,1998,3,77,TEN,Dainon Sidney,No,DB,DB,23,0,0,50,0,0,0,0,0,0,0,0,0,0,0,70,6,0,Ala-Birmingham,TN
1998Mike Goff,GoffMi20,1998,3,78,CIN,Mike Goff,No,G,G,22,0,0,171,0,0,0,0,0,0,0,0,0,0,0,1,0,0,Iowa,OH
1998Brad Jackson,JackBr20,1998,3,79,MIA,Brad Jackson,No,LB,LB,23,0,0,50,0,0,0,0,0,0,0,0,0,0,0,29,0,0,Cincinnati,FL
1998Ramos McDonald,McDoRa20,1998,3,80,MIN,Ramos McDonald,No,DB,DB,22,0,0,32,0,0,0,0,0,0,0,0,0,0,0,51,1,0,New Mexico,MN
1998Chris Floyd,FloyCh00,1998,3,81,NWE,Chris Floyd,No,RB,RB,23,0,0,42,0,0,0,0,0,14,33,0,4,43,0,0,0,0,Michigan,MA
1998Larry Shannon,ShanLa20,1998,3,82,MIA,Larry Shannon,No,WR,WR,23,0,0,2,0,0,0,0,0,0,0,0,0,0,0,0,0,0,East Carolina,FL
1998Greg Spires,SpirGr20,1998,3,83,NWE,Greg Spires,No,DE,DE,24,0,0,147,0,0,0,0,0,0,0,0,0,0,0,243,0,39.5,Florida St.,MA
1998Jamie Duncan,DuncJa20,1998,3,84,TAM,Jamie Duncan,No,LB,LB,23,0,0,96,0,0,0,0,0,0,0,0,0,0,0,220,6,3,Vanderbilt,FL
1998Allen Rossum,RossAl99,1998,3,85,PHI,Allen Rossum,No,DB,DB,22,0,1,157,0,0,0,0,0,3,17,1,1,4,0,114,2,2,Notre Dame,PA
1998Jonathan Quinn,QuinJo00,1998,3,86,JAX,Jonathan Quinn,No,QB,QB,23,0,0,17,117,223,1161,4,7,25,151,1,0,0,0,0,0,0,Middle Tenn. St.,FL
1998Kevin Williams,WillKe25,1998,3,87,NYJ,Kevin Williams,No,DB,DB,23,0,0,43,0,0,0,0,0,0,0,0,0,0,0,60,1,0,Oklahoma St.,NY
1998Rashaan Shehee,ShehRa00,1998,3,88,KAN,Rashaan Shehee,No,RB,RB,23,0,0,25,0,0,0,0,0,87,295,1,28,209,0,0,0,0,Washington,MO
1998Chris Ruhman,RuhmCh20,1998,3,89,SFO,Chris Ruhman,No,T,T,23,0,0,11,0,0,0,0,0,0,0,0,0,0,0,0,0,0,Texas A&M,CA
1998Jonathan Brown,BrowJo23,1998,3,90,GNB,Jonathan Brown,No,DE,DE,22,0,0,7,0,0,0,0,0,0,0,0,0,0,0,0,0,0,Tennessee,WI
1998Brian Griese,GrieBr00,1998,3,91,DEN,Brian Griese,No,QB,QB,23,0,1,93,1752,2796,19440,119,99,238,582,5,2,-10,0,7,0,0,Michigan,CO
1998Hines Ward,WardHi00,1998,3,92,PIT,Hines Ward,No,WR,WR,22,0,4,217,1,2,17,0,0,57,428,1,1000,12083,85,22,0,0,Georgia,PA
1998Steve McKinney,McKiSt20,1998,4,93,IND,Steve McKinney,No,C,C,22,0,0,143,0,0,0,0,0,0,0,0,1,5,0,0,0,0,Texas A&M,IN
1998Alonzo Mayes,MayeAl00,1998,4,94,CHI,Alonzo Mayes,No,TE,TE,23,0,0,37,0,0,0,0,0,0,0,0,33,339,1,0,0,0,Oklahoma St.,IL
1998Michael Pittman,PittMi00,1998,4,95,ARI,Michael Pittman,No,RB,RB,23,0,0,151,1,1,26,0,0,1392,5627,25,425,3512,8,16,0,0,Fresno St.,AZ
1998Az-Zahir Hakim,HakiAz00,1998,4,96,STL,Az-Zahir Hakim,No,WR,WR,21,0,0,110,2,2,72,1,0,31,198,1,316,4191,28,7,0,0,San Diego St.,MO
1998Fred Weary,WearFr20,1998,4,97,NOR,Fred Weary,No,DB,DB,24,0,0,83,0,0,0,0,0,0,0,0,0,0,0,181,7,2,Florida,LA
1998Roland Williams,WillRo01,1998,4,98,STL,Roland Williams,No,TE,TE,23,0,0,94,0,0,0,0,0,0,0,0,114,1004,13,4,0,0,Syracuse,MO
1998Julian Pittman,PittJu20,1998,4,99,NOR,Julian Pittman,No,DE,DE,23,0,0,2,0,0,0,0,0,0,0,0,0,0,0,0,0,0,Florida St.,LA
1998Michael Myers,MyerMi20,1998,4,100,DAL,Michael Myers,No,DT,DT,22,0,0,138,0,0,0,0,0,0,0,0,0,0,0,212,1,15.5,Alabama,TX
1998Tavian Banks,BankTa00,1998,4,101,JAX,Tavian Banks,No,RB,RB,24,0,0,14,0,0,0,0,0,49,222,1,18,157,0,0,0,0,Iowa,FL
1998Lorenzo Bromell,BromLo20,1998,4,102,MIA,Lorenzo Bromell,No,DE,DE,23,0,0,77,0,0,0,0,0,0,0,0,0,0,0,90,0,27.5,Clemson,FL
1998Omar Brown,BrowOm20,1998,4,103,ATL,Omar Brown,No,DB,DB,23,0,0,15,0,0,0,0,0,0,0,0,0,0,0,3,0,0,North Carolina,GA
1998Todd Washington,WashTo20,1998,4,104,TAM,Todd Washington,No,G,G,22,0,0,97,0,0,0,0,0,0,0,0,0,0,0,0,0,0,Virginia Tech,FL
1998Glen Steele,SteeGl20,1998,4,105,CIN,Glen Steele,No,DT,DT,23,0,0,90,0,0,0,0,0,0,0,0,0,0,0,69,0,3.5,Michigan,OH
1998Donald Hayes,HayeDo00,1998,4,106,CAR,Donald Hayes,No,WR,WR,23,0,0,63,0,0,0,0,0,0,0,0,144,1988,9,3,0,0,Wisconsin,NC
1998Joe Salave'a,SalaJo20,1998,4,107,TEN,Joe Salave'a,No,DT,DT,23,0,0,100,0,0,0,0,0,0,0,0,0,0,0,88,0,7.5,Arizona,TN
1998DeShone Myles,MyleDe20,1998,4,108,SEA,DeShone Myles,No,LB,LB,23,0,0,18,0,0,0,0,0,0,0,0,0,0,0,0,0,0,Nevada,WA
1998Gennaro DiNapoli,DiNaGe20,1998,4,109,OAK,Gennaro DiNapoli,No,C,C,23,0,0,39,0,0,0,0,0,0,0,0,0,0,0,0,0,0,Virginia Tech,CA
1998Kivuusama Mays,MaysKi20,1998,4,110,MIN,Kivuusama Mays,No,LB,LB,23,0,0,30,0,0,0,0,0,0,0,0,0,0,0,4,0,0,North Carolina,MN
1998Jason Fabini,FabiJa20,1998,4,111,NYJ,Jason Fabini,No,T,T,24,0,0,152,0,0,0,0,0,0,0,0,0,0,0,0,0,0,Cincinnati,NY
1998Brandon Whiting,WhitBr21,1998,4,112,PHI,Brandon Whiting,No,DE,DE,22,0,0,93,0,0,0,0,0,0,0,0,0,0,0,123,1,16.5,California,PA
1998Shawn Barber,BarbSh20,1998,4,113,WAS,Shawn Barber,No,LB,LB,23,0,0,111,0,0,0,0,0,0,0,0,0,0,0,384,7,10,Richmond,DC
1998Tim Dwight,DwigTi00,1998,4,114,ATL,Tim Dwight,No,WR,WR,23,0,0,116,1,2,22,0,0,53,380,3,194,2964,19,10,0,0,Iowa,GA
1998Leonta Rheams,RheaLe20,1998,4,115,NWE,Leonta Rheams,No,DT,DT,22,0,0,6,0,0,0,0,0,0,0,0,0,0,0,2,0,0,Houston,MA
1998Clarence Love,LoveCl20,1998,4,116,PHI,Clarence Love,No,DB,DB,22,0,0,31,0,0,0,0,0,0,0,0,0,0,0,25,0,0,Toledo,PA
1998Deshea Townsend,TownDe20,1998,4,117,PIT,Deshea Townsend,No,DB,DB,23,0,0,191,0,0,0,0,0,0,0,0,0,0,0,377,21,15.5,Alabama,PA
1998Harry Deligianis,0,1998,4,118,JAX,Harry Deligianis,No,DT,DT,0,0,0,0,0,0,0,0,0,0,0,0,0,0,0,0,0,0,Youngstown St.,FL
1998Lance Schulters,SchuLa00,1998,4,119,SFO,Lance Schulters,No,DB,DB,23,0,1,121,0,0,0,0,0,0,0,0,0,0,0,422,19,7.5,Hofstra,CA
1998Greg Favors,FavoGr20,1998,4,120,KAN,Greg Favors,No,LB,LB,24,0,0,101,0,0,0,0,0,0,0,0,0,0,0,160,1,14.5,Mississippi St.,MO
1998Roosevelt Blackmon,BlacRo21,1998,4,121,GNB,Roosevelt Blackmon,No,DB,DB,24,0,0,20,0,0,0,0,0,0,0,0,0,0,0,13,1,0,Morris Brown,WI
1998Curtis Alexander,0,1998,4,122,DEN,Curtis Alexander,No,RB,RB,0,0,0,0,0,0,0,0,0,0,0,0,0,0,0,0,0,0,Alabama,CO
1998Carlos King,KingCa00,1998,4,123,PIT,Carlos King,No,RB,RB,24,0,0,1,0,0,0,0,0,0,0,0,0,0,0,0,0,0,North Carolina St.,PA
1998Martin Chase,ChasMa20,1998,5,124,BAL,Martin Chase,No,DT,DT,23,0,0,55,0,0,0,0,0,0,0,0,0,0,0,47,0,1,Oklahoma,MD
1998Terry Hardy,HardTe00,1998,5,125,ARI,Terry Hardy,No,TE,TE,22,0,0,49,0,0,0,0,0,0,0,0,68,461,3,0,0,0,Southern Miss,AZ
1998Cedric Harden,HardCe20,1998,5,126,SDG,Cedric Harden,No,DE,DE,23,0,0,5,0,0,0,0,0,0,0,0,0,0,0,0,0,0.5,Florida A&M,CA
1998Jeremy Brigham,BrigJe00,1998,5,127,OAK,Jeremy Brigham,No,TE,TE,23,0,0,48,0,0,0,0,0,0,0,0,33,300,3,2,0,0,Washington,CA
1998Robert Williams,WillRo21,1998,5,128,KAN,Robert Williams,No,DB,DB,21,0,0,18,0,0,0,0,0,0,0,0,0,0,0,14,0,0.5,North Carolina,MO
1998Raymond Priester,0,1998,5,129,STL,Raymond Priester,No,RB,RB,0,0,0,0,0,0,0,0,0,0,0,0,0,0,0,0,0,0,Clemson,MO
1998Darren Hambrick,HambDa20,1998,5,130,DAL,Darren Hambrick,No,LB,LB,23,0,0,76,0,0,0,0,0,0,0,0,0,0,0,201,3,3.5,South Carolina,TX
1998Jonathan Linton,LintJo00,1998,5,131,BUF,Jonathan Linton,No,RB,RB,23,0,0,44,0,0,0,0,0,288,1002,6,33,246,2,0,0,0,North Carolina,NY
1998Wilmont Perry,PerrWi00,1998,5,132,NOR,Wilmont Perry,No,RB,RB,23,0,0,13,0,0,0,0,0,78,302,0,5,28,0,0,0,0,Livingstone,LA
1998Ryan Sutter,SuttRy20,1998,5,133,BAL,Ryan Sutter,No,DB,DB,24,0,0,1,0,0,0,0,0,0,0,0,0,0,0,0,0,0,Colorado,MD
1998Casey Dailey,DailCa20,1998,5,134,NYJ,Casey Dailey,No,LB,LB,23,0,0,6,0,0,0,0,0,0,0,0,0,0,0,0,0,0,Northwestern,NY
1998Antony Jordan,JordAn20,1998,5,135,IND,Antony Jordan,No,LB,LB,23,0,0,27,0,0,0,0,0,0,0,0,0,0,0,1,0,0,Vanderbilt,IN
1998Jerry Jensen,JensJe20,1998,5,136,CAR,Jerry Jensen,No,LB,LB,23,0,0,10,0,0,0,0,0,0,0,0,0,0,0,0,0,0,Washington,NC
1998Jason Simmons,SimmJa20,1998,5,137,PIT,Jason Simmons,No,DB,DB,22,0,0,121,0,0,0,0,0,3,8,0,0,0,0,177,2,2,Arizona St.,PA
1998Oliver Ross,RossOl20,1998,5,138,DAL,Oliver Ross,No,T,T,24,0,0,89,0,0,0,0,0,0,0,0,0,0,0,0,0,0,Iowa St.,TX
1998Benji Olson,OlsoBe20,1998,5,139,TEN,Benji Olson,No,G,G,23,0,0,152,0,0,0,0,0,0,0,0,0,0,0,0,0,0,Washington,TN
1998Mark Fischer,FiscMa20,1998,5,140,WAS,Mark Fischer,No,C,C,24,0,0,22,0,0,0,0,0,0,0,0,0,0,0,0,0,0,Purdue,DC
1998Doug Karczewski,0,1998,5,141,NYJ,Doug Karczewski,No,G,G,0,0,0,0,0,0,0,0,0,0,0,0,0,0,0,0,0,0,Virginia,NY
1998Ike Reese,ReesIk99,1998,5,142,PHI,Ike Reese,No,LB,LB,24,0,1,144,0,0,0,0,0,0,0,0,0,0,0,200,2,6.5,Michigan St.,PA
1998Scott Shaw,ShawSc20,1998,5,143,MIA,Scott Shaw,No,G,G,24,0,0,2,0,0,0,0,0,0,0,0,0,0,0,0,0,0,Michigan St.,FL
1998Kerry Cooks,CookKe21,1998,5,144,MIN,Kerry Cooks,No,DB,DB,24,0,0,9,0,0,0,0,0,0,0,0,0,0,0,3,0,0,Iowa,MN
1998Ron Merkerson,0,1998,5,145,NWE,Ron Merkerson,No,LB,LB,0,0,0,0,0,0,0,0,0,0,0,0,0,0,0,0,0,0,Colorado,MA
1998Blake Spence,SpenBl00,1998,5,146,NYJ,Blake Spence,No,TE,TE,23,0,0,18,0,0,0,0,0,0,0,0,4,20,1,0,0,0,Oregon,NY
1998Toby Myles,MyleTo20,1998,5,147,NYG,Toby Myles,No,T,T,23,0,0,11,0,0,0,0,0,0,0,0,0,0,0,0,0,0,Jackson St.,NY
1998John Wade,WadeJo20,1998,5,148,JAX,John Wade,No,C,C,23,0,0,131,0,0,0,0,0,0,0,0,0,0,0,0,0,0,Marshall,FL
1998Eric Bateman,0,1998,5,149,NYJ,Eric Bateman,No,T,T,0,0,0,0,0,0,0,0,0,0,0,0,0,0,0,0,0,0,BYU,NY
1998Corey Bradford,BradCo00,1998,5,150,GNB,Corey Bradford,No,WR,WR,22,0,0,114,0,0,0,0,0,3,-13,0,215,3346,25,19,0,0,Jackson St.,WI
1998Phil Ostrowski,OstrPh20,1998,5,151,SFO,Phil Ostrowski,No,G,G,23,0,0,28,0,0,0,0,0,0,0,0,0,0,0,0,0,0,Penn St.,CA
1998Travian Smith,SmitTr20,1998,5,152,OAK,Travian Smith,No,LB,LB,23,0,0,84,0,0,0,0,0,0,0,0,0,0,0,163,1,8.5,Oklahoma,CA
1998Chris Howard,HowaCh00,1998,5,153,DEN,Chris Howard,No,RB,RB,23,0,0,22,0,0,0,0,0,41,123,1,5,37,0,0,0,0,Michigan,CO
1998Ron Rogers,0,1998,6,154,BAL,Ron Rogers,No,LB,LB,0,0,0,0,0,0,0,0,0,0,0,0,0,0,0,0,0,0,Georgia Tech,MD
1998Clifford Ivory,0,1998,6,155,SDG,Clifford Ivory,No,DB,DB,0,0,0,0,0,0,0,0,0,0,0,0,0,0,0,0,0,0,Troy,CA
1998Scott McGarrahan,McGaSc20,1998,6,156,GNB,Scott McGarrahan,No,DB,DB,24,0,0,108,0,0,0,0,0,0,0,0,1,10,0,92,1,3,New Mexico,WI
1998Chris Draft,DrafCh20,1998,6,157,CHI,Chris Draft,No,LB,LB,22,0,0,150,0,0,0,0,0,0,0,0,0,0,0,518,5,16,Stanford,IL
1998Zack Walz,WalzZa20,1998,6,158,ARI,Zack Walz,No,LB,LB,22,0,0,46,0,0,0,0,0,0,0,0,0,0,0,65,1,2,Dartmouth,AZ
1998Glenn Rountree,0,1998,6,159,STL,Glenn Rountree,No,G,G,0,0,0,0,0,0,0,0,0,0,0,0,0,0,0,0,0,0,Clemson,MO
1998Fred Coleman,ColeFr00,1998,6,160,BUF,Fred Coleman,No,WR,WR,23,0,0,9,0,0,0,0,0,0,0,0,2,50,0,2,0,0,Washington,NY
1998Chris Bordano,BordCh20,1998,6,161,NOR,Chris Bordano,No,LB,LB,23,0,0,33,0,0,0,0,0,0,0,0,0,0,0,84,0,1,SMU,LA
1998Carl Hansen,HansCa20,1998,6,162,SEA,Carl Hansen,No,DE,DE,22,0,0,5,0,0,0,0,0,0,0,0,0,0,0,1,0,0,Stanford,WA
1998Eric Ogbogu,OgboEr20,1998,6,163,NYJ,Eric Ogbogu,No,DE,DE,23,0,0,90,0,0,0,0,0,0,0,0,0,0,0,63,0,9,Maryland,NY
1998Sammy Williams,WillSa23,1998,6,164,BAL,Sammy Williams,No,T,T,23,0,0,29,0,0,0,0,0,0,0,0,0,0,0,0,0,0,Oklahoma,MD
1998Damien Richardson,RichDa21,1998,6,165,CAR,Damien Richardson,No,DB,DB,22,0,0,77,0,0,0,0,0,0,0,0,0,0,0,82,1,1,Arizona St.,NC
1998Elijah Williams,WillEl20,1998,6,166,ATL,Elijah Williams,No,DB,DB,23,0,0,50,0,0,0,0,0,2,-2,0,0,0,0,3,1,0,Florida,GA
1998Jason Tucker,TuckJa00,1998,6,167,CIN,Jason Tucker,No,WR,WR,22,0,0,31,0,0,0,0,0,5,50,1,36,565,2,0,0,0,TCU,OH
1998Lee Wiggins,0,1998,6,168,TEN,Lee Wiggins,No,DB,DB,0,0,0,0,0,0,0,0,0,0,0,0,0,0,0,0,0,0,South Carolina,TN
1998Bobby Shaw,ShawBo00,1998,6,169,SEA,Bobby Shaw,No,WR,WR,23,0,0,90,0,0,0,0,0,1,1,0,197,2784,14,1,0,0,California,WA
1998Patrick Palmer,0,1998,6,170,WAS,Patrick Palmer,No,WR,WR,0,0,0,0,0,0,0,0,0,0,0,0,0,0,0,0,0,0,,DC
1998Nathan Strikwerda,0,1998,6,171,MIA,Nathan Strikwerda,No,C,C,0,0,0,0,0,0,0,0,0,0,0,0,0,0,0,0,0,0,Northwestern,FL
1998John Dutton,0,1998,6,172,MIA,John Dutton,No,QB,QB,0,0,0,0,0,0,0,0,0,0,0,0,0,0,0,0,0,0,Nevada,FL
1998Matt Birk,BirkMa00,1998,6,173,MIN,Matt Birk,No,C,C,22,0,6,210,0,0,0,0,0,0,0,0,0,0,0,11,0,0,Harvard,MN
1998Chris Brazzell,BrazCh00,1998,6,174,NYJ,Chris Brazzell,No,WR,WR,22,0,0,14,0,0,0,0,0,0,0,0,7,126,0,0,0,0,Angelo State (TX),NY
1998James Cannida,CannJa20,1998,6,175,TAM,James Cannida,No,DT,DT,23,0,0,50,0,0,0,0,0,0,0,0,0,0,0,32,0,3,Nevada,FL
1998Harold Shaw,ShawHa00,1998,6,176,NWE,Harold Shaw,No,RB,RB,24,0,0,35,0,0,0,0,0,18,35,0,4,42,0,0,0,0,Southern Miss,MA
1998Todd Pollack,0,1998,6,177,NYG,Todd Pollack,No,TE,TE,0,0,0,0,0,0,0,0,0,0,0,0,0,0,0,0,0,0,Boston Col.,NY
1998Chris Fuamatu-Ma'afala,FuamCh00,1998,6,178,PIT,Chris Fuamatu-Ma'afala,No,RB,RB,21,0,0,73,0,0,0,0,0,227,964,8,43,351,2,9,0,0,Utah,PA
1998Lamanzer Williams,WillLa20,1998,6,179,JAX,Lamanzer Williams,No,DE,DE,23,0,0,2,0,0,0,0,0,0,0,0,0,0,0,0,0,0,Minnesota,FL
1998Fred Beasley,BeasFr00,1998,6,180,SFO,Fred Beasley,No,FB,FB,24,0,1,114,0,0,0,0,0,183,610,8,133,1017,5,2,0,0,Auburn,CA
1998Derrick Ransom,RansDe20,1998,6,181,KAN,Derrick Ransom,No,DT,DT,22,0,0,71,0,0,0,0,0,0,0,0,0,0,0,69,0,4.5,Cincinnati,MO
1998Kevin McLeod,McLeKe00,1998,6,182,JAX,Kevin McLeod,No,FB,FB,23,0,0,8,0,0,0,0,0,0,0,0,2,5,1,0,0,0,Auburn,FL
1998Dustin Johnson,JohnDu20,1998,6,183,NYJ,Dustin Johnson,No,FB,FB,25,0,0,1,0,0,0,0,0,0,0,0,0,0,0,0,0,0,BYU,NY
1998Shevin Smith,SmitSh21,1998,6,184,TAM,Shevin Smith,No,DB,DB,23,0,0,19,0,0,0,0,0,0,0,0,0,0,0,5,0,0,Florida St.,FL
1998Jamaal Alexander,0,1998,6,185,DET,Jamaal Alexander,No,DB,DB,0,0,0,0,0,0,0,0,0,0,0,0,0,0,0,0,0,0,Southern Miss,MI
1998Ryan Olson,0,1998,6,186,PIT,Ryan Olson,No,LB,LB,0,0,0,0,0,0,0,0,0,0,0,0,0,0,0,0,0,0,Colorado,PA
1998Matt Hasselbeck,HassMa00,1998,6,187,GNB,Matt Hasselbeck,No,QB,QB,23,0,3,209,3222,5330,36638,212,153,365,1231,8,0,0,0,16,0,0,Boston Col.,WI
1998Izell Reese,ReesIz20,1998,6,188,DAL,Izell Reese,No,DB,DB,24,0,0,93,0,0,0,0,0,0,0,0,0,0,0,164,8,3.5,Ala-Birmingham,TX
1998Patrick Mannelly,MannPa20,1998,6,189,CHI,Patrick Mannelly,No,T,T,23,0,0,245,0,0,0,0,0,0,0,0,0,0,0,0,0,0,Duke,IL
1998Aaron Taylor,0,1998,7,190,IND,Aaron Taylor,No,G,G,0,0,0,0,0,0,0,0,0,0,0,0,0,0,0,0,0,0,Nebraska,IN
1998David Terrell,TerrDa21,1998,7,191,WAS,David Terrell,No,DB,DB,23,0,0,77,0,0,0,0,0,0,0,0,0,0,0,151,6,1,Texas-El Paso,DC
1998Alvis Whitted,WhitAl00,1998,7,192,JAX,Alvis Whitted,No,WR,WR,24,0,0,123,0,0,0,0,0,14,118,0,74,1030,6,17,0,0,North Carolina St.,FL
1998Phil Savoy,0,1998,7,193,ARI,Phil Savoy,No,WR,WR,0,0,0,0,0,0,0,0,0,0,0,0,0,0,0,0,0,0,Colorado,AZ
1998Jon Haskins,HaskJo20,1998,7,194,SDG,Jon Haskins,No,LB,LB,22,0,0,2,0,0,0,0,0,0,0,0,0,0,0,0,0,0,Stanford,CA
1998Lawrence Hart,HartLa20,1998,7,195,NYJ,Lawrence Hart,No,TE,TE,22,0,0,1,0,0,0,0,0,0,0,0,0,0,0,0,0,0,Saginaw Valley St.,NY
1998Viliami Maumau,MaumVi20,1998,7,196,CAR,Viliami Maumau,No,DT,DT,23,0,0,1,0,0,0,0,0,0,0,0,0,0,0,0,0,0,Colorado,NC
1998Jason McEndoo,McEnJa20,1998,7,197,SEA,Jason McEndoo,No,C,C,23,0,0,1,0,0,0,0,0,0,0,0,0,0,0,0,0,0,Washington St.,WA
1998Victor Allotey,0,1998,7,198,BUF,Victor Allotey,No,G,G,0,0,0,0,0,0,0,0,0,0,0,0,0,0,0,0,0,0,Indiana,NY
1998Ephraim Salaam,SalaEp20,1998,7,199,ATL,Ephraim Salaam,No,T,T,22,0,0,163,0,0,0,0,0,0,0,0,0,0,0,0,0,0,San Diego St.,GA
1998Trey Teague,TeagTr20,1998,7,200,DEN,Trey Teague,No,C,C,23,0,0,94,0,0,0,0,0,0,0,0,0,0,0,0,0,0,Tennessee,CO
1998Ken Oxendine,OxenKe00,1998,7,201,ATL,Ken Oxendine,No,RB,RB,22,0,0,21,0,0,0,0,0,159,502,1,18,183,1,0,0,0,Virginia Tech,GA
1998Marcus Parker,0,1998,7,202,CIN,Marcus Parker,No,RB,RB,0,0,0,0,0,0,0,0,0,0,0,0,0,0,0,0,0,0,Virginia Tech,OH
1998Henry Slay,SlayHe20,1998,7,203,ATL,Henry Slay,No,DT,DT,23,0,0,3,0,0,0,0,0,0,0,0,0,0,0,0,0,0,West Virginia,GA
1998Andy McCullough,McCuAn00,1998,7,204,NOR,Andy McCullough,No,WR,WR,22,0,0,2,0,0,0,0,0,0,0,0,3,45,0,0,0,0,Tennessee,LA
1998Jimmy Sprotte,SproJi20,1998,7,205,TEN,Jimmy Sprotte,No,LB,LB,23,0,0,9,0,0,0,0,0,0,0,0,0,0,0,0,0,0,Arizona,TN
1998Antwaune Ponds,PondAn20,1998,7,206,WAS,Antwaune Ponds,No,LB,LB,23,0,0,3,0,0,0,0,0,0,0,0,0,0,0,0,0,0,Syracuse,DC
1998Chris Liwienski,LiwiCh20,1998,7,207,DET,Chris Liwienski,No,G,G,23,0,0,126,0,0,0,0,0,0,0,0,0,0,0,0,0,0,Indiana,MI
1998Chester Burnett,BurnCh20,1998,7,208,MIN,Chester Burnett,No,LB,LB,23,0,0,12,0,0,0,0,0,0,0,0,0,0,0,0,0,0,Arizona,MN
1998Jomo Cousins,0,1998,7,209,ARI,Jomo Cousins,No,DE,DE,0,0,0,0,0,0,0,0,0,0,0,0,0,0,0,0,0,0,Florida A&M,AZ
1998Jim Bundren,BundJi20,1998,7,210,MIA,Jim Bundren,No,G,G,23,0,0,27,0,0,0,0,0,0,0,0,0,0,0,0,0,0,Clemson,FL
1998Jason Andersen,AndeJa20,1998,7,211,NWE,Jason Andersen,No,G,G,23,0,0,19,0,0,0,0,0,0,0,0,0,0,0,0,0,0,BYU,MA
1998Chance McCarty,0,1998,7,212,TAM,Chance McCarty,No,DE,DE,0,0,0,0,0,0,0,0,0,0,0,0,0,0,0,0,0,0,TCU,FL
1998Ben Fricke,FricBe20,1998,7,213,NYG,Ben Fricke,No,C,C,22,0,0,19,0,0,0,0,0,0,0,0,0,0,0,0,0,0,Houston,NY
1998Brandon Tolbert,0,1998,7,214,JAX,Brandon Tolbert,No,LB,LB,0,0,0,0,0,0,0,0,0,0,0,0,0,0,0,0,0,0,Georgia,FL
1998Ryan Thelwell,ThelRy00,1998,7,215,SFO,Ryan Thelwell,No,WR,WR,25,0,0,6,0,0,0,0,0,0,0,0,16,268,1,0,0,0,Minnesota,CA
1998Eric Warfield,WarfEr20,1998,7,216,KAN,Eric Warfield,No,DB,DB,22,0,0,115,0,0,0,0,0,0,0,0,0,0,0,330,20,1,Nebraska,MO
1998Chad Overhauser,OverCh20,1998,7,217,CHI,Chad Overhauser,No,T,T,23,0,0,3,0,0,0,0,0,0,0,0,0,0,0,0,0,0,UCLA,IL
1998Eddie Watson,WatsEd00,1998,7,218,GNB,Eddie Watson,No,RB,RB,22,0,0,6,0,0,0,0,0,4,17,0,0,0,0,0,0,0,Purdue,WI
1998Nate Wayne,WaynNa20,1998,7,219,DEN,Nate Wayne,No,LB,LB,23,0,0,90,0,0,0,0,0,0,0,0,0,0,0,310,8,16,Mississippi,CO
1998Chris Akins,0,1998,7,220,PHI,Chris Akins,No,DT,DT,0,0,0,0,0,0,0,0,0,0,0,0,0,0,0,0,0,0,Texas,PA
1998Angel Rubio,RubiAn21,1998,7,221,PIT,Angel Rubio,No,DE,DE,23,0,0,2,0,0,0,0,0,0,0,0,0,0,0,2,0,0,SE Missouri St.,PA
1998Damian Vaughn,0,1998,7,222,CIN,Damian Vaughn,No,TE,TE,0,0,0,0,0,0,0,0,0,0,0,0,0,0,0,0,0,0,Miami (OH),OH
1998Tarik Smith,0,1998,7,223,DAL,Tarik Smith,No,RB,RB,0,0,0,0,0,0,0,0,0,0,0,0,0,0,0,0,0,0,California,TX
1998Ernest Blackwell,0,1998,7,224,KAN,Ernest Blackwell,No,RB,RB,0,0,0,0,0,0,0,0,0,0,0,0,0,0,0,0,0,0,Missouri,MO
1998Tony Darden,DardTo20,1998,7,225,MIN,Tony Darden,No,DB,DB,23,0,0,16,0,0,0,0,0,0,0,0,0,0,0,13,0,0,Texas Tech,MN
1998Pat Tillman,TillPa20,1998,7,226,ARI,Pat Tillman,No,DB,DB,21,0,0,60,0,0,0,0,0,1,4,0,0,0,0,247,3,2.5,Arizona St.,AZ
1998Antonio Fleming,0,1998,7,227,DAL,Antonio Fleming,No,G,G,0,0,0,0,0,0,0,0,0,0,0,0,0,0,0,0,0,0,Georgia,TX
1998Jim Turner,0,1998,7,228,CAR,Jim Turner,No,WR,WR,0,0,0,0,0,0,0,0,0,0,0,0,0,0,0,0,0,0,Syracuse,NC
1998Kevin Long,LongKe21,1998,7,229,TEN,Kevin Long,No,C,C,23,0,0,63,0,0,0,0,0,0,0,0,0,0,0,0,0,0,Florida St.,TN
1998Vincent Amey,AmeyVi20,1998,7,230,OAK,Vincent Amey,No,DE,DE,23,0,0,4,0,0,0,0,0,0,0,0,0,0,0,0,0,0,Arizona St.,CA
1998Corey Gaines,0,1998,7,231,IND,Corey Gaines,No,DB,DB,0,0,0,0,0,0,0,0,0,0,0,0,0,0,0,0,0,0,Tennessee,IN
1998Moses Moreno,MoreMo00,1998,7,232,CHI,Moses Moreno,No,QB,QB,23,0,0,9,51,103,485,1,2,9,29,0,0,0,0,0,0,0,Colorado St.,IL
1998Ron Janes,0,1998,7,233,ARI,Ron Janes,No,RB,RB,0,0,0,0,0,0,0,0,0,0,0,0,0,0,0,0,0,0,Missouri,AZ
1998Kio Sanford,0,1998,7,234,SDG,Kio Sanford,No,WR,WR,0,0,0,0,0,0,0,0,0,0,0,0,0,0,0,0,0,0,Kentucky,CA
1998David Sanders,0,1998,7,235,OAK,David Sanders,No,DE,DE,0,0,0,0,0,0,0,0,0,0,0,0,0,0,0,0,0,0,Arkansas,CA
1998Jason Chorak,ChorJa20,1998,7,236,STL,Jason Chorak,No,DE,DE,24,0,0,8,0,0,0,0,0,0,0,0,0,0,0,3,0,1,Washington,MO
1998Rodrick Monroe,MonrRo00,1998,7,237,DAL,Rodrick Monroe,No,TE,TE,23,0,0,9,0,0,0,0,0,0,0,0,1,8,0,1,0,0,Cincinnati,TX
1998Kamil Loud,LoudKa00,1998,7,238,BUF,Kamil Loud,No,WR,WR,22,0,0,12,0,0,0,0,0,0,0,0,6,66,0,0,0,0,Cal Poly-San Luis Obispo,NY
1998Ron Warner,WarnRo20,1998,7,239,NOR,Ron Warner,No,DE,DE,23,0,0,24,0,0,0,0,0,0,0,0,0,0,0,9,1,3.5,Kansas,LA
1998Melvin Thomas,0,1998,7,240,PHI,Melvin Thomas,No,G,G,0,0,0,0,0,0,0,0,0,0,0,0,0,0,0,0,0,0,Colorado,PA
1998Cam Quayle,0,1998,7,241,BAL,Cam Quayle,No,TE,TE,0,0,0,0,0,0,0,0,0,0,0,0,0,0,0,0,0,0,Weber St.,MD
1997Orlando Pace,PaceOr00,1997,1,1,STL,Orlando Pace,No,T,T,21,3,7,169,0,0,0,0,0,0,0,0,0,0,0,1,0,0,Ohio St.,MO
1997Darrell Russell,RussDa00,1997,1,2,OAK,Darrell Russell,No,DT,DT,21,1,2,83,0,0,0,0,0,0,0,0,0,0,0,184,1,28.5,USC,CA
1997Shawn Springs,SpriSh00,1997,1,3,SEA,Shawn Springs,No,DB,DB,22,0,1,169,0,0,0,0,0,0,0,0,0,0,0,624,33,8.5,Ohio St.,WA
1997Peter Boulware,BoulPe00,1997,1,4,BAL,Peter Boulware,No,LB,LB,22,0,4,126,0,0,0,0,0,0,0,0,0,0,0,292,1,70,Florida St.,MD
1997Bryant Westbrook,WestBr20,1997,1,5,DET,Bryant Westbrook,No,DB,DB,22,0,0,71,0,0,0,0,0,0,0,0,0,0,0,197,13,0,Texas,MI
1997Walter Jones,JoneWa00,1997,1,6,SEA,Walter Jones,No,T,T,23,4,9,180,0,0,0,0,0,0,0,0,0,0,0,0,0,0,Florida St.,WA
1997Ike Hilliard,HillIk00,1997,1,7,NYG,Ike Hilliard,No,WR,WR,21,0,0,161,0,0,0,0,0,16,126,0,546,6397,35,10,0,0,Florida,NY
1997James Farrior,FarrJa99,1997,1,8,NYJ,James Farrior,No,LB,LB,22,1,2,230,0,0,0,0,0,0,0,0,0,0,0,983,11,35.5,Virginia,NY
1997Tom Knight,KnigTo20,1997,1,9,ARI,Tom Knight,No,DB,DB,22,0,0,73,0,0,0,0,0,0,0,0,0,0,0,218,3,2.5,Iowa,AZ
1997Chris Naeole,NaeoCh20,1997,1,10,NOR,Chris Naeole,No,G,G,22,0,0,154,0,0,0,0,0,0,0,0,0,0,0,0,0,0,Colorado,LA
1997Michael Booker,BookMi20,1997,1,11,ATL,Michael Booker,No,DB,DB,22,0,0,73,0,0,0,0,0,0,0,0,0,0,0,90,8,0,Nebraska,GA
1997Warrick Dunn,DunnWa00,1997,1,12,TAM,Warrick Dunn,No,RB,RB,22,0,3,181,0,0,0,0,0,2669,10967,49,510,4339,15,14,0,0,Florida St.,FL
1997Tony Gonzalez,GonzTo00,1997,1,13,KAN,Tony Gonzalez,No,TE,TE,21,6,14,270,1,1,40,0,0,2,14,0,1325,15127,111,24,0,0,California,MO
1997Reinard Wilson,WilsRe20,1997,1,14,CIN,Reinard Wilson,No,LB,LB,23,0,0,93,0,0,0,0,0,0,0,0,0,0,0,132,0,24,Florida St.,OH
1997Yatil Green,GreeYa00,1997,1,15,MIA,Yatil Green,No,WR,WR,23,0,0,8,0,0,0,0,0,0,0,0,18,234,0,0,0,0,Miami (FL),FL
1997Reidel Anthony,AnthRe00,1997,1,16,TAM,Reidel Anthony,No,WR,WR,20,0,0,73,0,0,0,0,0,13,151,0,144,1846,16,0,0,0,Florida,FL
1997Kenard Lang,LangKe20,1997,1,17,WAS,Kenard Lang,No,DE,DE,22,0,0,153,0,0,0,0,0,0,0,0,0,0,0,355,3,50,Miami (FL),DC
1997Kenny Holmes,HolmKe20,1997,1,18,TEN,Kenny Holmes,No,DE,DE,23,0,0,98,0,0,0,0,0,0,0,0,0,0,0,182,2,38.5,Miami (FL),TN
1997Tarik Glenn,GlenTa99,1997,1,19,IND,Tarik Glenn,No,T,T,21,0,3,154,0,0,0,0,0,0,0,0,1,3,0,0,0,0,California,IN
1997Dwayne Rudd,RuddDw20,1997,1,20,MIN,Dwayne Rudd,No,LB,LB,21,0,0,109,0,0,0,0,0,0,0,0,0,0,0,386,1,11.5,Alabama,MN
1997Renaldo Wynn,WynnRe20,1997,1,21,JAX,Renaldo Wynn,No,DE,DE,23,0,0,182,0,0,0,0,0,0,0,0,0,0,0,267,0,27,Notre Dame,FL
1997David LaFleur,LaFlDa00,1997,1,22,DAL,David LaFleur,No,TE,TE,23,0,0,60,0,0,0,0,0,0,0,0,85,729,12,0,0,0,LSU,TX
1997Antowain Smith,SmitAn00,1997,1,23,BUF,Antowain Smith,No,RB,RB,25,0,0,131,0,0,0,0,0,1784,6881,54,136,982,3,2,0,0,Houston,NY
1997Chad Scott,ScotCh20,1997,1,24,PIT,Chad Scott,No,DB,DB,23,0,0,108,0,0,0,0,0,0,0,0,0,0,0,406,21,0,Maryland,PA
1997Jon Harris,HarrJo26,1997,1,25,PHI,Jon Harris,No,DE,DE,23,0,0,24,0,0,0,0,0,0,0,0,0,0,0,37,0,2,Virginia,PA
1997Jim Druckenmiller,DrucJi00,1997,1,26,SFO,Jim Druckenmiller,No,QB,QB,25,0,0,6,21,52,239,1,4,13,-10,0,0,0,0,0,0,0,Virginia Tech,CA
1997Rae Carruth,CarrRa00,1997,1,27,CAR,Rae Carruth,No,WR,WR,23,0,0,22,0,0,0,0,0,7,27,0,62,804,4,0,0,0,Colorado,NC
1997Trevor Pryce,PrycTr00,1997,1,28,DEN,Trevor Pryce,No,DT,DT,22,1,4,187,0,0,0,0,0,0,0,0,0,0,0,334,2,91,Clemson,CO
1997Chris Canty,CantCh20,1997,1,29,NWE,Chris Canty,No,DB,DB,21,0,0,61,0,0,0,0,0,0,0,0,0,0,0,105,4,3,Kansas St.,MA
1997Ross Verba,VerbRo20,1997,1,30,GNB,Ross Verba,No,T,T,23,0,0,113,0,0,0,0,0,0,0,0,0,0,0,0,0,0,Iowa,WI
1997Rick Terry,TerrRi20,1997,2,31,NYJ,Rick Terry,No,DT,DT,23,0,0,29,0,0,0,0,0,0,0,0,0,0,0,31,0,4,North Carolina,NY
1997Nathan Davis,DaviNa20,1997,2,32,ATL,Nathan Davis,No,DE,DE,23,0,0,6,0,0,0,0,0,0,0,0,0,0,0,3,0,0,Indiana,GA
1997Rob Kelly,KellRo20,1997,2,33,NOR,Rob Kelly,No,DB,DB,23,0,0,60,0,0,0,0,0,0,0,0,0,0,0,62,4,0,Ohio St.,LA
1997Jamie Sharper,SharJa20,1997,2,34,BAL,Jamie Sharper,No,LB,LB,22,0,0,136,0,0,0,0,0,0,0,0,0,0,0,626,2,25.5,Virginia,MD
1997Juan Roque,RoquJu20,1997,2,35,DET,Juan Roque,No,T,T,23,0,0,17,0,0,0,0,0,0,0,0,0,0,0,0,0,0,Arizona St.,MI
1997Tiki Barber,BarbTi00,1997,2,36,NYG,Tiki Barber,No,RB,RB,22,1,3,154,0,1,0,0,0,2217,10449,55,586,5183,12,24,0,0,Virginia,NY
1997Jerry Wunsch,WunsJe20,1997,2,37,TAM,Jerry Wunsch,No,T,T,23,0,0,113,0,0,0,0,0,0,0,0,0,0,0,0,0,0,Wisconsin,FL
1997John Allred,AllrJo00,1997,2,38,CHI,John Allred,No,TE,TE,23,0,0,53,0,0,0,0,0,0,0,0,30,281,2,2,0,0,USC,IL
1997Jared Tomich,TomiJa20,1997,2,39,NOR,Jared Tomich,No,DE,DE,23,0,0,57,0,0,0,0,0,0,0,0,0,0,0,44,0,10,Nebraska,LA
1997Dexter McCleon,McClDe21,1997,2,40,STL,Dexter McCleon,No,DB,DB,23,0,0,148,0,0,0,0,0,0,0,0,0,0,0,333,31,4.5,Clemson,MO
1997Byron Hanspard,HansBy00,1997,2,41,ATL,Byron Hanspard,No,RB,RB,21,0,0,28,0,0,0,0,0,189,718,1,16,146,1,0,0,0,Texas Tech,GA
1997Jake Plummer,PlumJa00,1997,2,42,ARI,Jake Plummer,No,QB,QB,22,0,1,143,2484,4350,29253,161,161,428,1853,17,2,4,0,10,0,0,Arizona St.,AZ
1997Corey Dillon,DillCo00,1997,2,43,CIN,Corey Dillon,No,RB,RB,22,0,4,150,0,1,0,0,1,2618,11241,82,244,1913,7,5,0,0,Washington,OH
1997Sam Madison,MadiSa00,1997,2,44,MIA,Sam Madison,No,DB,DB,23,2,4,173,0,0,0,0,0,0,0,0,0,0,0,377,38,2,Louisville,FL
1997Freddie Jones,JoneFr00,1997,2,45,SDG,Freddie Jones,No,TE,TE,23,0,0,123,0,0,0,0,0,0,0,0,404,4232,22,4,0,0,North Carolina,CA
1997Joey Kent,KentJo00,1997,2,46,TEN,Joey Kent,No,WR,WR,23,0,0,30,0,0,0,0,0,0,0,0,13,159,1,0,0,0,Tennessee,TN
1997Kevin Lockett,LockKe00,1997,2,47,KAN,Kevin Lockett,No,WR,WR,23,0,0,86,2,2,45,2,0,0,0,0,130,1738,8,6,0,0,Kansas St.,MO
1997Adam Meadows,MeadAd20,1997,2,48,IND,Adam Meadows,No,T,T,23,0,0,106,0,0,0,0,0,0,0,0,0,0,0,0,0,0,Georgia,IN
1997Torrian Gray,GrayTo20,1997,2,49,MIN,Torrian Gray,No,DB,DB,23,0,0,25,0,0,0,0,0,0,0,0,0,0,0,35,1,1,Virginia Tech,MN
1997Mike Logan,LogaMi20,1997,2,50,JAX,Mike Logan,No,DB,DB,23,0,0,116,0,0,0,0,0,0,0,0,0,0,0,231,5,4.5,West Virginia,FL
1997Greg Jones,JoneGr20,1997,2,51,WAS,Greg Jones,No,LB,LB,23,0,0,82,0,0,0,0,0,0,0,0,0,0,0,98,1,6,Colorado,DC
1997Marcellus Wiley,WileMa00,1997,2,52,BUF,Marcellus Wiley,No,DE,DE,22,0,1,147,0,0,0,0,0,0,0,0,0,0,0,239,2,44,Columbia,NY
1997Will Blackwell,BlacWi00,1997,2,53,PIT,Will Blackwell,No,WR,WR,22,0,0,47,0,0,0,0,0,2,14,0,67,682,2,0,0,0,San Diego St.,PA
1997Kevin Abrams,AbraKe20,1997,2,54,DET,Kevin Abrams,No,DB,DB,23,0,0,32,0,0,0,0,0,0,0,0,0,0,0,64,1,5,Syracuse,MI
1997Marc Edwards,EdwaMa00,1997,2,55,SFO,Marc Edwards,No,FB,FB,22,0,0,132,0,0,0,0,0,124,405,3,167,1301,10,3,0,0,Notre Dame,CA
1997Mike Minter,MintMi21,1997,2,56,CAR,Mike Minter,No,DB,DB,23,0,0,148,0,0,0,0,0,0,0,0,0,0,0,589,17,11,Nebraska,NC
1997James Darling,DarlJa20,1997,2,57,PHI,James Darling,No,LB,LB,22,0,0,139,0,0,0,0,0,0,0,0,0,0,0,308,6,7.5,Washington St.,PA
1997Kim Herring,HerrKi20,1997,2,58,BAL,Kim Herring,No,DB,DB,22,0,0,98,0,0,0,0,0,0,0,0,0,0,0,329,8,2,Penn St.,MD
1997Brandon Mitchell,MitcBr20,1997,2,59,NWE,Brandon Mitchell,No,DE,DE,22,0,0,96,0,0,0,0,0,0,0,0,0,0,0,120,0,11,Texas A&M,MA
1997Darren Sharper,SharDa00,1997,2,60,GNB,Darren Sharper,No,DB,DB,21,2,5,205,0,0,0,0,0,0,0,0,0,0,0,731,63,7.5,William & Mary,WI
1997Sedrick Shaw,ShawSe00,1997,3,61,NWE,Sedrick Shaw,No,RB,RB,23,0,0,18,0,0,0,0,0,55,258,1,9,34,0,0,0,0,Iowa,MA
1997Troy Davis,DaviTr00,1997,3,62,NOR,Troy Davis,No,RB,RB,22,0,0,46,0,0,0,0,0,150,446,1,36,237,0,0,0,0,Iowa St.,LA
1997Frank Middleton,MiddFr20,1997,3,63,TAM,Frank Middleton,No,G,G,22,0,0,109,0,0,0,0,0,0,0,0,0,0,0,0,0,0,Arizona,FL
1997Jay Graham,GrahJa00,1997,3,64,BAL,Jay Graham,No,RB,RB,22,0,0,36,0,0,0,0,0,129,454,2,20,104,0,2,0,0,Tennessee,MD
1997Dexter Coakley,CoakDe00,1997,3,65,DAL,Dexter Coakley,No,LB,LB,24,0,3,155,0,0,0,0,0,2,59,0,0,0,0,599,13,9.5,Appalachian St.,TX
1997Ronde Barber,BarbRo00,1997,3,66,TAM,Ronde Barber,No,DB,DB,22,3,5,241,0,0,0,0,0,0,0,0,0,0,0,1028,47,28,Virginia,FL
1997Dan Neil,NeilDa21,1997,3,67,DEN,Dan Neil,No,G,G,23,0,0,108,0,0,0,0,0,0,0,0,0,0,0,0,0,0,Texas,CO
1997Ryan Phillips,PhilRy20,1997,3,68,NYG,Ryan Phillips,No,LB,LB,23,0,0,71,0,0,0,0,0,0,0,0,0,0,0,135,4,3.5,Idaho,NY
1997Bob Sapp,SappBo20,1997,3,69,CHI,Bob Sapp,No,G,G,24,0,0,1,0,0,0,0,0,0,0,0,0,0,0,0,0,0,Washington,IL
1997O.J. Santiago,SantO.00,1997,3,70,ATL,O.J. Santiago,No,TE,TE,23,0,0,78,0,0,0,0,0,0,0,0,81,1041,9,2,0,0,Kent St.,GA
1997Duce Staley,StalDu00,1997,3,71,PHI,Duce Staley,No,RB,RB,22,0,0,114,0,0,0,0,0,1430,5785,24,287,2587,10,5,0,0,South Carolina,PA
1997Adam Treu,TreuAd20,1997,3,72,OAK,Adam Treu,No,C,C,23,0,0,155,0,0,0,0,0,0,0,0,0,0,0,0,0,0,Nebraska,CA
1997Jason Taylor,TaylJa03,1997,3,73,MIA,Jason Taylor,No,DE,DE,23,3,6,233,0,0,0,0,0,0,0,0,0,0,0,525,8,139.5,Akron,FL
1997Michael Hamilton,HamiMi20,1997,3,74,SDG,Michael Hamilton,No,LB,LB,23,0,0,37,0,0,0,0,0,0,0,0,0,0,0,7,0,0,North Carolina A&T,CA
1997Denard Walker,WalkDe20,1997,3,75,TEN,Denard Walker,No,DB,DB,24,0,0,134,0,0,0,0,0,0,0,0,0,0,0,409,13,0,LSU,TN
1997Rod Payne,PaynRo20,1997,3,76,CIN,Rod Payne,No,C,C,23,0,0,6,0,0,0,0,0,0,0,0,0,0,0,0,0,0,Michigan,OH
1997Greg Clark,ClarGr00,1997,3,77,SFO,Greg Clark,No,TE,TE,25,0,0,55,0,0,0,0,0,0,0,0,92,909,4,0,0,0,Stanford,CA
1997Stalin Colinet,ColiSt20,1997,3,78,MIN,Stalin Colinet,No,DT,DT,23,0,0,68,0,0,0,0,0,0,0,0,0,0,0,67,0,5.5,Boston Col.,MN
1997James Hamilton,HamiJa20,1997,3,79,JAX,James Hamilton,No,LB,LB,23,0,0,16,0,0,0,0,0,0,0,0,0,0,0,5,0,1,North Carolina,FL
1997Derek Smith,SmitDe21,1997,3,80,WAS,Derek Smith,No,LB,LB,22,0,0,174,0,0,0,0,0,0,0,0,0,0,0,802,4,13.5,Arizona St.,DC
1997Scott Sanderson,SandSc20,1997,3,81,TEN,Scott Sanderson,No,T,T,23,0,0,45,0,0,0,0,0,0,0,0,0,0,0,0,0,0,Washington St.,TN
1997Paul Wiggins,WiggPa20,1997,3,82,PIT,Paul Wiggins,No,T,T,24,0,0,2,0,0,0,0,0,0,0,0,0,0,0,0,0,0,Oregon,PA
1997Steve Scifres,ScifSt20,1997,3,83,DAL,Steve Scifres,No,G,G,25,0,0,7,0,0,0,0,0,0,0,0,0,0,0,0,0,0,Wyoming,TX
1997Ty Howard,HowaTy20,1997,3,84,ARI,Ty Howard,No,DB,DB,23,0,0,37,0,0,0,0,0,0,0,0,0,0,0,62,0,1,Ohio St.,AZ
1997Tim Kohn,0,1997,3,85,OAK,Tim Kohn,No,T,T,0,0,0,0,0,0,0,0,0,0,0,0,0,0,0,0,0,0,Iowa St.,CA
1997Bertrand Berry,BerrBe99,1997,3,86,IND,Bertrand Berry,No,DE,DE,22,0,1,160,0,0,0,0,0,0,0,0,0,0,0,181,0,65,Notre Dame,IN
1997Kinnon Tatum,TatuKi20,1997,3,87,CAR,Kinnon Tatum,No,LB,LB,22,0,0,31,0,0,0,0,0,0,0,0,0,0,0,22,0,0,Notre Dame,NC
1997Dedric Ward,WardDe00,1997,3,88,NYJ,Dedric Ward,No,WR,WR,23,0,0,103,0,0,0,0,0,12,86,0,167,2307,12,4,0,0,Northern Iowa,NY
1997Chris Carter,CartCh20,1997,3,89,NWE,Chris Carter,No,DB,DB,23,0,0,92,0,0,0,0,0,0,0,0,0,0,0,154,5,4,Texas,MA
1997Brett Conway,conwabre01,1997,3,90,GNB,Brett Conway,No,K,K,22,0,0,51,0,1,0,0,0,0,0,0,0,0,0,0,0,0,Penn St.,WI
1997Mike Vrabel,VrabMi20,1997,3,91,PIT,Mike Vrabel,No,LB,LB,22,1,1,206,0,0,0,0,0,0,0,0,10,14,10,511,11,57,Ohio St.,PA
1997Derrick Rodgers,RodgDe20,1997,3,92,MIA,Derrick Rodgers,No,LB,LB,25,0,0,116,0,0,0,0,0,0,0,0,0,0,0,345,4,9,Arizona St.,FL
1997Ronnie Ward,WardRo20,1997,3,93,MIA,Ronnie Ward,No,LB,LB,23,0,0,4,0,0,0,0,0,0,0,0,0,0,0,0,0,0,Kansas,FL
1997Kenny Wheaton,WheaKe20,1997,3,94,DAL,Kenny Wheaton,No,DB,DB,22,0,0,22,0,0,0,0,0,0,0,0,0,0,0,28,1,0,Oregon,TX
1997Brad Maynard,MaynBr20,1997,3,95,NYG,Brad Maynard,No,P,P,23,0,0,238,5,8,94,2,0,4,5,0,0,0,0,12,0,0,Ball St.,NY
1997Brent Smith,SmitBr22,1997,3,96,MIA,Brent Smith,No,G,G,23,0,0,57,0,0,0,0,0,0,0,0,0,0,0,0,0,0,Mississippi St.,FL
1997Damon Denson,DensDa20,1997,4,97,NWE,Damon Denson,No,G,G,22,0,0,14,0,0,0,0,0,0,0,0,0,0,0,0,0,0,Michigan,MA
1997Derrick Mason,MasoDe00,1997,4,98,TEN,Derrick Mason,No,WR,WR,23,1,2,230,0,0,0,0,0,9,3,0,943,12061,66,21,0,0,Michigan St.,TN
1997Danny Wuerffel,WuerDa00,1997,4,99,NOR,Danny Wuerffel,No,QB,QB,23,0,0,25,184,350,2123,12,22,31,189,1,0,0,0,1,0,0,Florida,LA
1997Henri Crockett,CrocHe20,1997,4,100,ATL,Henri Crockett,No,LB,LB,22,0,0,103,0,0,0,0,0,0,0,0,0,0,0,237,1,7.5,Florida St.,GA
1997Antonio Anderson,AndeAn22,1997,4,101,DAL,Antonio Anderson,No,DT,DT,24,0,0,21,0,0,0,0,0,0,0,0,0,0,0,21,0,2,Syracuse,TX
1997Terry Day,DayxTe20,1997,4,102,NYJ,Terry Day,No,DE,DE,23,0,0,1,0,0,0,0,0,0,0,0,0,0,0,0,0,0,Mississippi St.,NY
1997Pete Monty,MontPe20,1997,4,103,NYG,Pete Monty,No,LB,LB,23,0,0,52,0,0,0,0,0,0,0,0,0,0,0,33,0,2,Wisconsin,NY
1997Leon Johnson,JohnLe00,1997,4,104,NYJ,Leon Johnson,No,RB,RB,23,0,0,74,2,4,45,0,1,217,799,9,46,489,2,12,0,0,North Carolina,NY
1997Darnell Autry,AutrDa00,1997,4,105,CHI,Darnell Autry,No,RB,RB,21,0,0,24,0,0,0,0,0,224,653,4,33,334,1,0,0,0,Northwestern,IL
1997Chris Dishman,DishCh20,1997,4,106,ARI,Chris Dishman,No,G,G,23,0,0,98,0,0,0,0,0,0,0,0,0,0,0,0,0,0,Nebraska,AZ
1997Pratt Lyons,LyonPr20,1997,4,107,TEN,Pratt Lyons,No,DE,DE,23,0,0,32,0,0,0,0,0,0,0,0,0,0,0,34,0,4.5,Troy,TN
1997Marcus Robinson,RobiMa00,1997,4,108,CHI,Marcus Robinson,No,WR,WR,22,0,0,107,0,0,0,0,0,1,9,0,325,4699,43,7,0,0,South Carolina,IL
1997Raleigh Roundtree,RounRa20,1997,4,109,SDG,Raleigh Roundtree,No,G,G,22,0,0,72,0,0,0,0,0,0,0,0,0,0,0,0,0,0,South Carolina St.,CA
1997Pat Barnes,BarnPa20,1997,4,110,KAN,Pat Barnes,No,QB,QB,22,0,0,1,0,0,0,0,0,0,0,0,0,0,0,0,0,0,California,MO
1997Tremain Mack,MackTr00,1997,4,111,CIN,Tremain Mack,No,DB,DB,22,0,1,44,0,0,0,0,0,0,0,0,0,0,0,37,1,0,Miami (FL),OH
1997Ryan Tucker,TuckRy20,1997,4,112,STL,Ryan Tucker,No,T,T,22,0,0,134,0,0,0,0,0,0,0,0,1,2,1,0,0,0,TCU,MO
1997Antonio Banks,BankAn20,1997,4,113,MIN,Antonio Banks,No,DB,DB,24,0,0,24,0,0,0,0,0,0,0,0,0,0,0,18,0,0,Virginia Tech,MN
1997Seth Payne,PaynSe20,1997,4,114,JAX,Seth Payne,No,DT,DT,22,0,0,121,0,0,0,0,0,0,0,0,0,0,0,243,0,17.5,Cornell,FL
1997Albert Connell,ConnAl00,1997,4,115,WAS,Albert Connell,No,WR,WR,23,0,0,61,0,0,0,0,0,3,17,0,150,2674,16,1,0,0,Texas A&M,DC
1997Keith Poole,PoolKe00,1997,4,116,NOR,Keith Poole,No,WR,WR,23,0,0,54,0,0,0,0,0,1,14,0,96,1734,11,1,0,0,Arizona St.,LA
1997Monty Montgomery,MontMo20,1997,4,117,IND,Monty Montgomery,No,DB,DB,23,0,0,59,0,0,0,0,0,0,0,0,0,0,0,132,4,3.5,Houston,IN
1997Tyrus McCloud,McClTy20,1997,4,118,BAL,Tyrus McCloud,No,LB,LB,22,0,0,23,0,0,0,0,0,0,0,0,0,0,0,23,0,0,Louisville,MD
1997Damien Robinson,RobiDa20,1997,4,119,PHI,Damien Robinson,No,DB,DB,23,0,0,83,0,0,0,0,0,0,0,0,2,53,0,229,13,0.5,Iowa,PA
1997Jamie Nails,NailJa20,1997,4,120,BUF,Jamie Nails,No,G,G,22,0,0,78,0,0,0,0,0,0,0,0,0,0,0,0,0,0,Florida A&M,NY
1997Jerome Daniels,DaniJe20,1997,4,121,MIA,Jerome Daniels,No,G,G,23,0,0,8,0,0,0,0,0,0,0,0,0,0,0,0,0,0,Northeastern,FL
1997Tarek Saleh,SaleTa20,1997,4,122,CAR,Tarek Saleh,No,LB,LB,22,0,0,59,0,0,0,0,0,0,0,0,1,22,0,7,0,1,Wisconsin,NC
1997Chad Levitt,LeviCh20,1997,4,123,OAK,Chad Levitt,No,RB,RB,21,0,0,10,0,0,0,0,0,2,3,0,2,24,0,0,0,0,Cornell,CA
1997Cory Gilliard,GillCo20,1997,4,124,DEN,Cory Gilliard,No,DB,DB,22,0,0,1,0,0,0,0,0,0,0,0,0,0,0,0,0,0,Ball St.,CO
1997Ed Ellis,ElliEd20,1997,4,125,NWE,Ed Ellis,No,T,T,21,0,0,54,0,0,0,0,0,0,0,0,0,0,0,0,0,0,Buffalo,MA
1997Jermaine Smith,SmitJe24,1997,4,126,GNB,Jermaine Smith,No,DT,DT,25,0,0,19,0,0,0,0,0,0,0,0,0,0,0,3,1,1.5,Georgia,WI
1997Macey Brooks,BrooMa00,1997,4,127,DAL,Macey Brooks,No,WR,WR,22,0,0,25,0,0,0,0,0,1,7,0,40,376,0,0,0,0,James Madison,TX
1997Alshermond Singleton,SingAl20,1997,4,128,TAM,Alshermond Singleton,No,LB,LB,22,0,0,140,0,0,0,0,0,0,0,0,0,0,0,203,5,4.5,Temple,FL
1997Nicky Sualua,SualNi00,1997,4,129,DAL,Nicky Sualua,No,RB,RB,22,0,0,26,0,0,0,0,0,0,0,0,0,0,0,0,0,0,Ohio St.,TX
1997Matt Russell,RussMa20,1997,4,130,DET,Matt Russell,No,LB,LB,24,0,0,14,0,0,0,0,0,0,0,0,0,0,0,13,0,0,Colorado,MI
1997Lamont Burns,BurnLa20,1997,5,131,NYJ,Lamont Burns,No,G,G,23,0,0,4,0,0,0,0,0,0,0,0,0,0,0,0,0,0,East Carolina,NY
1997Jamel Williams,WillJa22,1997,5,132,WAS,Jamel Williams,No,DB,DB,23,0,0,35,0,0,0,0,0,0,0,0,0,0,0,16,0,0,Nebraska,DC
1997Marcus Wimberly,WimbMa20,1997,5,133,ATL,Marcus Wimberly,No,DB,DB,23,0,0,6,0,0,0,0,0,0,0,0,0,0,0,0,0,0,Miami (FL),GA
1997Jeff Mitchell,MitcJe20,1997,5,134,BAL,Jeff Mitchell,No,C,C,23,0,0,119,0,0,0,0,0,0,0,0,0,0,0,0,0,0,Florida,MD
1997Pete Chryplewicz,ChryPe00,1997,5,135,DET,Pete Chryplewicz,No,TE,TE,23,0,0,37,0,0,0,0,0,0,0,0,9,65,3,0,0,0,Notre Dame,MI
1997Sam Garnes,GarnSa20,1997,5,136,NYG,Sam Garnes,No,DB,DB,23,0,0,106,0,0,0,0,0,0,0,0,0,0,0,383,10,3,Cincinnati,NY
1997Patrick Hape,HapePa00,1997,5,137,TAM,Patrick Hape,No,TE,TE,23,0,0,124,0,0,0,0,0,3,1,0,51,287,11,2,0,0,Alabama,FL
1997Kenny Bynum,BynuKe00,1997,5,138,SDG,Kenny Bynum,No,RB,RB,23,0,0,53,0,0,0,0,0,140,433,1,24,253,2,0,0,0,South Carolina St.,CA
1997Chad Carpenter,0,1997,5,139,ARI,Chad Carpenter,No,WR,WR,0,0,0,0,0,0,0,0,0,0,0,0,0,0,0,0,0,0,Washington St.,AZ
1997Keith Thibodeaux,ThibKe20,1997,5,140,WAS,Keith Thibodeaux,No,DB,DB,23,0,0,54,0,0,0,0,0,0,0,0,0,0,0,52,2,0,NW State (LA),DC
1997Van Hiles,HileVa20,1997,5,141,CHI,Van Hiles,No,DB,DB,21,0,0,16,0,0,0,0,0,0,0,0,0,0,0,1,0,0,Kentucky,IL
1997Eric Stokes,StokEr21,1997,5,142,SEA,Eric Stokes,No,DB,DB,23,0,0,11,0,0,0,0,0,0,0,0,0,0,0,10,0,0,Nebraska,WA
1997George McCullough,McCuGe20,1997,5,143,TEN,George McCullough,No,DB,DB,22,0,0,40,0,0,0,0,0,0,0,0,0,0,0,37,0,0,Baylor,TN
1997Andre Purvis,PurvAn20,1997,5,144,CIN,Andre Purvis,No,DT,DT,24,0,0,21,0,0,0,0,0,0,0,0,0,0,0,7,0,1,North Carolina,OH
1997Raymond Austin,AustRa20,1997,5,145,NYJ,Raymond Austin,No,DB,DB,22,0,0,43,0,0,0,0,0,0,0,0,0,0,0,12,0,0,Tennessee,NY
1997Paul Bradford,BradPa20,1997,5,146,SDG,Paul Bradford,No,DB,DB,23,0,0,15,0,0,0,0,0,0,0,0,0,0,0,22,2,0,Portland,CA
1997Damon Jones,JoneDa00,1997,5,147,JAX,Damon Jones,No,TE,TE,23,0,0,50,0,0,0,0,0,0,0,0,41,550,11,0,0,0,Southern Illinois,FL
1997Twan Russell,RussTw20,1997,5,148,WAS,Twan Russell,No,LB,LB,23,0,0,78,0,0,0,0,0,0,0,0,0,0,0,31,0,0,Miami (FL),DC
1997Barron Tanner,TannBa20,1997,5,149,MIA,Barron Tanner,No,DT,DT,24,0,0,78,0,0,0,0,0,0,0,0,0,0,0,79,1,3,Oklahoma,FL
1997Nate Jacquet,JacqNa00,1997,5,150,IND,Nate Jacquet,No,WR,WR,22,0,0,55,0,0,0,0,0,1,4,0,10,165,0,3,0,0,San Diego St.,IN
1997Tony Williams,WillTo23,1997,5,151,MIN,Tony Williams,No,DT,DT,22,0,0,101,0,0,0,0,0,0,0,0,0,0,0,174,0,22,Memphis,MN
1997N.D. Kalu,KaluN.20,1997,5,152,PHI,N.D. Kalu,No,DE,DE,22,0,0,136,0,0,0,0,0,0,0,0,0,0,0,148,1,31,Rice,PA
1997Sean Woodson,0,1997,5,153,BUF,Sean Woodson,No,DB,DB,0,0,0,0,0,0,0,0,0,0,0,0,0,0,0,0,0,0,Jackson St.,NY
1997George Jones,JoneGe00,1997,5,154,PIT,George Jones,No,RB,RB,23,0,0,34,0,0,0,0,0,119,371,1,17,105,1,0,0,0,San Diego St.,PA
1997Luther Broughton,BrouLu00,1997,5,155,PHI,Luther Broughton,No,TE,TE,22,0,0,62,0,0,0,0,0,0,0,0,46,563,5,2,0,0,Furman,PA
1997Carl Powell,PoweCa20,1997,5,156,IND,Carl Powell,No,DE,DE,23,0,0,81,0,0,0,0,0,0,0,0,0,0,0,68,1,6.5,Louisville,IN
1997Nicholas Lopez,0,1997,5,157,MIA,Nicholas Lopez,No,DE,DE,0,0,0,0,0,0,0,0,0,0,0,0,0,0,0,0,0,0,Texas Southern,FL
1997Taje Allen,AlleTa20,1997,5,158,STL,Taje Allen,No,DB,DB,23,0,0,79,0,0,0,0,0,0,0,0,0,0,0,64,2,0.5,Texas,MO
1997Vernon Crawford,CrawVe20,1997,5,159,NWE,Vernon Crawford,No,LB,LB,23,0,0,41,0,0,0,0,0,0,0,0,0,0,0,6,0,0,Florida St.,MA
1997Anthony Hicks,0,1997,5,160,GNB,Anthony Hicks,No,LB,LB,0,0,0,0,0,0,0,0,0,0,0,0,0,0,0,0,0,0,Arkansas,WI
1997Duane Ashman,0,1997,5,161,DET,Duane Ashman,No,DE,DE,0,0,0,0,0,0,0,0,0,0,0,0,0,0,0,0,0,0,Virginia,MI
1997Brad Badger,BadgBr20,1997,5,162,WAS,Brad Badger,No,G,G,22,0,0,134,0,0,0,0,0,0,0,0,0,0,0,0,0,0,Stanford,DC
1997June Henley,HenlJu00,1997,5,163,KAN,June Henley,No,RB,RB,22,0,0,11,0,0,0,0,0,88,313,3,35,252,0,0,0,0,Kansas,MO
1997Tim Scharf,0,1997,6,164,NYJ,Tim Scharf,No,LB,LB,0,0,0,0,0,0,0,0,0,0,0,0,0,0,0,0,0,0,Northwestern,NY
1997Nick Savoie,SavoNi20,1997,6,165,NOR,Nick Savoie,No,TE,TE,24,0,0,1,0,0,0,0,0,0,0,0,1,14,0,0,0,0,LSU,LA
1997John Fiala,FialJo20,1997,6,166,MIA,John Fiala,No,LB,LB,23,0,0,75,0,0,0,0,0,0,0,0,0,0,0,24,0,0,Washington,FL
1997Steve Lee,0,1997,6,167,BAL,Steve Lee,No,RB,RB,0,0,0,0,0,0,0,0,0,0,0,0,0,0,0,0,0,0,Indiana,MD
1997Tony Ramirez,RamiTo20,1997,6,168,DET,Tony Ramirez,No,T,T,24,0,0,30,0,0,0,0,0,0,0,0,0,0,0,0,0,0,Northern Colorado,MI
1997Al Harris,HarrAl21,1997,6,169,TAM,Al Harris,No,DB,DB,22,0,2,194,0,0,0,0,0,0,0,0,0,0,0,422,21,4,Texas A&M-Kingsville,FL
1997Brian Manning,MannBr00,1997,6,170,MIA,Brian Manning,No,WR,WR,22,0,0,10,0,0,0,0,0,0,0,0,7,85,0,0,0,0,Stanford,FL
1997Mike Cherry,CherMi00,1997,6,171,NYG,Mike Cherry,No,QB,QB,23,0,0,2,0,1,0,0,0,4,-5,0,0,0,0,0,0,0,Murray St.,NY
1997Calvin Branch,BranCa20,1997,6,172,OAK,Calvin Branch,No,DB,DB,23,0,0,60,0,0,0,0,0,0,0,0,0,0,0,23,0,0,Colorado St.,CA
1997Mike Crawford,CrawMi21,1997,6,173,MIA,Mike Crawford,No,LB,LB,22,0,0,7,0,0,0,0,0,0,0,0,0,0,0,0,0,0,UNLV,FL
1997Itula Mili,MiliIt00,1997,6,174,SEA,Itula Mili,No,TE,TE,24,0,0,114,0,0,0,0,0,0,0,0,164,1743,13,1,0,0,BYU,WA
1997Rod Brown,0,1997,6,175,ARI,Rod Brown,No,RB,RB,0,0,0,0,0,0,0,0,0,0,0,0,0,0,0,0,0,0,North Carolina St.,AZ
1997Canute Curtis,CurtCa20,1997,6,176,CIN,Canute Curtis,No,LB,LB,23,0,0,70,0,0,0,0,0,0,0,0,0,0,0,73,0,3,West Virginia,OH
1997Ed Perry,PerrEd00,1997,6,177,MIA,Ed Perry,No,TE,TE,23,0,0,109,0,0,0,0,0,0,0,0,39,308,2,10,0,0,James Madison,FL
1997Daniel Palmer,0,1997,6,178,SDG,Daniel Palmer,No,C,C,0,0,0,0,0,0,0,0,0,0,0,0,0,0,0,0,0,0,Air Force,CA
1997Muadianvita Kazadi,KazaMu20,1997,6,179,STL,Muadianvita Kazadi,No,LB,LB,23,0,0,12,0,0,0,0,0,0,0,0,0,0,0,0,0,0,Tulsa,MO
1997Calvin Collins,CollCa20,1997,6,180,ATL,Calvin Collins,No,G,G,23,0,0,68,0,0,0,0,0,0,0,0,0,0,0,0,0,0,Texas A&M,GA
1997Dennis Stallings,StalDe20,1997,6,181,TEN,Dennis Stallings,No,LB,LB,23,0,0,28,0,0,0,0,0,0,0,0,0,0,0,1,0,0,Illinois,TN
1997Scott Von der Ahe,VondSc20,1997,6,182,IND,Scott Von der Ahe,No,LB,LB,21,0,0,9,0,0,0,0,0,0,0,0,0,0,0,14,0,0,Arizona St.,IN
1997Robert Tate,TateRo00,1997,6,183,MIN,Robert Tate,No,DB,DB,23,0,0,116,0,0,0,0,0,1,4,0,2,20,0,170,5,0,Cincinnati,MN
1997Daimon Shelton,ShelDa00,1997,6,184,JAX,Daimon Shelton,No,FB,FB,25,0,0,133,0,0,0,0,0,40,104,1,82,571,2,3,0,0,Sacramento St.,FL
1997Marcus Spriggs,SpriMa20,1997,6,185,BUF,Marcus Spriggs,No,T,T,23,0,0,49,0,0,0,0,0,0,0,0,0,0,0,0,0,0,Houston,NY
1997Daryl Porter,PortDa20,1997,6,186,PIT,Daryl Porter,No,DB,DB,23,0,0,55,0,0,0,0,0,0,0,0,1,44,0,39,1,0,Boston Col.,PA
1997Lee Vaughn,0,1997,6,187,DAL,Lee Vaughn,No,DB,DB,0,0,0,0,0,0,0,0,0,0,0,0,0,0,0,0,0,0,Wyoming,TX
1997Tony McCombs,McCoTo20,1997,6,188,ARI,Tony McCombs,No,LB,LB,23,0,0,26,0,0,0,0,0,0,0,0,0,0,0,33,1,0,East. Kentucky,AZ
1997Matt Finkes,FinkMi21,1997,6,189,CAR,Matt Finkes,No,DE,DE,22,0,0,8,0,0,0,0,0,0,0,0,0,0,0,0,0,0,Ohio St.,NC
1997Antwuan Wyatt,WyatAn20,1997,6,190,PHI,Antwuan Wyatt,No,WR,WR,22,0,0,1,0,0,0,0,0,0,0,0,0,0,0,0,0,0,Bethune-Cookman,PA
1997Chuck Clements,ClemCh21,1997,6,191,NYJ,Chuck Clements,No,QB,QB,24,0,0,1,0,0,0,0,0,2,-3,0,0,0,0,0,0,0,Houston,NY
1997Tony Gaiter,GaitTo00,1997,6,192,NWE,Tony Gaiter,No,WR,WR,23,0,0,6,0,0,0,0,0,0,0,0,0,0,0,0,0,0,Miami (FL),MA
1997Grady Jackson,JackGr20,1997,6,193,OAK,Grady Jackson,No,DT,DT,24,0,0,185,0,0,0,0,0,0,0,0,0,0,0,381,0,35.5,Knoxville,CA
1997Cornell Brown,BrowCo20,1997,6,194,BAL,Cornell Brown,No,LB,LB,22,0,0,109,0,0,0,0,0,0,0,0,0,0,0,118,1,7,Virginia Tech,MD
1997Isaac Byrd,ByrdIs00,1997,6,195,KAN,Isaac Byrd,No,WR,WR,22,0,0,61,0,0,0,0,0,2,-2,0,93,1229,6,3,0,0,Kansas,MO
1997Shawn Swayda,SwaySh20,1997,6,196,CHI,Shawn Swayda,No,DE,DE,23,0,0,35,0,0,0,0,0,0,0,0,0,0,0,26,0,1.5,Arizona St.,IL
1997Nigea Carter,0,1997,6,197,TAM,Nigea Carter,No,WR,WR,0,0,0,0,0,0,0,0,0,0,0,0,0,0,0,0,0,0,Michigan St.,FL
1997Ed Jasper,JaspEd20,1997,6,198,PHI,Ed Jasper,No,DT,DT,24,0,0,118,0,0,0,0,0,0,0,0,0,0,0,200,0,17,Texas A&M,PA
1997Rod Manuel,ManuRo20,1997,6,199,PIT,Rod Manuel,No,DE,DE,22,0,0,3,0,0,0,0,0,0,0,0,0,0,0,1,0,0,Oklahoma,PA
1997Richard Hogans,0,1997,6,200,CHI,Richard Hogans,No,LB,LB,0,0,0,0,0,0,0,0,0,0,0,0,0,0,0,0,0,0,Memphis,IL
1997Ricky Parker,ParkRi20,1997,6,201,CHI,Ricky Parker,No,DB,DB,22,0,0,12,0,0,0,0,0,0,0,0,0,0,0,0,0,0,San Diego St.,IL
1997Steve Rosga,0,1997,7,202,NYJ,Steve Rosga,No,DB,DB,0,0,0,0,0,0,0,0,0,0,0,0,0,0,0,0,0,0,Colorado,NY
1997Hudhaifa Ismaeli,0,1997,7,203,MIA,Hudhaifa Ismaeli,No,DB,DB,0,0,0,0,0,0,0,0,0,0,0,0,0,0,0,0,0,0,Northwestern,FL
1997Tony Graziani,GrazTo00,1997,7,204,ATL,Tony Graziani,No,QB,QB,23,0,0,18,85,174,999,2,8,16,51,0,0,0,0,0,0,0,Oregon,GA
1997Chris Ward,WardCh21,1997,7,205,BAL,Chris Ward,No,DE,DE,23,0,0,5,0,0,0,0,0,0,0,0,0,0,0,2,0,0,Kentucky,MD
1997Terry Battle,0,1997,7,206,DET,Terry Battle,No,RB,RB,0,0,0,0,0,0,0,0,0,0,0,0,0,0,0,0,0,0,Arizona St.,MI
1997Koy Detmer,DetmKo00,1997,7,207,PHI,Koy Detmer,No,QB,QB,24,0,0,104,184,354,1944,10,14,31,30,1,0,0,0,1,0,0,Colorado,PA
1997Matt Keneley,KeneMa20,1997,7,208,NYG,Matt Keneley,No,DT,DT,23,0,0,7,0,0,0,0,0,0,0,0,0,0,0,1,0,0,USC,NY
1997Anthony DeGrate,0,1997,7,209,TAM,Anthony DeGrate,No,DT,DT,0,0,0,0,0,0,0,0,0,0,0,0,0,0,0,0,0,0,S.F. Austin,FL
1997Mike Miano,0,1997,7,210,CHI,Mike Miano,No,DT,DT,0,0,0,0,0,0,0,0,0,0,0,0,0,0,0,0,0,0,SW Missouri St.,IL
1997Carlos Jones,0,1997,7,211,SEA,Carlos Jones,No,DB,DB,0,0,0,0,0,0,0,0,0,0,0,0,0,0,0,0,0,0,Miami (FL),WA
1997Mark Smith,SmitMa20,1997,7,212,ARI,Mark Smith,No,DT,DT,23,0,0,67,0,0,0,0,0,0,0,0,0,0,0,139,0,20,Auburn,AZ
1997Chris Miller,0,1997,7,213,GNB,Chris Miller,No,WR,WR,0,0,0,0,0,0,0,0,0,0,0,0,0,0,0,0,0,0,USC,WI
1997Nathan Parks,ParkNa20,1997,7,214,KAN,Nathan Parks,No,T,T,22,0,0,2,0,0,0,0,0,0,0,0,0,0,0,0,0,0,Stanford,MO
1997Cedric White,0,1997,7,215,STL,Cedric White,No,DE,DE,0,0,0,0,0,0,0,0,0,0,0,0,0,0,0,0,0,0,North Carolina A&T,MO
1997Armon Williams,WillAr20,1997,7,216,TEN,Armon Williams,No,DB,DB,24,0,0,6,0,0,0,0,0,0,0,0,0,0,0,0,0,0,Arizona,TN
1997William Carr,0,1997,7,217,CIN,William Carr,No,DT,DT,0,0,0,0,0,0,0,0,0,0,0,0,0,0,0,0,0,0,Michigan,OH
1997Toran James,JameTo20,1997,7,218,SDG,Toran James,No,LB,LB,23,0,0,14,0,0,0,0,0,0,0,0,0,0,0,4,0,0,North Carolina A&T,CA
1997Clarence Thompson,0,1997,7,219,IND,Clarence Thompson,No,DB,DB,0,0,0,0,0,0,0,0,0,0,0,0,0,0,0,0,0,0,Knoxville,IN
1997Artie Ulmer,UlmeAr20,1997,7,220,MIN,Artie Ulmer,No,LB,LB,24,0,0,90,0,0,0,0,0,0,0,0,0,0,0,74,0,1,Valdosta St.,MN
1997Jon Hesse,HessJo20,1997,7,221,JAX,Jon Hesse,No,LB,LB,24,0,0,5,0,0,0,0,0,0,0,0,0,0,0,0,0,0,Nebraska,FL
1997Chris Bayne,BaynCh20,1997,7,222,ATL,Chris Bayne,No,DB,DB,22,0,0,23,0,0,0,0,0,0,0,0,0,0,0,2,0,0,Fresno St.,GA
1997Mike Adams,AdamMi00,1997,7,223,PIT,Mike Adams,No,WR,WR,23,0,0,6,0,0,0,0,0,0,0,0,1,39,0,0,0,0,Texas,PA
1997Omar Stoutmire,StouOm20,1997,7,224,DAL,Omar Stoutmire,No,DB,DB,23,0,0,136,0,0,0,0,0,0,0,0,0,0,0,314,7,5,Fresno St.,TX
1997Byron Capers,0,1997,7,225,PHI,Byron Capers,No,DB,DB,0,0,0,0,0,0,0,0,0,0,0,0,0,0,0,0,0,0,Florida St.,PA
1997Pat Fitzgerald,0,1997,7,226,BUF,Pat Fitzgerald,No,TE,TE,0,0,0,0,0,0,0,0,0,0,0,0,0,0,0,0,0,0,Texas,NY
1997DeAuntae Brown,BrowDe21,1997,7,227,PHI,DeAuntae Brown,No,DB,DB,23,0,0,1,0,0,0,0,0,0,0,0,0,0,0,0,0,0,Central State (OH),PA
1997Kris Mangum,MangKr00,1997,7,228,CAR,Kris Mangum,No,TE,TE,24,0,0,126,0,0,0,0,0,0,0,0,151,1424,9,13,0,0,Mississippi,NC
1997Jason Ferguson,FergJa21,1997,7,229,NYJ,Jason Ferguson,No,DT,DT,22,0,0,159,0,0,0,0,0,0,0,0,0,0,0,344,0,21.5,Georgia,NY
1997Scott Rehberg,RehbSc20,1997,7,230,NWE,Scott Rehberg,No,G,G,23,0,0,79,0,0,0,0,0,0,0,0,0,0,0,0,0,0,Central Michigan,MA
1997Jerald Sowell,SoweJe00,1997,7,231,GNB,Jerald Sowell,No,FB,FB,23,0,0,148,0,1,0,0,0,61,244,1,148,1194,5,48,0,0,Tulane,WI
1997Marcus Harris,0,1997,7,232,DET,Marcus Harris,No,WR,WR,0,0,0,0,0,0,0,0,0,0,0,0,0,0,0,0,0,0,Wyoming,MI
1997Marvin Thomas,ThomMa22,1997,7,233,CHI,Marvin Thomas,No,DE,DE,23,0,0,4,0,0,0,0,0,0,0,0,0,0,0,0,0,0,Memphis,IL
1997Wally Richardson,RichWa00,1997,7,234,BAL,Wally Richardson,No,QB,QB,23,0,0,1,1,2,1,0,0,1,0,0,0,0,0,0,0,0,Penn St.,MD
1997Matthew Hatchette,HatcMa00,1997,7,235,MIN,Matthew Hatchette,No,WR,WR,23,0,0,65,0,0,0,0,0,0,0,0,60,887,6,0,0,0,Langston,MN
1997Ralph Staten,StatRa20,1997,7,236,BAL,Ralph Staten,No,DB,DB,22,0,0,25,0,0,0,0,0,0,0,0,0,0,0,37,5,1,Alabama,MD
1997Tony Corbin,0,1997,7,237,SDG,Tony Corbin,No,QB,QB,0,0,0,0,0,0,0,0,0,0,0,0,0,0,0,0,0,0,Cal State-Sacramento,CA
1997Leland Taylor,TaylLe20,1997,7,238,BAL,Leland Taylor,No,DT,DT,24,0,0,1,0,0,0,0,0,0,0,0,0,0,0,0,0,0,Louisville,MD
1997Richard Jordan,JordRi20,1997,7,239,DET,Richard Jordan,No,LB,LB,22,0,0,36,0,0,0,0,0,0,0,0,0,0,0,1,1,0,Missouri Southern,MI
1997Ron McAda,0,1997,7,240,GNB,Ron McAda,No,QB,QB,0,0,0,0,0,0,0,0,0,0,0,0,0,0,0,0,0,0,Army,WI
1996Keyshawn Johnson,JohnKe00,1996,1,1,NYJ,Keyshawn Johnson,No,WR,WR,24,0,3,167,0,5,0,0,2,13,91,2,814,10571,64,16,0,0,USC,NY
1996Kevin Hardy,HardKe00,1996,1,2,JAX,Kevin Hardy,No,LB,LB,23,1,1,134,0,0,0,0,0,0,0,0,0,0,0,561,5,36,Illinois,FL
1996Simeon Rice,RiceSi00,1996,1,3,ARI,Simeon Rice,No,DE,DE,22,1,3,174,0,0,0,0,0,0,0,0,0,0,0,389,5,122,Illinois,AZ
1996Jonathan Ogden,OgdeJo00,1996,1,4,BAL,Jonathan Ogden,No,T,T,22,4,11,177,0,0,0,0,0,0,0,0,2,2,2,0,0,0,UCLA,MD
1996Cedric Jones,JoneCe20,1996,1,5,NYG,Cedric Jones,No,DE,DE,22,0,0,73,0,0,0,0,0,0,0,0,0,0,0,107,0,15,Oklahoma,NY
1996Lawrence Phillips,PhilLa00,1996,1,6,STL,Lawrence Phillips,No,RB,RB,21,0,0,35,0,0,0,0,0,424,1453,14,34,219,1,0,0,0,Nebraska,MO
1996Terry Glenn,GlenTe00,1996,1,7,NWE,Terry Glenn,No,WR,WR,22,0,1,137,0,2,0,0,0,20,139,1,593,8823,44,14,0,0,Ohio St.,MA
1996Tim Biakabutuka,BiakTi00,1996,1,8,CAR,Tim Biakabutuka,No,RB,RB,22,0,0,50,0,0,0,0,0,611,2530,14,77,789,3,2,0,0,Michigan,NC
1996Rickey Dudley,DudlRi00,1996,1,9,OAK,Rickey Dudley,No,TE,TE,24,0,0,108,0,0,0,0,0,2,-9,0,221,3024,33,0,0,0,Ohio St.,CA
1996Willie Anderson,AndeWi00,1996,1,10,CIN,Willie Anderson,No,T,T,21,3,4,195,0,0,0,0,0,0,0,0,0,0,0,0,0,0,Auburn,OH
1996Alex Molden,MoldAl20,1996,1,11,NOR,Alex Molden,No,DB,DB,23,0,0,98,0,0,0,0,0,0,0,0,0,0,0,250,12,8,Oregon,LA
1996Regan Upshaw,UpshRe20,1996,1,12,TAM,Regan Upshaw,No,DE,DE,21,0,0,110,0,0,0,0,0,0,0,0,0,0,0,129,1,34.5,California,FL
1996Walt Harris,HarrWa21,1996,1,13,CHI,Walt Harris,No,DB,DB,22,0,1,193,0,0,0,0,0,0,0,0,0,0,0,638,35,3,Mississippi St.,IL
1996Eddie George,GeorEd00,1996,1,14,HOU,Eddie George,No,RB,RB,23,1,4,141,0,0,0,0,0,2865,10441,68,268,2227,10,4,0,0,Ohio St.,TX
1996John Mobley,MoblJo20,1996,1,15,DEN,John Mobley,No,LB,LB,22,1,0,105,0,0,0,0,0,0,0,0,0,0,0,485,5,10.5,Kutztown Pennsylvania,CO
1996Duane Clemons,ClemDu20,1996,1,16,MIN,Duane Clemons,No,DE,DE,22,0,0,142,0,0,0,0,0,0,0,0,0,0,0,257,0,49.5,California,MN
1996Reggie Brown,BrowRe22,1996,1,17,DET,Reggie Brown,No,LB,LB,22,0,0,26,0,0,0,0,0,0,0,0,0,0,0,0,2,2.5,Texas A&M,MI
1996Eddie Kennison,KennEd00,1996,1,18,STL,Eddie Kennison,No,WR,WR,23,0,0,179,0,0,0,0,0,39,282,0,548,8345,42,14,0,0,LSU,MO
1996Marvin Harrison,HarrMa00,1996,1,19,IND,Marvin Harrison,No,WR,WR,24,3,8,190,0,0,0,0,0,10,28,0,1102,14580,128,6,0,0,Syracuse,IN
1996Daryl Gardener,GardDa20,1996,1,20,MIA,Daryl Gardener,No,DT,DT,23,0,0,102,0,0,0,0,0,0,0,0,0,0,0,212,1,19,Baylor,FL
1996Pete Kendall,KendPe20,1996,1,21,SEA,Pete Kendall,No,G,G,23,0,0,189,0,0,0,0,0,0,0,0,1,-9,0,0,0,0,Boston Col.,WA
1996Marcus Jones,JoneMa20,1996,1,22,TAM,Marcus Jones,No,DE,DE,23,0,0,85,0,0,0,0,0,0,0,0,0,0,0,92,0,24,North Carolina,FL
1996Jeff Hartings,HartJe55,1996,1,23,DET,Jeff Hartings,No,C,C,24,1,2,162,0,0,0,0,0,0,0,0,0,0,0,0,0,0,Penn St.,MI
1996Eric Moulds,MoulEr00,1996,1,24,BUF,Eric Moulds,No,WR,WR,23,0,3,186,0,0,0,0,0,29,163,0,764,9995,49,17,0,0,Mississippi St.,NY
1996Jermane Mayberry,MaybJe00,1996,1,25,PHI,Jermane Mayberry,No,G,G,23,0,1,123,0,0,0,0,0,0,0,0,0,0,0,0,0,0,Texas A&M-Kingsville,PA
1996Ray Lewis,LewiRa00,1996,1,26,BAL,Ray Lewis,No,LB,LB,21,7,13,228,0,0,0,0,0,0,0,0,0,0,0,1562,31,41.5,Miami (FL),MD
1996John Michels,MichJo21,1996,1,27,GNB,John Michels,No,T,T,23,0,0,24,0,0,0,0,0,0,0,0,0,0,0,0,0,0,USC,WI
1996Jerome Woods,WoodJe00,1996,1,28,KAN,Jerome Woods,No,DB,DB,23,0,1,128,0,0,0,0,0,0,0,0,0,0,0,442,15,5,Memphis,MO
1996Jamain Stephens,StepJa20,1996,1,29,PIT,Jamain Stephens,No,T,T,22,0,0,40,0,0,0,0,0,0,0,0,0,0,0,0,0,0,North Carolina A&T,PA
1996Andre Johnson,JohnAn20,1996,1,30,WAS,Andre Johnson,No,T,T,23,0,0,3,0,0,0,0,0,0,0,0,0,0,0,0,0,0,Penn St.,DC
1996Alex Van Dyke,VanDAl00,1996,2,31,NYJ,Alex Van Dyke,No,WR,WR,22,0,0,42,0,0,0,0,0,0,0,0,26,219,3,0,0,0,Nevada,NY
1996Leeland McElroy,McElLe00,1996,2,32,ARI,Leeland McElroy,No,RB,RB,22,0,0,30,0,0,0,0,0,224,729,3,12,73,1,0,0,0,Texas A&M,AZ
1996Tony Brackens,BracTo00,1996,2,33,JAX,Tony Brackens,No,DE,DE,21,0,1,107,0,0,0,0,0,0,0,0,0,0,0,302,5,55,Texas,FL
1996Amani Toomer,ToomAm00,1996,2,34,NYG,Amani Toomer,No,WR,WR,22,0,0,190,0,1,0,0,0,12,110,1,668,9497,54,16,0,0,Michigan,NY
1996Mike Alstott,AlstMi00,1996,2,35,TAM,Mike Alstott,No,RB,RB,22,3,6,158,0,2,0,0,0,1359,5088,58,305,2284,13,5,0,0,Purdue,FL
1996Lawyer Milloy,MillLa00,1996,2,36,NWE,Lawyer Milloy,No,DB,DB,22,1,4,234,0,0,0,0,0,0,0,0,0,0,0,1033,25,21,Washington,MA
1996Kavika Pittman,PittKa20,1996,2,37,DAL,Kavika Pittman,No,DE,DE,21,0,0,108,0,0,0,0,0,0,0,0,0,0,0,157,0,18,McNeese St.,TX
1996Bryant Mix,MixxBr20,1996,2,38,HOU,Bryant Mix,No,DE,DE,24,0,0,7,0,0,0,0,0,0,0,0,0,0,0,6,0,1,Alcorn St.,TX
1996Marco Battaglia,BattMa00,1996,2,39,CIN,Marco Battaglia,No,TE,TE,23,0,0,96,0,0,0,0,0,0,0,0,71,660,2,1,0,0,Rutgers,OH
1996Je'Rod Cherry,CherJe20,1996,2,40,NOR,Je'Rod Cherry,No,DB,DB,23,0,0,127,0,0,0,0,0,0,0,0,0,0,0,92,0,3,California,LA
1996Bryan Still,StilBr00,1996,2,41,SDG,Bryan Still,No,WR,WR,22,0,0,52,0,0,0,0,0,0,0,0,83,1181,2,0,0,0,Virginia Tech,CA
1996Tony Banks,BankTo00,1996,2,42,STL,Tony Banks,No,QB,QB,23,0,0,96,1278,2356,15315,77,73,246,881,6,0,0,0,2,0,0,Michigan St.,MO
1996Muhsin Muhammad,MuhaMu00,1996,2,43,CAR,Muhsin Muhammad,No,WR,WR,23,1,2,202,0,0,0,0,0,11,64,0,860,11438,62,29,0,0,Michigan St.,NC
1996Tory James,JameTo99,1996,2,44,DEN,Tory James,No,DB,DB,23,0,1,158,0,0,0,0,0,0,0,0,0,0,0,361,39,1,LSU,CO
1996James Manley,ManlJa21,1996,2,45,MIN,James Manley,No,DT,DT,22,0,0,0,0,0,0,0,0,0,0,0,0,0,0,0,0,0,Vanderbilt,MN
1996Israel Ifeanyi,IfeaIs20,1996,2,46,SFO,Israel Ifeanyi,No,DE,DE,25,0,0,3,0,0,0,0,0,0,0,0,0,0,0,0,0,0,USC,CA
1996Fred Thomas,ThomFr20,1996,2,47,SEA,Fred Thomas,No,DB,DB,23,0,0,156,0,0,0,0,0,0,0,0,0,0,0,437,13,5,Tenn-Martin,WA
1996Jason Layman,LaymJa20,1996,2,48,HOU,Jason Layman,No,G,G,23,0,0,61,0,0,0,0,0,0,0,0,0,0,0,0,0,0,Tennessee,TX
1996Randall Godfrey,GodfRa20,1996,2,49,DAL,Randall Godfrey,No,LB,LB,23,0,0,170,0,0,0,0,0,0,0,0,0,0,0,653,6,17,Georgia,TX
1996Patrick Sapp,SappPa20,1996,2,50,SDG,Patrick Sapp,No,LB,LB,23,0,0,63,0,0,0,0,0,0,0,0,0,0,0,57,0,2,Clemson,CA
1996Dedric Mathis,MathDe20,1996,2,51,IND,Dedric Mathis,No,DB,DB,23,0,0,29,0,0,0,0,0,0,0,0,0,0,0,70,1,0,Houston,IN
1996Bobby Engram,EngrBo00,1996,2,52,CHI,Bobby Engram,No,WR,WR,23,0,0,176,0,0,0,0,0,5,19,0,650,7751,35,16,0,0,Penn St.,IL
1996Gabe Northern,NortGa20,1996,2,53,BUF,Gabe Northern,No,LB,LB,22,0,0,73,0,0,0,0,0,0,0,0,0,0,0,88,1,10.5,LSU,NY
1996Jason Dunn,DunnJa00,1996,2,54,PHI,Jason Dunn,No,TE,TE,22,0,0,160,0,0,0,0,0,1,-5,0,81,910,11,2,0,0,East. Kentucky,PA
1996DeRon Jenkins,JenkDe20,1996,2,55,BAL,DeRon Jenkins,No,DB,DB,22,0,0,93,0,0,0,0,0,0,0,0,0,0,0,264,3,1,Tennessee,MD
1996Derrick Mayes,MayeDe00,1996,2,56,GNB,Derrick Mayes,No,WR,WR,22,0,0,58,0,0,0,0,0,0,0,0,145,1823,16,0,0,0,Notre Dame,WI
1996Lance Johnstone,JohnLa23,1996,2,57,OAK,Lance Johnstone,No,DE,DE,23,0,0,166,0,0,0,0,0,0,0,0,0,0,0,303,2,72,Temple,CA
1996Reggie Tongue,TongRe20,1996,2,58,KAN,Reggie Tongue,No,DB,DB,23,0,0,145,0,0,0,0,0,0,0,0,0,0,0,500,15,9.5,Oregon St.,MO
1996Ernie Conwell,ConwEr00,1996,2,59,STL,Ernie Conwell,No,TE,TE,24,0,0,125,0,0,0,0,0,15,81,2,203,2188,15,13,0,0,Washington,MO
1996Michael Cheever,CheeMi20,1996,2,60,JAX,Michael Cheever,No,C,C,23,0,0,17,0,0,0,0,0,0,0,0,0,0,0,0,0,0,Georgia Tech,FL
1996Brian Dawkins,DawkBr00,1996,2,61,PHI,Brian Dawkins,No,DB,DB,22,4,9,224,0,0,0,0,0,0,0,0,1,57,1,895,37,26,Clemson,PA
1996Ray Mickens,MickRa20,1996,3,62,NYJ,Ray Mickens,No,DB,DB,23,0,0,146,0,0,0,0,0,0,0,0,0,0,0,315,11,6,Texas A&M,NY
1996Aaron Beasley,BeasAa20,1996,3,63,JAX,Aaron Beasley,No,DB,DB,23,0,0,121,0,0,0,0,0,0,0,0,0,0,0,365,24,8.5,West Virginia,FL
1996Johnny McWilliams,McWiJo00,1996,3,64,ARI,Johnny McWilliams,No,TE,TE,23,0,0,74,0,0,0,0,0,0,0,0,73,690,9,0,0,0,USC,AZ
1996Detron Smith,SmitDe00,1996,3,65,DEN,Detron Smith,No,RB,RB,22,0,1,113,0,0,0,0,0,5,17,0,13,103,2,15,0,0,Texas A&M,CO
1996Roman Oben,ObenRo20,1996,3,66,NYG,Roman Oben,No,T,T,23,0,0,143,0,0,0,0,0,0,0,0,0,0,0,0,0,0,Louisville,NY
1996Clay Shiver,ShivCl20,1996,3,67,DAL,Clay Shiver,No,C,C,23,0,0,44,0,0,0,0,0,0,0,0,0,0,0,0,0,0,Florida St.,TX
1996John Browning,BrowJo24,1996,3,68,KAN,John Browning,No,DT,DT,23,0,0,121,0,0,0,0,0,0,0,0,0,0,0,250,1,27.5,West Virginia,MO
1996Ken Blackman,BlacKe20,1996,3,69,CIN,Ken Blackman,No,G,G,23,0,0,35,0,0,0,0,0,0,0,0,0,0,0,0,0,0,Illinois,OH
1996Brady Smith,SmitBr21,1996,3,70,NOR,Brady Smith,No,DE,DE,23,0,0,143,0,0,0,0,0,0,0,0,0,0,0,209,1,45,Colorado St.,LA
1996Donnie Abraham,AbraDo00,1996,3,71,TAM,Donnie Abraham,No,DB,DB,22,0,1,132,0,0,0,0,0,0,0,0,0,0,0,361,38,2,East Tennessee St.,FL
1996Steve Conley,ConlSt20,1996,3,72,PIT,Steve Conley,No,LB,LB,24,0,0,21,0,0,0,0,0,0,0,0,0,0,0,6,1,4,Arkansas,PA
1996Winslow Oliver,OlivWi00,1996,3,73,CAR,Winslow Oliver,No,RB,RB,23,0,0,64,0,0,0,0,0,56,215,0,29,265,0,0,0,0,New Mexico,NC
1996Terry Killens,KillTe20,1996,3,74,HOU,Terry Killens,No,LB,LB,22,0,0,98,0,0,0,0,0,0,0,0,0,0,0,50,0,1,Penn St.,TX
1996Moe Williams,WillMo00,1996,3,75,MIN,Moe Williams,No,RB,RB,22,0,0,132,0,0,0,0,0,435,1826,21,154,1511,4,26,0,0,Kentucky,MN
1996Ryan Stewart,StewRy20,1996,3,76,DET,Ryan Stewart,No,DB,DB,23,0,0,41,0,0,0,0,0,0,0,0,0,0,0,22,1,1,Georgia Tech,MI
1996Robert Barr,0,1996,3,77,SEA,Robert Barr,No,T,T,0,0,0,0,0,0,0,0,0,0,0,0,0,0,0,0,0,0,Rutgers,WA
1996Mark Campbell,CampMa20,1996,3,78,DEN,Mark Campbell,No,DT,DT,24,0,0,5,0,0,0,0,0,0,0,0,0,0,0,4,0,0,Florida,CO
1996Dorian Brew,BrewDo20,1996,3,79,MIA,Dorian Brew,No,DB,DB,22,0,0,16,0,0,0,0,0,0,0,0,0,0,0,7,0,0,Kansas,FL
1996Karim Abdul-Jabbar,AbduKa00,1996,3,80,MIA,Karim Abdul-Jabbar,No,RB,RB,22,0,0,61,0,0,0,0,0,1004,3411,33,90,586,2,0,0,0,UCLA,FL
1996Brian Roche,RochBr00,1996,3,81,SDG,Brian Roche,No,TE,TE,23,0,0,22,0,0,0,0,0,0,0,0,13,111,0,0,0,0,San Jose St.,CA
1996Scott Slutzker,SlutSc00,1996,3,82,IND,Scott Slutzker,No,TE,TE,23,0,0,41,0,0,0,0,0,0,0,0,15,196,1,0,0,0,Iowa,IN
1996Jerald Moore,MoorJe00,1996,3,83,STL,Jerald Moore,No,RB,RB,21,0,0,42,0,0,0,0,0,207,705,6,20,142,0,0,0,0,Oklahoma,MO
1996Shannon Brown,0,1996,3,84,ATL,Shannon Brown,No,DT,DT,0,0,0,0,0,0,0,0,0,0,0,0,0,0,0,0,0,0,Alabama,GA
1996Bobby Hoying,HoyiBo00,1996,3,85,PHI,Bobby Hoying,No,QB,QB,24,0,0,22,244,456,2544,11,15,42,156,0,0,0,0,0,0,0,Ohio St.,PA
1996Tedy Bruschi,BrusTe99,1996,3,86,NWE,Tedy Bruschi,No,LB,LB,23,0,1,189,0,0,0,0,0,0,0,0,0,0,0,675,12,30.5,Arizona,MA
1996Matt Stevens,StevMa22,1996,3,87,BUF,Matt Stevens,No,DB,DB,23,0,0,108,0,0,0,0,0,0,0,0,0,0,0,214,13,1,Appalachian St.,NY
1996J.C. Price,0,1996,3,88,CAR,J.C. Price,No,DT,DT,0,0,0,0,0,0,0,0,0,0,0,0,0,0,0,0,0,0,Virginia Tech,NC
1996Terrell Owens,OwenTe00,1996,3,89,SFO,Terrell Owens,No,WR,WR,22,5,6,219,0,0,0,0,0,39,251,3,1078,15934,153,23,0,0,Tenn-Chattanooga,CA
1996Mike Flanagan,FlanMi00,1996,3,90,GNB,Mike Flanagan,No,C,C,22,0,1,121,0,0,0,0,0,0,0,0,0,0,0,0,0,0,UCLA,WI
1996Reggie Brown,BrowRe00,1996,3,91,SEA,Reggie Brown,No,RB,RB,23,0,0,61,0,0,0,0,0,18,46,0,36,237,1,0,0,0,Fresno St.,WA
1996Jon Witman,WitmJo00,1996,3,92,PIT,Jon Witman,No,RB,RB,24,0,0,85,0,0,0,0,0,37,129,0,39,263,0,2,0,0,Penn St.,PA
1996Tyrone Williams,WillTy20,1996,3,93,GNB,Tyrone Williams,No,DB,DB,23,0,0,120,0,0,0,0,0,0,0,0,0,0,0,394,19,2,Nebraska,WI
1996Stepfret Williams,WillSt00,1996,3,94,DAL,Stepfret Williams,No,WR,WR,23,0,0,26,0,0,0,0,0,0,0,0,37,421,2,0,0,0,La-Monroe,TX
1996Mike Ulufale,UlufMi20,1996,3,95,DAL,Mike Ulufale,No,DT,DT,24,0,0,3,0,0,0,0,0,0,0,0,0,0,0,2,0,0,BYU,TX
1996Jason Odom,OdomJa20,1996,4,96,TAM,Jason Odom,No,T,T,22,0,0,46,0,0,0,0,0,0,0,0,0,0,0,0,0,0,Florida,FL
1996Hunter Goodwin,GoodHu00,1996,4,97,MIN,Hunter Goodwin,No,TE,TE,23,0,0,119,0,0,0,0,0,0,0,0,37,265,2,0,0,0,Texas A&M,MN
1996Donnie Edwards,EdwaDo20,1996,4,98,KAN,Donnie Edwards,No,LB,LB,23,0,1,197,0,0,0,0,0,0,0,0,0,0,0,1123,28,23.5,UCLA,MO
1996Phillip Daniels,DaniPh20,1996,4,99,SEA,Phillip Daniels,No,DE,DE,23,0,0,201,0,0,0,0,0,0,0,0,0,0,0,391,1,62,Georgia,WA
1996Jeff Lewis,LewiJe01,1996,4,100,DEN,Jeff Lewis,No,QB,QB,23,0,0,12,28,54,210,0,2,21,78,0,0,0,0,0,0,0,Northern Arizona,CO
1996Heath Irwin,IrwiHe20,1996,4,101,NWE,Heath Irwin,No,G,G,23,0,0,87,0,0,0,0,0,0,0,0,0,0,0,0,0,0,Colorado,MA
1996Stephen Davis,DaviSt00,1996,4,102,WAS,Stephen Davis,No,RB,RB,22,0,3,143,0,0,0,0,0,1945,8052,65,179,1494,4,7,0,0,Auburn,DC
1996Ricky Whittle,WhitRi00,1996,4,103,NOR,Ricky Whittle,No,RB,RB,24,0,0,10,0,0,0,0,0,20,52,0,26,162,0,0,0,0,Oregon,LA
1996Eric Austin,AustEr20,1996,4,104,TAM,Eric Austin,No,DB,DB,23,0,0,2,0,0,0,0,0,0,0,0,0,0,0,0,0,0,Jackson St.,FL
1996Percell Gaskins,GaskPe20,1996,4,105,STL,Percell Gaskins,No,LB,LB,24,0,0,27,0,0,0,0,0,0,0,0,0,0,0,24,0,0,Kansas St.,MO
1996Norbert Davidds-Garrido,DaviNo20,1996,4,106,CAR,Norbert Davidds-Garrido,No,T,T,23,0,0,68,0,0,0,0,0,0,0,0,0,0,0,0,0,0,USC,NC
1996Kendrick Burton,BurtKe20,1996,4,107,HOU,Kendrick Burton,No,DE,DE,23,0,0,4,0,0,0,0,0,0,0,0,0,0,0,1,0,0,Alabama,TX
1996Jevon Langford,LangJe20,1996,4,108,CIN,Jevon Langford,No,DE,DE,22,0,0,66,0,0,0,0,0,0,0,0,0,0,0,86,1,3.5,Oklahoma St.,OH
1996Jon Runyan,RunyJo20,1996,4,109,HOU,Jon Runyan,No,T,T,22,0,1,207,0,0,0,0,0,0,0,0,0,0,0,3,0,0,Michigan,TX
1996Reggie Barlow,BarlRe00,1996,4,110,JAX,Reggie Barlow,No,WR,WR,23,0,0,82,0,0,0,0,0,0,0,0,39,522,1,1,0,0,Alabama St.,FL
1996Emmanuel McDaniel,McDaEm20,1996,4,111,CAR,Emmanuel McDaniel,No,DB,DB,24,0,0,75,0,0,0,0,0,0,0,0,0,0,0,133,8,1,East Carolina,NC
1996Aaron Graham,GrahAa20,1996,4,112,ARI,Aaron Graham,No,C,C,23,0,0,92,0,0,0,0,0,0,0,0,0,0,0,0,0,0,Nebraska,AZ
1996Kirk Pointer,0,1996,4,113,MIA,Kirk Pointer,No,DB,DB,0,0,0,0,0,0,0,0,0,0,0,0,0,0,0,0,0,0,Austin Peay St.,FL
1996Charlie Jones,JoneCh00,1996,4,114,SDG,Charlie Jones,No,WR,WR,23,0,0,54,0,0,0,0,0,9,73,0,129,1736,9,0,0,0,Fresno St.,CA
1996Brian Milne,MilnBr00,1996,4,115,IND,Brian Milne,No,RB,RB,23,0,0,63,0,0,0,0,0,36,126,4,57,324,1,0,0,0,Penn St.,IN
1996Paul Grasmanis,GrasPa20,1996,4,116,CHI,Paul Grasmanis,No,DT,DT,22,0,0,104,0,0,0,0,0,0,0,0,0,0,0,116,0,12,Notre Dame,IL
1996Richard Huntley,HuntRi00,1996,4,117,ATL,Richard Huntley,No,RB,RB,24,0,0,63,0,1,0,0,0,364,1701,11,62,477,4,0,0,0,Winston-Salem St.,GA
1996Stanley Pritchett,PritSt00,1996,4,118,MIA,Stanley Pritchett,No,FB,FB,22,0,0,120,0,0,0,0,0,149,549,5,162,1244,8,1,0,0,South Carolina,FL
1996Chris Sullivan,SullCh20,1996,4,119,NWE,Chris Sullivan,No,DE,DE,23,0,0,78,0,0,0,0,0,0,0,0,0,0,0,62,0,3,Boston Col.,MA
1996Sean Moran,MoraSe20,1996,4,120,BUF,Sean Moran,No,LB,LB,23,0,0,120,0,0,0,0,0,0,0,0,0,0,0,83,2,10.5,Colorado St.,NY
1996Ray Farmer,FarmRa20,1996,4,121,PHI,Ray Farmer,No,LB,LB,22,0,0,32,0,0,0,0,0,0,0,0,0,0,0,50,1,2,Duke,PA
1996Darrius Johnson,JohnDa23,1996,4,122,DEN,Darrius Johnson,No,DB,DB,23,0,0,63,0,0,0,0,0,0,0,0,0,0,0,1,2,1,Oklahoma,CO
1996Chris Darkins,DarkCh00,1996,4,123,GNB,Chris Darkins,No,DB,DB,22,0,0,14,0,0,0,0,0,0,0,0,0,0,0,0,0,0,Minnesota,WI
1996Kantroy Barber,BarbKa20,1996,4,124,NWE,Kantroy Barber,No,RB,RB,22,0,0,2,0,0,0,0,0,0,0,0,0,0,0,0,0,0,West Virginia,MA
1996LaCurtis Jones,JoneLa20,1996,4,125,MIA,LaCurtis Jones,No,LB,LB,24,0,0,10,0,0,0,0,0,0,0,0,0,0,0,0,0,0,Baylor,FL
1996Earl Holmes,HolmEa20,1996,4,126,PIT,Earl Holmes,No,LB,LB,23,0,0,140,0,0,0,0,0,0,0,0,0,0,0,680,1,11.5,Florida A&M,PA
1996Juran Bolden,BoldJu20,1996,4,127,ATL,Juran Bolden,No,DB,DB,22,0,0,109,0,0,0,0,0,0,0,0,0,0,0,154,10,1,Mississippi Delta CC,GA
1996Daryl Price,PricDa20,1996,4,128,SFO,Daryl Price,No,DE,DE,23,0,0,19,0,0,0,0,0,0,0,0,0,0,0,2,0,0,Colorado,CA
1996Brad Ford,FordBr20,1996,4,129,DET,Brad Ford,No,DB,DB,22,0,0,14,0,0,0,0,0,0,0,0,0,0,0,5,0,0,Alabama,MI
1996Danny Kanell,KaneDa00,1996,4,130,NYG,Danny Kanell,No,QB,QB,22,0,0,43,491,956,5129,31,34,44,49,0,0,0,0,0,0,0,Florida St.,NY
1996Eric Unverzagt,UnveEr20,1996,4,131,SEA,Eric Unverzagt,No,LB,LB,23,0,0,9,0,0,0,0,0,0,0,0,0,0,0,0,0,0,Wisconsin,WA
1996Jahine Arnold,ArnoJa00,1996,4,132,PIT,Jahine Arnold,No,WR,WR,23,0,0,13,0,0,0,0,0,1,-3,0,6,76,0,0,0,0,Fresno St.,PA
1996Marcus Coleman,ColeMa20,1996,5,133,NYJ,Marcus Coleman,No,DB,DB,22,0,0,152,0,0,0,0,0,0,0,0,2,51,1,407,25,0,Texas Tech,NY
1996Jerris McPhail,McPhJe00,1996,5,134,MIA,Jerris McPhail,No,RB,RB,24,0,0,26,0,0,0,0,0,23,174,1,54,544,1,0,0,0,East Carolina,FL
1996Joe Horn,HornJo00,1996,5,135,KAN,Joe Horn,No,WR,WR,24,0,4,163,1,3,14,0,0,14,54,0,603,8744,58,13,0,0,Itawamba JC,MO
1996Mercury Hayes,HayeMe21,1996,5,136,NOR,Mercury Hayes,No,WR,WR,23,0,0,13,0,0,0,0,0,2,7,0,4,101,0,0,0,0,Michigan,LA
1996James Dexter,DextJa20,1996,5,137,ARI,James Dexter,No,T,T,23,0,0,49,0,0,0,0,0,0,0,0,0,0,0,0,0,0,South Carolina,AZ
1996Leomont Evans,EvanLe20,1996,5,138,WAS,Leomont Evans,No,DB,DB,22,0,0,59,0,0,0,0,0,0,0,0,0,0,0,122,3,1,Clemson,DC
1996John Elmore,0,1996,5,139,NWE,John Elmore,No,G,G,0,0,0,0,0,0,0,0,0,0,0,0,0,0,0,0,0,0,Texas,MA
1996Jason Maniecki,ManiJa20,1996,5,140,TAM,Jason Maniecki,No,DT,DT,24,0,0,18,0,0,0,0,0,0,0,0,0,0,0,4,0,1,Wisconsin,FL
1996Fred Miller,MillFr21,1996,5,141,STL,Fred Miller,No,T,T,23,0,0,192,0,0,0,0,0,0,0,0,0,0,0,0,0,0,Baylor,MO
1996Marquette Smith,0,1996,5,142,CAR,Marquette Smith,No,RB,RB,0,0,0,0,0,0,0,0,0,0,0,0,0,0,0,0,0,0,Central Florida,NC
1996Rayna Stewart,StewRa21,1996,5,143,HOU,Rayna Stewart,No,DB,DB,23,0,0,71,0,0,0,0,0,0,0,0,0,0,0,59,2,0.5,Northern Arizona,TX
1996Greg Myers,MyerGr20,1996,5,144,CIN,Greg Myers,No,DB,DB,24,0,0,64,0,0,0,0,0,0,0,0,0,0,0,184,4,0,Colorado St.,OH
1996Tom Ackerman,AckeTo20,1996,5,145,NOR,Tom Ackerman,No,G,G,24,0,0,105,0,0,0,0,0,0,0,0,0,0,0,0,0,0,East. Washington,LA
1996Jimmy Herndon,HernJi20,1996,5,146,JAX,Jimmy Herndon,No,T,T,23,0,0,54,0,0,0,0,0,0,0,0,0,0,0,0,0,0,Houston,FL
1996Whit Marshall,MarsWh20,1996,5,147,PHI,Whit Marshall,No,LB,LB,23,0,0,16,0,0,0,0,0,0,0,0,0,0,0,0,0,0,Georgia,PA
1996Sean Boyd,BoydSe20,1996,5,148,MIN,Sean Boyd,No,DB,DB,23,0,0,2,0,0,0,0,0,0,0,0,0,0,0,2,0,0,North Carolina,MN
1996Christian Peter,PeteCh20,1996,5,149,NWE,Christian Peter,No,DT,DT,23,0,0,81,0,0,0,0,0,0,0,0,0,0,0,84,0,3.5,Nebraska,MA
1996Shane Burton,BurtSh20,1996,5,150,MIA,Shane Burton,No,DE,DE,22,0,0,125,0,0,0,0,0,0,0,0,0,0,0,146,3,18,Tennessee,FL
1996Steve Martin,MartSt21,1996,5,151,IND,Steve Martin,No,DT,DT,22,0,0,127,0,0,0,0,0,0,0,0,0,0,0,199,0,8,Missouri,IN
1996Chris Villarrial,VillCh20,1996,5,152,CHI,Chris Villarrial,No,G,G,23,0,0,155,0,0,0,0,0,0,0,0,0,0,0,0,0,0,Indiana (PA),IL
1996Jermaine Lewis,LewiJe00,1996,5,153,BAL,Jermaine Lewis,No,WR,WR,21,1,2,111,1,1,3,0,0,30,148,0,143,2129,17,1,0,0,Maryland,MD
1996Zach Thomas,ThomZa01,1996,5,154,MIA,Zach Thomas,No,LB,LB,23,5,7,184,0,0,0,0,0,0,0,0,0,0,0,1100,17,20.5,Texas Tech,FL
1996Junior Soli,0,1996,5,155,SDG,Junior Soli,No,DT,DT,0,0,0,0,0,0,0,0,0,0,0,0,0,0,0,0,0,0,Arkansas,CA
1996Raymond Jackson,JackRa22,1996,5,156,BUF,Raymond Jackson,No,DB,DB,23,0,0,73,0,0,0,0,0,0,0,0,0,0,0,37,6,0,Colorado St.,NY
1996Kenneth McDaniel,0,1996,5,157,DAL,Kenneth McDaniel,No,T,T,0,0,0,0,0,0,0,0,0,0,0,0,0,0,0,0,0,0,Norfolk St.,TX
1996Kerwin Waldroup,WaldKe20,1996,5,158,DET,Kerwin Waldroup,No,DE,DE,22,0,0,40,0,0,0,0,0,0,0,0,0,0,0,69,0,5,Michigan,MI
1996Patrick Jeffers,JeffPa00,1996,5,159,DEN,Patrick Jeffers,No,WR,WR,23,0,0,46,0,0,0,0,0,2,16,0,98,1563,14,1,0,0,Virginia,CO
1996Iheanyi Uwaezuoke,UwaeIh00,1996,5,160,SFO,Iheanyi Uwaezuoke,No,WR,WR,23,0,0,60,0,0,0,0,0,0,0,0,29,374,1,0,0,0,California,CA
1996Harry Stamps,0,1996,5,161,ARI,Harry Stamps,No,T,T,0,0,0,0,0,0,0,0,0,0,0,0,0,0,0,0,0,0,Oklahoma,AZ
1996Dell McGee,McGeDe20,1996,5,162,ARI,Dell McGee,No,DB,DB,23,0,0,3,0,0,0,0,0,0,0,0,0,0,0,1,0,0,Auburn,AZ
1996Israel Raybon,RaybIs20,1996,5,163,PIT,Israel Raybon,No,DE,DE,23,0,0,12,0,0,0,0,0,0,0,0,0,0,0,6,0,1.5,North Alabama,PA
1996Gary Bandy,0,1996,5,164,ATL,Gary Bandy,No,DE,DE,0,0,0,0,0,0,0,0,0,0,0,0,0,0,0,0,0,0,Baylor,GA
1996Terry Guess,GuesTe00,1996,5,165,NOR,Terry Guess,No,WR,WR,22,0,0,3,0,0,0,0,0,2,-4,0,2,69,1,0,0,0,Gardner-Webb,LA
1996La'Roi Glover,GlovLa00,1996,5,166,OAK,La'Roi Glover,No,DT,DT,22,1,6,193,0,0,0,0,0,0,0,0,0,0,0,432,2,83.5,San Diego St.,CA
1996Alan Campos,CampAl21,1996,5,167,DAL,Alan Campos,No,LB,LB,23,0,0,15,0,0,0,0,0,0,0,0,0,0,0,1,0,0,Louisville,TX
1996Hugh Hunter,0,1996,6,168,NYJ,Hugh Hunter,No,DE,DE,0,0,0,0,0,0,0,0,0,0,0,0,0,0,0,0,0,0,Hampton,NY
1996Mike Foley,0,1996,6,169,ARI,Mike Foley,No,DT,DT,0,0,0,0,0,0,0,0,0,0,0,0,0,0,0,0,0,0,New Hampshire,AZ
1996John Fisher,0,1996,6,170,JAX,John Fisher,No,DB,DB,0,0,0,0,0,0,0,0,0,0,0,0,0,0,0,0,0,0,Missouri West.,FL
1996Doug Colman,ColmDo20,1996,6,171,NYG,Doug Colman,No,LB,LB,23,0,0,64,0,0,0,0,0,0,0,0,0,0,0,25,0,0,Nebraska,NY
1996Dexter Daniels,DaniDe20,1996,6,172,BAL,Dexter Daniels,No,LB,LB,22,0,0,4,0,0,0,0,0,0,0,0,0,0,0,0,0,0,Florida,MD
1996Chris Griffin,0,1996,6,173,NWE,Chris Griffin,No,TE,TE,0,0,0,0,0,0,0,0,0,0,0,0,0,0,0,0,0,0,New Mexico,MA
1996Kelvin Kinney,KinnKe20,1996,6,174,WAS,Kelvin Kinney,No,DE,DE,23,0,0,18,0,0,0,0,0,0,0,0,0,0,0,25,0,1,Virginia St.,DC
1996Derrick Harris,HarrDe00,1996,6,175,STL,Derrick Harris,No,RB,RB,24,0,0,44,0,0,0,0,0,17,43,0,17,81,2,11,0,0,Miami (FL),MO
1996Dietrich Jells,JellDi00,1996,6,176,KAN,Dietrich Jells,No,WR,WR,24,0,0,41,0,0,0,0,0,2,9,0,14,247,2,0,0,0,Pittsburgh,MO
1996Anthony Dorsett,DorsAn20,1996,6,177,HOU,Anthony Dorsett,No,DB,DB,23,0,0,118,0,0,0,0,0,0,0,0,0,0,0,200,3,2,Pittsburgh,TX
1996Tom Tumulty,TumuTo20,1996,6,178,CIN,Tom Tumulty,No,LB,LB,23,0,0,31,0,0,0,0,0,0,0,0,0,0,0,74,0,1.5,Pittsburgh,OH
1996Keno Hills,HillKe21,1996,6,179,NOR,Keno Hills,No,G,G,23,0,0,22,0,0,0,0,0,0,0,0,0,0,0,0,0,0,La-Lafayette,LA
1996Nilo Silvan,SilvNi20,1996,6,180,TAM,Nilo Silvan,No,WR,WR,22,0,0,7,0,0,0,0,0,0,0,0,0,0,0,0,0,0,Tennessee,FL
1996Tony Veland,VelaTo20,1996,6,181,DEN,Tony Veland,No,DB,DB,23,0,0,27,0,0,0,0,0,0,0,0,0,0,0,20,1,0,Nebraska,CO
1996Scott Galyon,GalySc20,1996,6,182,NYG,Scott Galyon,No,LB,LB,22,0,0,95,0,0,0,0,0,0,0,0,0,0,0,90,1,6,Tennessee,NY
1996Tim Hall,HallTi20,1996,6,183,OAK,Tim Hall,No,RB,RB,22,0,0,18,0,0,0,0,0,26,127,0,1,9,0,0,0,0,Robert Morris,CA
1996Reggie Green,0,1996,6,184,SEA,Reggie Green,No,G,G,0,0,0,0,0,0,0,0,0,0,0,0,0,0,0,0,0,0,Florida,WA
1996Chris Doering,DoerCh00,1996,6,185,JAX,Chris Doering,No,WR,WR,23,0,0,40,0,1,0,0,0,0,0,0,42,476,3,4,0,0,Florida,FL
1996James Roe,RoexJa00,1996,6,186,BAL,James Roe,No,WR,WR,23,0,0,23,0,0,0,0,0,0,0,0,15,239,1,0,0,0,Norfolk St.,MD
1996Jon Clark,ClarJo20,1996,6,187,CHI,Jon Clark,No,T,T,23,0,0,10,0,0,0,0,0,0,0,0,0,0,0,0,0,0,Temple,IL
1996Craig Sauer,SaueCr20,1996,6,188,ATL,Craig Sauer,No,LB,LB,23,0,0,73,0,0,0,0,0,0,0,0,0,0,0,63,1,1,Minnesota,GA
1996Shawn Wooden,WoodSh20,1996,6,189,MIA,Shawn Wooden,No,DB,DB,22,0,0,104,0,0,0,0,0,0,0,0,0,0,0,209,5,0,Notre Dame,FL
1996Jim Mills,MillJi24,1996,6,190,SDG,Jim Mills,No,G,G,23,0,0,2,0,0,0,0,0,0,0,0,0,0,0,0,0,0,Idaho,CA
1996Keith Conlin,0,1996,6,191,IND,Keith Conlin,No,T,T,0,0,0,0,0,0,0,0,0,0,0,0,0,0,0,0,0,0,Penn St.,IN
1996Bryan Stoltenberg,StolBr20,1996,6,192,SDG,Bryan Stoltenberg,No,C,C,24,0,0,50,0,0,0,0,0,0,0,0,0,0,0,0,0,0,Colorado,CA
1996Scott Greene,GreeSc00,1996,6,193,CAR,Scott Greene,No,RB,RB,24,0,0,34,0,0,0,0,0,45,157,1,44,290,2,0,0,0,Michigan St.,NC
1996Steve White,WhitSt21,1996,6,194,PHI,Steve White,No,DE,DE,22,0,0,94,0,0,0,0,0,0,0,0,0,0,0,72,0,11.5,Tennessee,PA
1996Marrio Grier,GrieMa00,1996,6,195,NWE,Marrio Grier,No,RB,RB,24,0,0,32,0,1,0,0,0,60,180,2,1,8,0,0,0,0,Tenn-Chattanooga,MA
1996Leon Neal,NealLe20,1996,6,196,BUF,Leon Neal,No,RB,RB,24,0,0,1,0,0,0,0,0,0,0,0,0,0,0,0,0,0,Washington,NY
1996Tony Johnson,JohnTo00,1996,6,197,PHI,Tony Johnson,No,TE,TE,24,0,0,27,0,0,0,0,0,0,0,0,9,97,1,0,0,0,Alabama,PA
1996Stephen Pitts,0,1996,6,198,SFO,Stephen Pitts,No,RB,RB,0,0,0,0,0,0,0,0,0,0,0,0,0,0,0,0,0,0,Penn St.,CA
1996Phillip Riley,RilePh20,1996,6,199,PHI,Phillip Riley,No,WR,WR,24,0,0,1,0,0,0,0,0,0,0,0,0,0,0,0,0,0,Florida St.,PA
1996Orpheus Roye,RoyeOr20,1996,6,200,PIT,Orpheus Roye,No,DT,DT,23,0,0,180,0,0,0,0,0,0,0,0,0,0,0,361,2,18.5,Florida St.,PA
1996Hayward Clay,ClayHa00,1996,6,201,STL,Hayward Clay,No,TE,TE,23,0,0,14,0,0,0,0,0,0,0,0,5,78,0,0,0,0,Texas A&M,MO
1996Dusty Zeigler,ZeigDu20,1996,6,202,BUF,Dusty Zeigler,No,C,C,23,0,0,80,0,0,0,0,0,0,0,0,0,0,0,0,0,0,Notre Dame,NY
1996Spence Fischer,0,1996,6,203,PIT,Spence Fischer,No,QB,QB,0,0,0,0,0,0,0,0,0,0,0,0,0,0,0,0,0,0,Duke,PA
1996Toderick Malone,0,1996,6,204,NOR,Toderick Malone,No,WR,WR,0,0,0,0,0,0,0,0,0,0,0,0,0,0,0,0,0,0,Alabama,LA
1996Mike Cawley,0,1996,6,205,IND,Mike Cawley,No,QB,QB,0,0,0,0,0,0,0,0,0,0,0,0,0,0,0,0,0,0,James Madison,IN
1996Devin Wyman,WymaDe20,1996,6,206,NWE,Devin Wyman,No,DT,DT,23,0,0,15,0,0,0,0,0,0,0,0,0,0,0,12,0,1,Kentucky St.,MA
1996Wendell Davis,DaviWe20,1996,6,207,DAL,Wendell Davis,No,DB,DB,23,0,0,34,0,0,0,0,0,0,0,0,0,0,0,9,0,0,Oklahoma,TX
1996Marco Rivera,RiveMa01,1996,6,208,GNB,Marco Rivera,No,G,G,24,0,3,155,0,0,0,0,0,0,0,0,0,0,0,0,0,0,Penn St.,WI
1996T.J. Cunningham,CunnT.20,1996,6,209,SEA,T.J. Cunningham,No,DB,DB,23,0,0,9,0,0,0,0,0,0,0,0,0,0,0,0,0,0,Colorado,WA
1996Chris Hayes,HayeCh20,1996,7,210,NYJ,Chris Hayes,No,DB,DB,24,0,0,84,0,0,0,0,0,0,0,0,0,0,0,35,1,0,Washington St.,NY
1996Ben Lynch,LyncBe20,1996,7,211,KAN,Ben Lynch,No,C,C,23,0,0,52,0,0,0,0,0,0,0,0,0,0,0,0,0,0,California,MO
1996Jarius Hayes,HayeJa00,1996,7,212,ARI,Jarius Hayes,No,TE,TE,23,0,0,20,0,0,0,0,0,0,0,0,0,0,0,0,0,0,North Alabama,AZ
1996Leslie Ratliffe,0,1996,7,213,DEN,Leslie Ratliffe,No,T,T,0,0,0,0,0,0,0,0,0,0,0,0,0,0,0,0,0,0,Tennessee,CO
1996Conrad Hamilton,HamiCo20,1996,7,214,NYG,Conrad Hamilton,No,DB,DB,21,0,0,54,0,0,0,0,0,0,0,0,0,0,0,19,3,1,East. New Mexico,NY
1996Jeremy Asher,0,1996,7,215,WAS,Jeremy Asher,No,LB,LB,0,0,0,0,0,0,0,0,0,0,0,0,0,0,0,0,0,0,Oregon,DC
1996Lovett Purnell,PurnLo00,1996,7,216,NWE,Lovett Purnell,No,TE,TE,24,0,0,36,0,0,0,0,0,0,0,0,19,159,5,0,0,0,West Virginia,MA
1996Donnell Baker,0,1996,7,217,CAR,Donnell Baker,No,WR,WR,0,0,0,0,0,0,0,0,0,0,0,0,0,0,0,0,0,0,Southern,NC
1996Mike Archie,ArchMi00,1996,7,218,HOU,Mike Archie,No,RB,RB,23,0,0,23,1,2,18,1,0,6,24,1,5,25,0,0,0,0,Penn St.,TX
1996Rod Jones,JoneRo23,1996,7,219,CIN,Rod Jones,No,T,T,22,0,0,61,0,0,0,0,0,0,0,0,0,0,0,0,0,0,Kansas,OH
1996Sedric Clark,ClarSe20,1996,7,220,OAK,Sedric Clark,No,LB,LB,23,0,0,6,0,0,0,0,0,0,0,0,0,0,0,1,0,0,Tulsa,CA
1996Reggie Rusk,RuskRe20,1996,7,221,TAM,Reggie Rusk,No,DB,DB,23,0,0,23,0,0,0,0,0,0,0,0,0,0,0,16,0,1,Kentucky,FL
1996Chuck Osborne,OsboCh20,1996,7,222,STL,Chuck Osborne,No,DT,DT,22,0,0,37,0,0,0,0,0,0,0,0,0,0,0,22,0,2,Arizona,MO
1996Jon Merrill,0,1996,7,223,MIN,Jon Merrill,No,G,G,0,0,0,0,0,0,0,0,0,0,0,0,0,0,0,0,0,0,Duke,MN
1996Darius Smith,0,1996,7,224,OAK,Darius Smith,No,C,C,0,0,0,0,0,0,0,0,0,0,0,0,0,0,0,0,0,0,Sam Houston St.,CA
1996Johnie Church,0,1996,7,225,SEA,Johnie Church,No,DE,DE,0,0,0,0,0,0,0,0,0,0,0,0,0,0,0,0,0,0,Florida,WA
1996Chris Banks,BankCh20,1996,7,226,DEN,Chris Banks,No,G,G,23,0,0,28,0,0,0,0,0,0,0,0,0,0,0,0,0,0,Kansas,CO
1996Clarence Jones,0,1996,7,227,JAX,Clarence Jones,No,WR,WR,0,0,0,0,0,0,0,0,0,0,0,0,0,0,0,0,0,0,Tennessee St.,FL
1996Gregory Spann,0,1996,7,228,JAX,Gregory Spann,No,WR,WR,0,0,0,0,0,0,0,0,0,0,0,0,0,0,0,0,0,0,Jackson St.,FL
1996Ethan Brooks,BrooEt20,1996,7,229,ATL,Ethan Brooks,No,T,T,24,0,0,76,0,0,0,0,0,0,0,0,0,0,0,0,0,0,Williams,GA
1996Jeff Buckey,BuckJe20,1996,7,230,MIA,Jeff Buckey,No,G,G,22,0,0,45,0,0,0,0,0,0,0,0,0,0,0,0,0,0,Stanford,FL
1996Freddie Bradley,BradFr00,1996,7,231,SDG,Freddie Bradley,No,RB,RB,26,0,0,10,0,0,0,0,0,32,109,0,1,20,0,0,0,0,Sonoma St.,CA
1996Adrian Robinson,0,1996,7,232,IND,Adrian Robinson,No,DB,DB,0,0,0,0,0,0,0,0,0,0,0,0,0,0,0,0,0,0,Baylor,IN
1996Marcus Keyes,KeyeMa20,1996,7,233,CHI,Marcus Keyes,No,DT,DT,22,0,0,2,0,0,0,0,0,0,0,0,0,0,0,3,0,0,North Alabama,IL
1996Kerry Hicks,HickKe20,1996,7,234,CAR,Kerry Hicks,No,DE,DE,23,0,0,2,0,0,0,0,0,0,0,0,0,0,0,2,0,0,Colorado,NC
1996L.T. Levine,0,1996,7,235,DEN,L.T. Levine,No,RB,RB,0,0,0,0,0,0,0,0,0,0,0,0,0,0,0,0,0,0,Kansas,CO
1996Brian Gragert,0,1996,7,236,DEN,Brian Gragert,No,P,P,0,0,0,0,0,0,0,0,0,0,0,0,0,0,0,0,0,0,Wyoming,CO
1996Dan Brandenburg,BranDa20,1996,7,237,BUF,Dan Brandenburg,No,LB,LB,23,0,0,42,0,0,0,0,0,0,0,0,0,0,0,13,0,0,Indiana St.,NY
1996Jon Stark,0,1996,7,238,BAL,Jon Stark,No,QB,QB,0,0,0,0,0,0,0,0,0,0,0,0,0,0,0,0,0,0,,MD
1996Sean Manuel,ManuSe20,1996,7,239,SFO,Sean Manuel,No,TE,TE,22,0,0,11,0,0,0,0,0,0,0,0,3,18,0,0,0,0,New Mexico St.,CA
1996Kyle Wachholtz,0,1996,7,240,GNB,Kyle Wachholtz,No,QB,QB,0,0,0,0,0,0,0,0,0,0,0,0,0,0,0,0,0,0,USC,WI
1996Jeff Smith,SmitJe21,1996,7,241,KAN,Jeff Smith,No,C,C,23,0,0,59,0,0,0,0,0,0,0,0,0,0,0,0,0,0,Tennessee,MO
1996Carlos Emmons,EmmoCa20,1996,7,242,PIT,Carlos Emmons,No,LB,LB,23,0,0,147,0,0,0,0,0,0,0,0,0,0,0,479,5,19,Arkansas St.,PA
1996Ryan Wood,0,1996,7,243,DAL,Ryan Wood,No,RB,RB,0,0,0,0,0,0,0,0,0,0,0,0,0,0,0,0,0,0,Arizona St.,TX
1996Jay Riemersma,RiemJa00,1996,7,244,BUF,Jay Riemersma,No,TE,TE,23,0,0,112,0,0,0,0,0,0,0,0,221,2524,23,4,0,0,Michigan,NY
1996Darrell Williams,0,1996,7,245,KAN,Darrell Williams,No,DB,DB,0,0,0,0,0,0,0,0,0,0,0,0,0,0,0,0,0,0,Tennessee St.,MO
1996Henry Lusk,LuskHe00,1996,7,246,NOR,Henry Lusk,No,TE,TE,24,0,0,19,0,0,0,0,0,1,7,0,27,210,0,0,0,0,Utah,LA
1996J.R. Conrad,ConrJ.20,1996,7,247,NWE,J.R. Conrad,No,G,G,22,0,0,12,0,0,0,0,0,0,0,0,0,0,0,0,0,0,Oklahoma,MA
1996Joey Wylie,0,1996,7,248,OAK,Joey Wylie,No,G,G,0,0,0,0,0,0,0,0,0,0,0,0,0,0,0,0,0,0,S.F. Austin,CA
1996Eric Smedley,SmedEr20,1996,7,249,BUF,Eric Smedley,No,DB,DB,23,0,0,42,0,0,0,0,0,0,0,0,0,0,0,25,0,2,Indiana,NY
1996DeAndre Maxwell,0,1996,7,250,WAS,DeAndre Maxwell,No,WR,WR,0,0,0,0,0,0,0,0,0,0,0,0,0,0,0,0,0,0,San Diego St.,DC
1996Brice Hunter,HuntBr00,1996,7,251,MIA,Brice Hunter,No,WR,WR,22,0,0,13,0,0,0,0,0,0,0,0,4,73,1,0,0,0,Georgia,FL
1996Keith McKenzie,McKeKe20,1996,7,252,GNB,Keith McKenzie,No,DE,DE,22,0,0,95,0,0,0,0,0,0,0,0,0,0,0,118,1,29.5,Ball St.,WI
1996Michael Hicks,HickMi20,1996,7,253,CHI,Michael Hicks,No,RB,RB,23,0,0,7,0,0,0,0,0,31,106,0,1,-1,0,0,0,0,South Carolina St.,IL
1996Sam Manuel,0,1996,7,254,SFO,Sam Manuel,No,LB,LB,0,0,0,0,0,0,0,0,0,0,0,0,0,0,0,0,0,0,New Mexico St.,CA
1995Ki-Jana Carter,CartKi00,1995,1,1,CIN,Ki-Jana Carter,No,RB,RB,22,0,0,59,0,1,0,0,0,319,1144,20,66,469,1,3,0,0,Penn St.,OH
1995Tony Boselli,BoseTo00,1995,1,2,JAX,Tony Boselli,No,T,T,23,3,5,91,0,0,0,0,0,0,0,0,0,0,0,0,0,0,USC,FL
1995Steve McNair,McNaSt00,1995,1,3,HOU,Steve McNair,No,QB,QB,22,0,3,161,2733,4544,31304,174,119,669,3590,37,1,4,0,6,0,0,Alcorn St.,TX
1995Michael Westbrook,WestMi00,1995,1,4,WAS,Michael Westbrook,No,WR,WR,23,0,0,89,0,0,0,0,0,22,160,1,285,4374,26,1,0,0,Colorado,DC
1995Kerry Collins,CollKe00,1995,1,5,CAR,Kerry Collins,No,QB,QB,22,0,2,198,3487,6261,40922,208,196,374,686,10,2,-13,0,6,0,0,Penn St.,NC
1995Kevin Carter,CartKe00,1995,1,6,STL,Kevin Carter,No,DE,DE,22,1,2,224,0,0,0,0,0,0,0,0,0,0,0,446,0,104.5,Florida,MO
1995Mike Mamula,MamuMi20,1995,1,7,PHI,Mike Mamula,No,DE,DE,22,0,0,77,0,0,0,0,0,0,0,0,0,0,0,156,1,31.5,Boston Col.,PA
1995Joey Galloway,GallJo00,1995,1,8,SEA,Joey Galloway,No,WR,WR,23,0,0,198,1,1,-1,0,0,63,496,1,701,10950,77,17,0,0,Ohio St.,WA
1995Kyle Brady,BradKy00,1995,1,9,NYJ,Kyle Brady,No,TE,TE,23,0,0,197,0,0,0,0,0,0,0,0,343,3519,25,12,0,0,Penn St.,NY
1995J.J. Stokes,StokJ.00,1995,1,10,SFO,J.J. Stokes,No,WR,WR,22,0,0,118,0,0,0,0,0,1,6,0,342,4293,30,0,0,0,UCLA,CA
1995Derrick Alexander,AlexDe20,1995,1,11,MIN,Derrick Alexander,No,DE,DE,21,0,0,73,0,0,0,0,0,0,0,0,0,0,0,164,0,20,Florida St.,MN
1995Warren Sapp,SappWa00,1995,1,12,TAM,Warren Sapp,No,DT,DT,22,4,7,198,0,0,0,0,0,0,0,0,4,39,2,435,4,96.5,Miami (FL),FL
1995Mark Fields,FielMa99,1995,1,13,NOR,Mark Fields,No,LB,LB,22,0,2,136,0,0,0,0,0,0,0,0,0,0,0,584,5,34.5,Washington St.,LA
1995Ruben Brown,BrowRu00,1995,1,14,BUF,Ruben Brown,No,G,G,23,0,9,181,0,0,0,0,0,0,0,0,1,-6,0,0,0,0,Pittsburgh,NY
1995Ellis Johnson,JohnEl20,1995,1,15,IND,Ellis Johnson,No,DT,DT,21,0,0,149,0,0,0,0,0,0,0,0,0,0,0,261,3,51,Florida,IN
1995Hugh Douglas,DougHu00,1995,1,16,NYJ,Hugh Douglas,No,DE,DE,24,1,3,138,0,0,0,0,0,0,0,0,0,0,0,289,1,80,Central State (OH),NY
1995Tyrone Wheatley,WheaTy00,1995,1,17,NYG,Tyrone Wheatley,No,RB,RB,23,0,0,124,1,1,24,1,0,1270,4962,40,125,900,7,0,0,0,Michigan,NY
1995Napoleon Kaufman,KaufNa00,1995,1,18,OAK,Napoleon Kaufman,No,RB,RB,22,0,0,91,0,1,0,0,0,978,4792,12,127,1107,5,0,0,0,Washington,CA
1995James Stewart,StewJa00,1995,1,19,JAX,James Stewart,No,RB,RB,23,0,0,101,0,1,0,0,0,1478,5841,48,220,1715,9,3,0,0,Tennessee,FL
1995Luther Elliss,ElliLu00,1995,1,20,DET,Luther Elliss,No,DT,DT,22,0,2,134,0,0,0,0,0,0,0,0,0,0,0,211,0,29,Utah,MI
1995Rashaan Salaam,SalaRa00,1995,1,21,CHI,Rashaan Salaam,No,RB,RB,20,0,0,33,0,0,0,0,0,471,1684,13,16,120,1,0,0,0,Colorado,IL
1995Tyrone Poole,PoolTy20,1995,1,22,CAR,Tyrone Poole,No,DB,DB,23,0,0,144,0,0,0,0,0,0,0,0,0,0,0,406,18,6,Fort Valley St.,NC
1995Ty Law,LawxTy00,1995,1,23,NWE,Ty Law,No,DB,DB,21,2,5,203,0,0,0,0,0,0,0,0,0,0,0,707,53,5,Michigan,MA
1995Korey Stringer,StriKo00,1995,1,24,MIN,Korey Stringer,No,T,T,21,0,1,93,0,0,0,0,0,0,0,0,1,-1,0,0,0,0,Ohio St.,MN
1995Billy Milner,MilnBi21,1995,1,25,MIA,Billy Milner,No,T,T,23,0,0,30,0,0,0,0,0,0,0,0,0,0,0,0,0,0,Houston,FL
1995Devin Bush,BushDe20,1995,1,26,ATL,Devin Bush,No,DB,DB,22,0,0,116,0,0,0,0,0,0,0,0,0,0,0,320,7,1,Florida St.,GA
1995Mark Bruener,BrueMa00,1995,1,27,PIT,Mark Bruener,No,TE,TE,23,0,0,188,0,0,0,0,0,0,0,0,152,1333,18,6,0,0,Washington,PA
1995Derrick Brooks,BrooDe00,1995,1,28,TAM,Derrick Brooks,No,LB,LB,22,5,11,224,0,0,0,0,0,0,0,0,0,0,0,1297,25,13.5,Florida St.,FL
1995Blake Brockermeyer,BrocBl20,1995,1,29,CAR,Blake Brockermeyer,No,T,T,22,0,0,136,0,0,0,0,0,0,0,0,0,0,0,0,0,0,Texas,NC
1995Craig Powell,PoweCr20,1995,1,30,CLE,Craig Powell,No,LB,LB,23,0,0,14,0,0,0,0,0,0,0,0,0,0,0,1,0,0,Ohio St.,OH
1995Trezelle Jenkins,JenkTr20,1995,1,31,KAN,Trezelle Jenkins,No,T,T,22,0,0,9,0,0,0,0,0,0,0,0,0,0,0,0,0,0,Michigan,MO
1995Craig Newsome,NewsCr20,1995,1,32,GNB,Craig Newsome,No,DB,DB,24,0,0,53,0,0,0,0,0,0,0,0,0,0,0,171,4,0,Arizona St.,WI
1995Matt O'Dwyer,ODwyMa20,1995,2,33,NYJ,Matt O'Dwyer,No,G,G,23,0,0,122,0,0,0,0,0,0,0,0,0,0,0,0,0,0,Northwestern,NY
1995Terrance Shaw,ShawTe20,1995,2,34,SDG,Terrance Shaw,No,DB,DB,21,0,0,140,0,0,0,0,0,0,0,0,0,0,0,400,11,0,S.F. Austin,CA
1995Anthony Cook,CookAn20,1995,2,35,HOU,Anthony Cook,No,DE,DE,23,0,0,67,0,0,0,0,0,0,0,0,0,0,0,96,0,17,South Carolina St.,TX
1995Shawn King,KingSh20,1995,2,36,CAR,Shawn King,No,DE,DE,23,0,0,48,0,0,0,0,0,0,0,0,0,0,0,57,1,8.5,La-Monroe,NC
1995Cory Raymer,RaymCo20,1995,2,37,WAS,Cory Raymer,No,C,C,22,0,0,98,0,0,0,0,0,0,0,0,0,0,0,0,0,0,Wisconsin,DC
1995Zach Wiegert,WiegZa20,1995,2,38,STL,Zach Wiegert,No,G,G,23,0,0,145,0,0,0,0,0,0,0,0,2,-2,0,0,0,0,Nebraska,MO
1995Christian Fauria,FaurCh00,1995,2,39,SEA,Christian Fauria,No,TE,TE,24,0,0,191,0,0,0,0,0,0,0,0,252,2529,22,5,0,0,Colorado,WA
1995Brian DeMarco,DeMaBr20,1995,2,40,JAX,Brian DeMarco,No,G,G,23,0,0,63,0,0,0,0,0,0,0,0,0,0,0,0,0,0,Michigan St.,FL
1995Ron Davis,DaviRo24,1995,2,41,ATL,Ron Davis,No,DB,DB,23,0,0,12,0,0,0,0,0,0,0,0,0,0,0,25,0,0,Tennessee,GA
1995Orlando Thomas,ThomOr20,1995,2,42,MIN,Orlando Thomas,No,DB,DB,22,0,0,98,0,0,0,0,0,0,0,0,0,0,0,350,22,1.5,La-Lafayette,MN
1995Melvin Johnson,JohnMe20,1995,2,43,TAM,Melvin Johnson,No,DB,DB,23,0,0,50,0,0,0,0,0,0,0,0,0,0,0,128,4,1,Kentucky,FL
1995Ray Zellars,ZellRa00,1995,2,44,NOR,Ray Zellars,No,RB,RB,22,0,0,48,0,0,0,0,0,382,1351,11,57,391,0,0,0,0,Notre Dame,LA
1995Todd Collins,CollTo00,1995,2,45,BUF,Todd Collins,No,QB,QB,23,0,0,50,391,701,4547,22,24,83,152,0,0,0,0,0,0,0,Michigan,NY
1995Sherman Williams,WillSh00,1995,2,46,DAL,Sherman Williams,No,RB,RB,22,0,0,60,0,1,0,0,0,302,1162,4,40,332,0,0,0,0,Alabama,TX
1995Frank Sanders,SandFr00,1995,2,47,ARI,Frank Sanders,No,WR,WR,22,0,0,136,1,3,26,0,0,11,4,0,507,6749,24,3,0,0,Auburn,AZ
1995Ken Dilger,DilgKe00,1995,2,48,IND,Ken Dilger,No,TE,TE,24,0,1,156,1,1,39,1,0,0,0,0,356,4099,24,4,0,0,Illinois,IN
1995Barret Robbins,RobbBa00,1995,2,49,OAK,Barret Robbins,No,C,C,22,1,1,121,0,0,0,0,0,0,0,0,0,0,0,0,0,0,TCU,CA
1995Bobby Taylor,TaylBo00,1995,2,50,PHI,Bobby Taylor,No,DB,DB,21,0,1,129,0,0,0,0,0,0,0,0,0,0,0,324,19,4,Notre Dame,PA
1995Terrell Fletcher,FletTe00,1995,2,51,SDG,Terrell Fletcher,No,RB,RB,22,0,0,111,1,1,23,1,0,526,1871,10,259,1943,3,3,0,0,Wisconsin,CA
1995Pat Riley,RilePa20,1995,2,52,CHI,Pat Riley,No,DE,DE,23,0,0,1,0,0,0,0,0,0,0,0,0,0,0,0,0,0,Miami (FL),IL
1995Andrew Greene,GreeAn20,1995,2,53,MIA,Andrew Greene,No,G,G,26,0,0,10,0,0,0,0,0,0,0,0,0,0,0,0,0,0,Indiana,FL
1995Scott Gragg,GragSc20,1995,2,54,NYG,Scott Gragg,No,T,T,23,0,0,172,0,0,0,0,0,0,0,0,0,0,0,0,0,0,Montana,NY
1995Corey Fuller,FullCo20,1995,2,55,MIN,Corey Fuller,No,DB,DB,24,0,0,152,0,0,0,0,0,0,0,0,0,0,0,503,17,1.5,Florida St.,MN
1995Todd Sauerbrun,SaueTo20,1995,2,56,CHI,Todd Sauerbrun,No,P,P,22,2,3,178,2,3,63,0,0,5,9,0,0,0,0,10,0,0,West Virginia,IL
1995Ted Johnson,JohnTe20,1995,2,57,NWE,Ted Johnson,No,LB,LB,22,0,0,125,0,0,0,0,0,0,0,0,0,0,0,527,1,11.5,Colorado,MA
1995Barrett Brooks,BrooBa20,1995,2,58,PHI,Barrett Brooks,No,T,T,23,0,0,118,0,0,0,0,0,0,0,0,0,0,0,0,0,0,Kansas St.,PA
1995Kendell Watkins,WatkKe20,1995,2,59,DAL,Kendell Watkins,No,TE,TE,22,0,0,16,0,0,0,0,0,0,0,0,1,8,0,0,0,0,Mississippi St.,TX
1995Kordell Stewart,StewKo00,1995,2,60,PIT,Kordell Stewart,No,QB,QB,22,0,1,125,1316,2358,14746,77,84,560,2874,38,41,658,5,4,0,0,Colorado,PA
1995Jimmy Oliver,0,1995,2,61,SDG,Jimmy Oliver,No,WR,WR,0,0,0,0,0,0,0,0,0,0,0,0,0,0,0,0,0,0,TCU,CA
1995Jesse James,JameJe21,1995,2,62,STL,Jesse James,No,C,C,24,0,0,2,0,0,0,0,0,0,0,0,0,0,0,0,0,0,Mississippi St.,MO
1995Shane Hannah,0,1995,2,63,DAL,Shane Hannah,No,G,G,0,0,0,0,0,0,0,0,0,0,0,0,0,0,0,0,0,0,Michigan St.,TX
1995Bryan Schwartz,SchwBr20,1995,2,64,JAX,Bryan Schwartz,No,LB,LB,23,0,0,55,0,0,0,0,0,0,0,0,0,0,0,197,0,0.5,Augustana (SD),FL
1995Darius Holland,HollDa20,1995,3,65,GNB,Darius Holland,No,DT,DT,21,0,0,111,0,0,0,0,0,0,0,0,0,0,0,109,1,4.5,Colorado,WI
1995William Henderson,HendWi00,1995,3,66,GNB,William Henderson,No,FB,FB,24,1,1,188,0,0,0,0,0,123,426,5,320,2409,14,47,0,0,North Carolina,WI
1995Chris Sanders,SandCh00,1995,3,67,HOU,Chris Sanders,No,WR,WR,23,0,0,97,0,0,0,0,0,4,-36,0,177,3285,17,0,0,0,Ohio St.,TX
1995Darryl Pounds,PounDa20,1995,3,68,WAS,Darryl Pounds,No,DB,DB,23,0,0,78,0,0,0,0,0,0,0,0,0,0,0,106,9,3.5,Nicholls St.,DC
1995Melvin Tuten,TuteMe20,1995,3,69,CIN,Melvin Tuten,No,T,T,23,0,0,66,0,0,0,0,0,0,0,0,2,12,1,0,0,0,Syracuse,OH
1995David Sloan,SloaDa00,1995,3,70,DET,David Sloan,No,TE,TE,23,0,1,110,0,0,0,0,0,0,0,0,192,2151,15,4,0,0,New Mexico,MI
1995Chris Hudson,HudsCh20,1995,3,71,JAX,Chris Hudson,No,DB,DB,23,0,0,77,0,0,0,0,0,0,0,0,0,0,0,9,11,1.5,Colorado,FL
1995Greg Jefferson,JeffGr20,1995,3,72,PHI,Greg Jefferson,No,DE,DE,24,0,0,57,0,0,0,0,0,0,0,0,0,0,0,115,0,13.5,Central Florida,PA
1995Brian Williams,WillBr24,1995,3,73,GNB,Brian Williams,No,LB,LB,22,0,0,81,0,0,0,0,0,0,0,0,0,0,0,290,4,6,USC,WI
1995Curtis Martin,MartCu00,1995,3,74,NWE,Curtis Martin,No,RB,RB,22,1,5,168,2,2,36,2,0,3518,14101,90,484,3329,10,6,0,0,Pittsburgh,MA
1995Mike Verstegen,VersMi20,1995,3,75,NOR,Mike Verstegen,No,G,G,23,0,0,22,0,0,0,0,0,0,0,0,0,0,0,0,0,0,Wisconsin,LA
1995Marlon Kerner,KernMa20,1995,3,76,BUF,Marlon Kerner,No,DB,DB,22,0,0,43,0,0,0,0,0,0,0,0,0,0,0,64,3,1,Ohio St.,NY
1995Lorenzo Styles,StylLo20,1995,3,77,ATL,Lorenzo Styles,No,LB,LB,21,0,0,70,0,0,0,0,0,0,0,0,0,0,0,43,0,1,Ohio St.,GA
1995Chris Jones,JoneCh01,1995,3,78,PHI,Chris Jones,No,WR,WR,24,0,0,32,0,0,0,0,0,0,0,0,80,993,5,0,0,0,Miami (FL),PA
1995Zack Crockett,CrocZa00,1995,3,79,IND,Zack Crockett,No,FB,FB,22,0,0,175,0,0,0,0,0,510,1701,36,96,680,2,19,0,0,Florida St.,IN
1995Stoney Case,CaseSt00,1995,3,80,ARI,Stoney Case,No,QB,QB,23,0,0,20,163,318,1826,4,15,60,270,5,0,0,0,0,0,0,New Mexico,AZ
1995Tamarick Vanover,VanoTa00,1995,3,81,KAN,Tamarick Vanover,No,WR,WR,21,0,0,77,0,0,0,0,0,17,88,0,39,564,3,0,0,0,Florida St.,MO
1995Steve McLaughlin,mclauste01,1995,3,82,STL,Steve McLaughlin,No,K,K,23,0,0,8,0,0,0,0,0,0,0,0,0,0,0,0,0,0,Arizona,MO
1995Sean Harris,HarrSe20,1995,3,83,CHI,Sean Harris,No,LB,LB,23,0,0,83,0,0,0,0,0,0,0,0,0,0,0,205,2,2,Arizona,IL
1995Eric Zeier,ZeieEr00,1995,3,84,CLE,Eric Zeier,No,QB,QB,23,0,0,28,301,537,3520,16,15,43,127,0,0,0,0,0,0,0,Georgia,OH
1995Rodney Young,YounRo21,1995,3,85,NYG,Rodney Young,No,DB,DB,22,0,0,33,0,0,0,0,0,0,0,0,0,0,0,6,0,0,LSU,NY
1995Joe Aska,AskaJo00,1995,3,86,OAK,Joe Aska,No,RB,RB,23,0,0,23,0,0,0,0,0,74,336,1,8,63,0,0,0,0,Central Oklahoma,CA
1995Evan Pilgrim,PilgEv20,1995,3,87,CHI,Evan Pilgrim,No,G,G,23,0,0,32,0,0,0,0,0,0,0,0,0,0,0,0,0,0,BYU,IL
1995Jimmy Hitchcock,HitcJi20,1995,3,88,NWE,Jimmy Hitchcock,No,DB,DB,24,0,0,101,0,0,0,0,0,0,0,0,0,0,0,301,19,2,North Carolina,MA
1995Rodney Thomas,ThomRo00,1995,3,89,HOU,Rodney Thomas,No,RB,RB,22,0,0,103,0,0,0,0,0,532,1973,12,91,631,3,0,0,0,Texas A&M,TX
1995Antonio Freeman,FreeAn00,1995,3,90,GNB,Antonio Freeman,No,WR,WR,23,1,1,132,0,0,0,0,0,8,17,0,477,7251,61,3,0,0,Virginia Tech,WI
1995Brendan Stai,StaiBr20,1995,3,91,PIT,Brendan Stai,No,G,G,23,0,0,105,0,0,0,0,0,0,0,0,0,0,0,0,0,0,Nebraska,PA
1995Charlie Williams,WillCh22,1995,3,92,DAL,Charlie Williams,No,DB,DB,23,0,0,81,0,0,0,0,0,0,0,0,0,0,0,84,1,2,Bowling Green,TX
1995Don Sasa,SasaDo20,1995,3,93,SDG,Don Sasa,No,DT,DT,23,0,0,14,0,0,0,0,0,0,0,0,0,0,0,1,0,0,Washington St.,CA
1995Mike Frederick,FredMi20,1995,3,94,CLE,Mike Frederick,No,DE,DE,23,0,0,71,0,0,0,0,0,0,0,0,0,0,0,32,0,2,Virginia,OH
1995Torey Hunter,HuntTo21,1995,3,95,HOU,Torey Hunter,No,DB,DB,23,0,0,12,0,0,0,0,0,0,0,0,0,0,0,6,0,0,Washington St.,TX
1995Damien Covington,CoviDa20,1995,3,96,BUF,Damien Covington,No,LB,LB,22,0,0,30,0,0,0,0,0,0,0,0,0,0,0,61,1,0.5,North Carolina St.,NY
1995Troy Dumas,DumaTr20,1995,3,97,KAN,Troy Dumas,No,LB,LB,23,0,0,16,0,0,0,0,0,0,0,0,0,0,0,3,0,1,Nebraska,MO
1995Preston Harrison,0,1995,3,98,SDG,Preston Harrison,No,LB,LB,0,0,0,0,0,0,0,0,0,0,0,0,0,0,0,0,0,0,Ohio St.,CA
1995Rob Johnson,JohnRo00,1995,4,99,JAX,Rob Johnson,No,QB,QB,22,0,0,48,494,806,5795,30,23,140,877,4,1,-6,0,2,0,0,USC,FL
1995Chris Cowart,0,1995,4,100,SDG,Chris Cowart,No,LB,LB,0,0,0,0,0,0,0,0,0,0,0,0,0,0,0,0,0,0,Florida St.,CA
1995Michael Roan,RoanMi00,1995,4,101,HOU,Michael Roan,No,TE,TE,23,0,0,62,0,0,0,0,0,0,0,0,45,403,3,0,0,0,Wisconsin,TX
1995Sam Shade,ShadSa20,1995,4,102,CIN,Sam Shade,No,DB,DB,22,0,0,117,0,0,0,0,0,0,0,0,0,0,0,422,10,8.5,Alabama,OH
1995Larry Jones,0,1995,4,103,WAS,Larry Jones,No,RB,RB,0,0,0,0,0,0,0,0,0,0,0,0,0,0,0,0,0,0,Miami (FL),DC
1995Aaron Hayden,HaydAa00,1995,4,104,SDG,Aaron Hayden,No,RB,RB,22,0,0,32,0,0,0,0,0,215,784,4,8,74,0,0,0,0,Tennessee,CA
1995Jerry Wilson,WilsJe22,1995,4,105,TAM,Jerry Wilson,No,DB,DB,22,0,0,120,0,0,0,0,0,0,0,0,0,0,0,203,7,6.5,Saginaw Valley St.,FL
1995Melvin Hayes,HayeMe20,1995,4,106,NYJ,Melvin Hayes,No,T,T,22,0,0,4,0,0,0,0,0,0,0,0,0,0,0,0,0,0,Mississippi St.,NY
1995Tyrone Davis,DaviTy00,1995,4,107,NYJ,Tyrone Davis,No,TE,TE,23,0,0,75,0,0,0,0,0,0,0,0,73,795,13,0,0,0,Virginia,NY
1995Dameian Jeffries,JeffDa20,1995,4,108,NOR,Dameian Jeffries,No,DE,DE,22,0,0,2,0,0,0,0,0,0,0,0,0,0,0,0,0,0,Alabama,LA
1995Ken Irvin,IrviKe20,1995,4,109,BUF,Ken Irvin,No,DB,DB,23,0,0,147,0,0,0,0,0,0,0,0,0,0,0,303,10,2,Memphis,NY
1995Eric Bjornson,BjorEr00,1995,4,110,DAL,Eric Bjornson,No,TE,TE,23,0,0,82,0,0,0,0,0,2,27,2,147,1384,6,0,0,0,Washington,TX
1995Chad May,0,1995,4,111,MIN,Chad May,No,QB,QB,0,0,0,0,0,0,0,0,0,0,0,0,0,0,0,0,0,0,Kansas St.,MN
1995Dave Wohlabaugh,WohlDa20,1995,4,112,NWE,Dave Wohlabaugh,No,C,C,23,0,0,128,0,0,0,0,0,0,0,0,0,0,0,0,0,0,Syracuse,MA
1995Justin Armour,ArmoJu00,1995,4,113,BUF,Justin Armour,No,WR,WR,22,0,0,39,0,1,0,0,0,4,-5,0,64,861,7,0,0,0,Stanford,NY
1995Ray McElroy,McElRa20,1995,4,114,IND,Ray McElroy,No,DB,DB,23,0,0,81,0,0,0,0,0,0,0,0,0,0,0,66,0,0,East. Illinois,IN
1995Lovell Pinkney,PinkLo20,1995,4,115,STL,Lovell Pinkney,No,TE,TE,23,0,0,8,0,0,0,0,0,0,0,0,1,13,0,0,0,0,Texas,MO
1995Jack Jackson,JackJa20,1995,4,116,CHI,Jack Jackson,No,WR,WR,22,0,0,12,0,0,0,0,0,0,0,0,4,39,0,0,0,0,Florida,IL
1995Jeff Miller,0,1995,4,117,GNB,Jeff Miller,No,T,T,0,0,0,0,0,0,0,0,0,0,0,0,0,0,0,0,0,0,Mississippi,WI
1995Mike Morton,MortMi20,1995,4,118,OAK,Mike Morton,No,LB,LB,23,0,0,103,0,0,0,0,0,0,0,0,0,0,0,101,2,1,North Carolina,CA
1995Dave Barr,BarrDa20,1995,4,119,PHI,Dave Barr,No,QB,QB,23,0,0,2,5,9,42,0,0,1,5,0,0,0,0,0,0,0,California,PA
1995Oliver Gibson,GibsOl20,1995,4,120,PIT,Oliver Gibson,No,DT,DT,23,0,0,133,0,0,0,0,0,0,0,0,0,0,0,182,1,17.5,Notre Dame,PA
1995Jamie Brown,BrowJa22,1995,4,121,DEN,Jamie Brown,No,T,T,23,0,0,38,0,0,0,0,0,0,0,0,0,0,0,0,0,0,Florida A&M,CO
1995Pete Mitchell,MitcPe00,1995,4,122,MIA,Pete Mitchell,No,TE,TE,23,0,0,114,0,0,0,0,0,0,0,0,279,2885,15,0,0,0,Boston Col.,FL
1995Mike Thompson,ThomMi21,1995,4,123,JAX,Mike Thompson,No,DT,DT,23,0,0,34,0,0,0,0,0,0,0,0,0,0,0,30,0,1.5,Wisconsin,FL
1995Ken Brown,BrowKe21,1995,4,124,DEN,Ken Brown,No,LB,LB,24,0,0,2,0,0,0,0,0,0,0,0,0,0,0,0,0,0,Virginia Tech,CO
1995Donta Jones,JoneDo22,1995,4,125,PIT,Donta Jones,No,LB,LB,23,0,0,91,0,0,0,0,0,0,0,0,0,0,0,52,0,4,Nebraska,PA
1995Jason Kyle,KyleJa20,1995,4,126,SEA,Jason Kyle,No,LB,LB,23,0,0,203,0,0,0,0,0,0,0,0,0,0,0,18,0,0,Arizona St.,WA
1995Tim Hanshaw,HansTi20,1995,4,127,SFO,Tim Hanshaw,No,G,G,25,0,0,30,0,0,0,0,0,0,0,0,0,0,0,0,0,0,BYU,CA
1995Rob Zatechka,ZateRo20,1995,4,128,NYG,Rob Zatechka,No,G,G,23,0,0,47,0,0,0,0,0,0,0,0,0,0,0,0,0,0,Nebraska,NY
1995Alundis Brice,BricAl20,1995,4,129,DAL,Alundis Brice,No,DB,DB,25,0,0,24,0,0,0,0,0,0,0,0,0,0,0,18,1,0,Mississippi,TX
1995Linc Harden,0,1995,4,130,DAL,Linc Harden,No,LB,LB,0,0,0,0,0,0,0,0,0,0,0,0,0,0,0,0,0,0,Oklahoma St.,TX
1995Tony Cline,ClinTo00,1995,4,131,BUF,Tony Cline,No,TE,TE,23,0,0,52,0,0,0,0,0,0,0,0,32,255,1,0,0,0,Stanford,NY
1995Frank Garcia,GarcFr21,1995,4,132,CAR,Frank Garcia,No,C,C,23,0,0,125,0,0,0,0,0,0,0,0,0,0,0,0,0,0,Washington,NC
1995Ben Talley,TallBe20,1995,4,133,NYG,Ben Talley,No,LB,LB,23,0,0,12,0,0,0,0,0,0,0,0,0,0,0,0,0,0,Tennessee,NY
1995Steve Stenstrom,StenSt00,1995,4,134,KAN,Steve Stenstrom,No,QB,QB,23,0,0,17,177,314,1895,4,12,22,100,2,1,9,0,0,0,0,Stanford,MO
1995Michael Senters,0,1995,5,135,CAR,Michael Senters,No,DB,DB,0,0,0,0,0,0,0,0,0,0,0,0,0,0,0,0,0,0,Northwestern,NC
1995Tau Pupua,0,1995,5,136,CLE,Tau Pupua,No,DT,DT,0,0,0,0,0,0,0,0,0,0,0,0,0,0,0,0,0,0,Weber St.,OH
1995Jamie Asher,AsheJa00,1995,5,137,WAS,Jamie Asher,No,TE,TE,22,0,0,48,0,0,0,0,0,0,0,0,133,1421,5,0,0,0,Louisville,DC
1995Matt Dyson,DysoMa20,1995,5,138,OAK,Matt Dyson,No,LB,LB,23,0,0,4,0,0,0,0,0,0,0,0,0,0,0,0,0,0,Michigan,CA
1995David Dunn,DunnDa00,1995,5,139,CIN,David Dunn,No,WR,WR,23,0,0,88,0,1,0,0,0,1,-13,0,91,1264,4,8,0,0,Fresno St.,OH
1995Mike Scurlock,ScurMi20,1995,5,140,STL,Mike Scurlock,No,DB,DB,23,0,0,65,0,0,0,0,0,0,0,0,0,0,0,15,1,0,Arizona,MO
1995Stephen Boyd,BoydSt00,1995,5,141,DET,Stephen Boyd,No,LB,LB,23,0,2,86,0,0,0,0,0,0,0,0,0,0,0,361,3,6.5,Boston Col.,MI
1995Carl Greenwood,GreeCa20,1995,5,142,NYJ,Carl Greenwood,No,DB,DB,23,0,0,24,0,0,0,0,0,0,0,0,0,0,0,14,0,0,UCLA,NY
1995Clifton Abraham,AbraCl20,1995,5,143,TAM,Clifton Abraham,No,DB,DB,23,0,0,9,0,0,0,0,0,0,0,0,0,0,0,3,0,0,Florida St.,FL
1995John Holecek,HoleJo20,1995,5,144,BUF,John Holecek,No,LB,LB,23,0,0,81,0,0,0,0,0,0,0,0,0,0,0,266,2,3.5,Illinois,NY
1995Roell Preston,PresRo00,1995,5,145,ATL,Roell Preston,No,WR,WR,23,0,1,53,0,0,0,0,0,0,0,0,30,360,2,0,0,0,Mississippi,GA
1995Phil Yeboah-Kodie,YeboPh20,1995,5,146,DEN,Phil Yeboah-Kodie,No,LB,LB,24,0,0,2,0,0,0,0,0,0,0,0,0,0,0,0,0,0,Penn St.,CO
1995Mike Miller,0,1995,5,147,CLE,Mike Miller,No,WR,WR,0,0,0,0,0,0,0,0,0,0,0,0,0,0,0,0,0,0,Notre Dame,OH
1995William Strong,StroWi20,1995,5,148,NOR,William Strong,No,DB,DB,23,0,0,9,0,0,0,0,0,0,0,0,0,0,0,1,0,0,North Carolina St.,LA
1995Derek West,WestDe20,1995,5,149,IND,Derek West,No,T,T,23,0,0,5,0,0,0,0,0,0,0,0,0,0,0,0,0,0,Colorado,IN
1995Cedric Davis,0,1995,5,150,ARI,Cedric Davis,No,DB,DB,0,0,0,0,0,0,0,0,0,0,0,0,0,0,0,0,0,0,Tennessee St.,AZ
1995Lee Flowers,FlowLe20,1995,5,151,PIT,Lee Flowers,No,DB,DB,22,0,0,112,0,0,0,0,0,0,0,0,0,0,0,306,4,12,Georgia Tech,PA
1995Rich Owens,OwenRi20,1995,5,152,WAS,Rich Owens,No,DE,DE,23,0,0,97,0,0,0,0,0,0,0,0,0,0,0,151,0,28.5,Lehigh,DC
1995Roderick Mullen,MullRo20,1995,5,153,NYG,Roderick Mullen,No,DB,DB,22,0,0,53,0,0,0,0,0,0,0,0,0,0,0,50,1,0,Grambling St.,NY
1995Jeff Kysar,0,1995,5,154,OAK,Jeff Kysar,No,T,T,0,0,0,0,0,0,0,0,0,0,0,0,0,0,0,0,0,0,Arizona St.,CA
1995Mike Pelton,0,1995,5,155,KAN,Mike Pelton,No,DT,DT,0,0,0,0,0,0,0,0,0,0,0,0,0,0,0,0,0,0,Auburn,MO
1995Kez McCorvey,McCoKe20,1995,5,156,DET,Kez McCorvey,No,WR,WR,23,0,0,9,0,0,0,0,0,0,0,0,2,9,0,0,0,0,Florida St.,MI
1995James Stewart,StewJa20,1995,5,157,MIN,James Stewart,No,RB,RB,23,0,0,4,0,0,0,0,0,31,144,0,1,3,0,0,0,0,Miami (FL),MN
1995Norman Hand,HandNo20,1995,5,158,MIA,Norman Hand,No,DT,DT,23,0,0,115,0,0,0,0,0,0,0,0,0,0,0,215,2,22.5,Mississippi,FL
1995Gary Walker,WalkGa00,1995,5,159,HOU,Gary Walker,No,DT,DT,22,0,2,155,0,0,0,0,0,0,0,0,0,0,0,315,0,46.5,Auburn,TX
1995Jay Barker,0,1995,5,160,GNB,Jay Barker,No,QB,QB,0,0,0,0,0,0,0,0,0,0,0,0,0,0,0,0,0,0,Alabama,WI
1995Lance Brown,BrowLa20,1995,5,161,PIT,Lance Brown,No,DB,DB,23,0,0,58,0,0,0,0,0,0,0,0,0,0,0,10,0,1,Indiana,PA
1995'Omar Ellison,ElliOm20,1995,5,162,SDG,'Omar Ellison,No,WR,WR,23,0,0,12,0,0,0,0,0,0,0,0,4,21,0,0,0,0,Florida St.,CA
1995Ronald Cherry,0,1995,5,163,DET,Ronald Cherry,No,T,T,0,0,0,0,0,0,0,0,0,0,0,0,0,0,0,0,0,0,McNeese St.,MI
1995Jerrott Willard,WillJe20,1995,5,164,KAN,Jerrott Willard,No,LB,LB,23,0,0,1,0,0,0,0,0,0,0,0,0,0,0,0,0,0,California,MO
1995Lance Scott,ScotLa20,1995,5,165,ARI,Lance Scott,No,C,C,23,0,0,32,0,0,0,0,0,0,0,0,0,0,0,0,0,0,Utah,AZ
1995Edward Hervey,0,1995,5,166,DAL,Edward Hervey,No,WR,WR,0,0,0,0,0,0,0,0,0,0,0,0,0,0,0,0,0,0,USC,TX
1995Tito Paul,PaulTi20,1995,5,167,ARI,Tito Paul,No,DB,DB,22,0,0,67,0,0,0,0,0,0,0,0,0,0,0,93,1,0,Ohio St.,AZ
1995Dana Howard,HowaDa20,1995,5,168,DAL,Dana Howard,No,LB,LB,23,0,0,19,0,0,0,0,0,0,0,0,0,0,0,1,0,0,Illinois,TX
1995Ryan Christopherson,ChriRy20,1995,5,169,JAX,Ryan Christopherson,No,RB,RB,23,0,0,19,0,0,0,0,0,16,16,1,1,-1,0,0,0,0,Wyoming,FL
1995Travis Jervey,JervTr00,1995,5,170,GNB,Travis Jervey,No,RB,RB,23,0,1,109,0,0,0,0,0,129,503,2,10,35,0,14,0,0,The Citadel,WI
1995Andrew Peterson,PeteAn21,1995,5,171,CAR,Andrew Peterson,No,T,T,23,0,0,4,0,0,0,0,0,0,0,0,0,0,0,0,0,0,Washington,NC
1995Marcus Price,PricMa20,1995,6,172,JAX,Marcus Price,No,T,T,23,0,0,77,0,0,0,0,0,0,0,0,0,0,0,0,0,0,LSU,FL
1995Charlie Simmons,0,1995,6,173,GNB,Charlie Simmons,No,WR,WR,0,0,0,0,0,0,0,0,0,0,0,0,0,0,0,0,0,0,Georgia Tech,WI
1995Hicham El-Mashtoub,El-MHi20,1995,6,174,HOU,Hicham El-Mashtoub,No,C,C,23,0,0,3,0,0,0,0,0,0,0,0,0,0,0,0,0,0,Arizona,TX
1995Ryan Grigson,0,1995,6,175,CIN,Ryan Grigson,No,T,T,0,0,0,0,0,0,0,0,0,0,0,0,0,0,0,0,0,0,Purdue,OH
1995Brian Thure,ThurBr20,1995,6,176,WAS,Brian Thure,No,T,T,22,0,0,4,0,0,0,0,0,0,0,0,0,0,0,0,0,0,California,DC
1995Troy Sienkiewicz,SienTr20,1995,6,177,SDG,Troy Sienkiewicz,No,G,G,23,0,0,28,0,0,0,0,0,0,0,0,0,0,0,0,0,0,New Mexico St.,CA
1995Eddie Mason,MasoEd20,1995,6,178,NYJ,Eddie Mason,No,LB,LB,23,0,0,80,0,0,0,0,0,0,0,0,0,0,0,49,0,3,North Carolina,NY
1995Wardell Rouse,RousWa20,1995,6,179,TAM,Wardell Rouse,No,LB,LB,23,0,0,16,0,0,0,0,0,0,0,0,0,0,0,6,0,0.5,Clemson,FL
1995Henry McMillian,McMiHe20,1995,6,180,SEA,Henry McMillian,No,DT,DT,23,0,0,3,0,0,0,0,0,0,0,0,0,0,0,0,0,0,Florida,WA
1995Travis Hall,HallTr20,1995,6,181,ATL,Travis Hall,No,DT,DT,23,0,0,150,0,0,0,0,0,0,0,0,0,0,0,343,0,42,BYU,GA
1995Fritz Fequiere,0,1995,6,182,DEN,Fritz Fequiere,No,G,G,0,0,0,0,0,0,0,0,0,0,0,0,0,0,0,0,0,0,Iowa,CO
1995Brandon Harrison,0,1995,6,183,SDG,Brandon Harrison,No,WR,WR,0,0,0,0,0,0,0,0,0,0,0,0,0,0,0,0,0,0,Howard Payne,CA
1995Lee DeRamus,DeRaLe00,1995,6,184,NOR,Lee DeRamus,No,WR,WR,23,0,0,23,0,0,0,0,0,1,2,0,21,258,1,0,0,0,Wisconsin,LA
1995Shannon Clavelle,ClavSh20,1995,6,185,BUF,Shannon Clavelle,No,DE,DE,21,0,0,16,0,0,0,0,0,0,0,0,0,0,0,1,0,0.5,Colorado,NY
1995Kevin Hickman,HickKe00,1995,6,186,DET,Kevin Hickman,No,TE,TE,24,0,0,13,0,0,0,0,0,0,0,0,0,0,0,0,0,0,Navy,MI
1995Brian Gelzheiser,0,1995,6,187,IND,Brian Gelzheiser,No,LB,LB,0,0,0,0,0,0,0,0,0,0,0,0,0,0,0,0,0,0,Penn St.,IN
1995Steve Strahan,0,1995,6,188,CAR,Steve Strahan,No,DT,DT,0,0,0,0,0,0,0,0,0,0,0,0,0,0,0,0,0,0,Baylor,NC
1995John Solomon,0,1995,6,189,MIN,John Solomon,No,LB,LB,0,0,0,0,0,0,0,0,0,0,0,0,0,0,0,0,0,0,Sam Houston St.,MN
1995Eli Herring,0,1995,6,190,OAK,Eli Herring,No,T,T,0,0,0,0,0,0,0,0,0,0,0,0,0,0,0,0,0,0,BYU,CA
1995Jerry Colquitt,0,1995,6,191,CAR,Jerry Colquitt,No,QB,QB,0,0,0,0,0,0,0,0,0,0,0,0,0,0,0,0,0,0,Tennessee,NC
1995Cory Schlesinger,SchlCo00,1995,6,192,DET,Cory Schlesinger,No,FB,FB,23,0,0,181,0,0,0,0,0,167,473,5,197,1445,9,21,0,0,Nebraska,MI
1995Kenny Gales,0,1995,6,193,CHI,Kenny Gales,No,DB,DB,0,0,0,0,0,0,0,0,0,0,0,0,0,0,0,0,0,0,Wisconsin,IL
1995Jeff Kopp,KoppJe20,1995,6,194,MIA,Jeff Kopp,No,LB,LB,24,0,0,63,0,0,0,0,0,0,0,0,0,0,0,9,1,1,USC,FL
1995Dino Philyaw,PhilDi00,1995,6,195,NWE,Dino Philyaw,No,RB,RB,24,0,0,23,0,0,0,0,0,16,54,1,2,23,0,0,0,0,Oregon,MA
1995Terrell Davis,DaviTe00,1995,6,196,DEN,Terrell Davis,No,RB,RB,22,3,3,78,0,0,0,0,0,1655,7607,60,169,1280,5,1,0,0,Georgia,CO
1995Craig Whelihan,WhelCr00,1995,6,197,SDG,Craig Whelihan,No,QB,QB,24,0,0,19,267,557,3160,14,29,31,67,0,0,0,0,0,0,0,Pacific,CA
1995Carl Reeves,ReevCa20,1995,6,198,CHI,Carl Reeves,No,DE,DE,23,0,0,31,0,0,0,0,0,0,0,0,0,0,0,27,0,1.5,North Carolina St.,IL
1995Barron Miles,0,1995,6,199,PIT,Barron Miles,No,DB,DB,0,0,0,0,0,0,0,0,0,0,0,0,0,0,0,0,0,0,Nebraska,PA
1995Tony Berti,BertTo20,1995,6,200,SDG,Tony Berti,No,T,T,23,0,0,33,0,0,0,0,0,0,0,0,0,0,0,0,0,0,Colorado,CA
1995Antonio Armstrong,ArmsAn20,1995,6,201,SFO,Antonio Armstrong,No,LB,LB,21,0,0,4,0,0,0,0,0,0,0,0,0,0,0,0,0,0,Texas A&M,CA
1995Bryan Proby,ProbBr20,1995,6,202,KAN,Bryan Proby,No,DT,DT,23,0,0,3,0,0,0,0,0,0,0,0,0,0,0,0,0,0,Arizona St.,MO
1995Eddie Goines,0,1995,6,203,SEA,Eddie Goines,No,WR,WR,0,0,0,0,0,0,0,0,0,0,0,0,0,0,0,0,0,0,North Carolina St.,WA
1995Jamal Duff,DuffJa20,1995,6,204,NYG,Jamal Duff,No,DE,DE,23,0,0,41,0,0,0,0,0,0,0,0,0,0,0,40,0,9,San Diego St.,NY
1995Anthony Bridges,0,1995,6,205,ARI,Anthony Bridges,No,DB,DB,0,0,0,0,0,0,0,0,0,0,0,0,0,0,0,0,0,0,North Texas,AZ
1995Charles Way,WayxCh00,1995,6,206,NYG,Charles Way,No,RB,RB,22,0,0,75,0,0,0,0,0,337,1356,10,118,898,4,0,0,0,Virginia,NY
1995Tom Barndt,BarnTo20,1995,6,207,KAN,Tom Barndt,No,DT,DT,23,0,0,81,0,0,0,0,0,0,0,0,0,0,0,70,0,8,Pittsburgh,MO
1995Fred McCrary,McCrFr00,1995,6,208,PHI,Fred McCrary,No,FB,FB,23,0,0,128,0,0,0,0,0,25,31,1,113,646,7,21,0,0,Mississippi St.,PA
1995Chad Cota,CotaCh20,1995,7,209,CAR,Chad Cota,No,DB,DB,24,0,0,125,0,0,0,0,0,0,0,0,0,0,0,407,15,4,Oregon,NC
1995Kevin Bouie,BouiKe20,1995,7,210,PHI,Kevin Bouie,No,RB,RB,24,0,0,6,0,0,0,0,0,11,26,0,0,0,0,0,0,0,Mississippi St.,PA
1995C.J. Richardson,RichC.20,1995,7,211,HOU,C.J. Richardson,No,DB,DB,23,0,0,15,0,0,0,0,0,0,0,0,0,0,0,0,0,0,Miami (FL),TX
1995Billy Williams,WillBi20,1995,7,212,ARI,Billy Williams,No,WR,WR,24,0,0,1,0,0,0,0,0,0,0,0,0,0,0,0,0,0,Tennessee,AZ
1995John Walsh,0,1995,7,213,CIN,John Walsh,No,QB,QB,0,0,0,0,0,0,0,0,0,0,0,0,0,0,0,0,0,0,BYU,OH
1995Gerald McBurrows,McBuGe20,1995,7,214,STL,Gerald McBurrows,No,DB,DB,21,0,0,122,0,0,0,0,0,0,0,0,0,0,0,265,5,4.5,Kansas,MO
1995Steve Ingram,IngrSt20,1995,7,215,TAM,Steve Ingram,No,T,T,24,0,0,8,0,0,0,0,0,0,0,0,0,0,0,0,0,0,Maryland,FL
1995Keif Bryant,0,1995,7,216,SEA,Keif Bryant,No,DE,DE,0,0,0,0,0,0,0,0,0,0,0,0,0,0,0,0,0,0,Rutgers,WA
1995Curtis Ceaser,CeasCu20,1995,7,217,NYJ,Curtis Ceaser,No,WR,WR,23,0,0,4,0,0,0,0,0,0,0,0,0,0,0,0,0,0,Grambling St.,NY
1995Steve Russ,RussSt20,1995,7,218,DEN,Steve Russ,No,LB,LB,23,0,0,24,0,0,0,0,0,0,0,0,0,0,0,0,0,0,Air Force,CO
1995Curtis Marsh,MarsCu00,1995,7,219,JAX,Curtis Marsh,No,WR,WR,24,0,0,15,0,0,0,0,0,1,2,0,9,141,0,0,0,0,Utah,FL
1995Herman O'Berry,OBerHe20,1995,7,220,STL,Herman O'Berry,No,DB,DB,24,0,0,9,0,0,0,0,0,0,0,0,0,0,0,0,0,0,Oregon,MO
1995Tom Nutten,NuttTo20,1995,7,221,BUF,Tom Nutten,No,G,G,24,0,0,78,0,0,0,0,0,0,0,0,0,0,0,0,0,0,West. Michigan,NY
1995Byron Chamberlain,ChamBy00,1995,7,222,DEN,Byron Chamberlain,No,TE,TE,23,0,1,106,0,0,0,0,0,0,0,0,167,2048,6,4,0,0,Missouri,CO
1995Jessie Cox,0,1995,7,223,IND,Jessie Cox,No,LB,LB,0,0,0,0,0,0,0,0,0,0,0,0,0,0,0,0,0,0,Texas Southern,IN
1995Wesley Leasy,LeasWe20,1995,7,224,ARI,Wesley Leasy,No,LB,LB,24,0,0,28,0,0,0,0,0,0,0,0,0,0,0,0,0,0,Mississippi St.,AZ
1995Bryne Diehl,0,1995,7,225,NYG,Bryne Diehl,No,P,P,0,0,0,0,0,0,0,0,0,0,0,0,0,0,0,0,0,0,Alabama,NY
1995Scott Turner,TurnSc20,1995,7,226,WAS,Scott Turner,No,DB,DB,23,0,0,101,0,0,0,0,0,0,0,0,0,0,0,78,5,2,Illinois,DC
1995Jeff Rodgers,0,1995,7,227,TAM,Jeff Rodgers,No,DE,DE,0,0,0,0,0,0,0,0,0,0,0,0,0,0,0,0,0,0,Texas A&M-Kingsville,FL
1995Hessley Hempstead,HempHe20,1995,7,228,DET,Hessley Hempstead,No,G,G,23,0,0,31,0,0,0,0,0,0,0,0,0,0,0,0,0,0,Kansas,MI
1995Jamal Cox,0,1995,7,229,CHI,Jamal Cox,No,LB,LB,0,0,0,0,0,0,0,0,0,0,0,0,0,0,0,0,0,0,Georgia Tech,IL
1995Adam Timmerman,TimmAd20,1995,7,230,GNB,Adam Timmerman,No,G,G,24,0,1,187,0,0,0,0,0,0,0,0,1,-4,0,0,0,0,South Dakota St.,WI
1995A.C. Tellison,0,1995,7,231,CLE,A.C. Tellison,No,WR,WR,0,0,0,0,0,0,0,0,0,0,0,0,0,0,0,0,0,0,Miami (FL),OH
1995Jose White,WhitJo20,1995,7,232,MIN,Jose White,No,DT,DT,22,0,0,18,0,0,0,0,0,0,0,0,0,0,0,23,0,3,Howard,MN
1995Corey Swinson,0,1995,7,233,MIA,Corey Swinson,No,DT,DT,0,0,0,0,0,0,0,0,0,0,0,0,0,0,0,0,0,0,Hampton,FL
1995Carlos Yancy,YancCa20,1995,7,234,NWE,Carlos Yancy,No,DB,DB,25,0,0,4,0,0,0,0,0,0,0,0,0,0,0,0,0,0,Georgia,MA
1995Henry Bailey,BailHe00,1995,7,235,PIT,Henry Bailey,No,WR,WR,22,0,0,8,0,0,0,0,0,1,-4,0,5,65,0,0,0,0,UNLV,PA
1995Oscar Sturgis,SturOs20,1995,7,236,DAL,Oscar Sturgis,No,DE,DE,24,0,0,1,0,0,0,0,0,0,0,0,0,0,0,0,0,0,North Carolina,TX
1995Mark Montreuil,MontMa21,1995,7,237,SDG,Mark Montreuil,No,DB,DB,23,0,0,35,0,0,0,0,0,0,0,0,0,0,0,17,0,0,Concordia (QB),CA
1995Herbert Coleman,0,1995,7,238,SFO,Herbert Coleman,No,DE,DE,0,0,0,0,0,0,0,0,0,0,0,0,0,0,0,0,0,0,,CA
1995Bronzell Miller,MillBr22,1995,7,239,STL,Bronzell Miller,No,DE,DE,23,0,0,3,0,0,0,0,0,0,0,0,0,0,0,0,0,0,Utah,MO
1995J.T. Thomas,ThomJ.00,1995,7,240,STL,J.T. Thomas,No,WR,WR,23,0,0,51,0,0,0,0,0,1,-1,0,34,400,0,0,0,0,Arizona St.,MO
1995Chad Eaton,EatoCh20,1995,7,241,ARI,Chad Eaton,No,DT,DT,23,0,0,103,0,0,0,0,0,0,0,0,0,0,0,257,0,15.5,Washington St.,AZ
1995Travis Davis,DaviTr20,1995,7,242,NOR,Travis Davis,No,DB,DB,22,0,0,73,0,0,0,0,0,0,0,0,0,0,0,219,6,3,Notre Dame,LA
1995Jason Fisk,FiskJa20,1995,7,243,MIN,Jason Fisk,No,DT,DT,23,0,0,182,0,0,0,0,0,0,0,0,0,0,0,279,3,19,Stanford,MN
1995Darick Holmes,HolmDa00,1995,7,244,BUF,Darick Holmes,No,RB,RB,24,0,0,60,0,0,0,0,0,478,1769,11,73,610,1,0,0,0,Portland,NY
1995John Burrough,BurrJo20,1995,7,245,ATL,John Burrough,No,DE,DE,23,0,0,89,0,0,0,0,0,0,0,0,0,0,0,62,0,4.5,Wyoming,GA
1995Shannon Myers,0,1995,7,246,MIA,Shannon Myers,No,WR,WR,0,0,0,0,0,0,0,0,0,0,0,0,0,0,0,0,0,0,Lenoir-Rhyne,FL
1995Cole Ford,fordxcol01,1995,7,247,PIT,Cole Ford,No,K,K,22,0,0,38,0,0,0,0,0,0,0,0,0,0,0,0,0,0,USC,PA
1995Howard Smothers,0,1995,7,248,PHI,Howard Smothers,No,T,T,0,0,0,0,0,0,0,0,0,0,0,0,0,0,0,0,0,0,Bethune-Cookman,PA
1995Michael Reed,ReedMi20,1995,7,249,CAR,Michael Reed,No,DB,DB,23,0,0,3,0,0,0,0,0,0,0,0,0,0,0,2,0,0,Boston Col.,NC
1994Dan Wilkinson,WilkDa22,1994,1,1,CIN,Dan Wilkinson,No,DT,DT,21,0,0,195,0,0,0,0,0,0,0,0,0,0,0,298,5,54.5,Ohio St.,OH
1994Marshall Faulk,FaulMa00,1994,1,2,IND,Marshall Faulk,No,RB,RB,21,3,7,176,0,2,0,0,0,2836,12279,100,767,6875,36,9,0,0,San Diego St.,IN
1994Heath Shuler,ShulHe00,1994,1,3,WAS,Heath Shuler,No,QB,QB,22,0,0,29,292,593,3691,15,33,67,198,1,0,0,0,0,0,0,Tennessee,DC
1994Willie McGinest,McGiWi00,1994,1,4,NWE,Willie McGinest,No,DE,DE,22,0,2,212,0,0,0,0,0,0,0,0,0,0,0,583,5,86,USC,MA
1994Trev Alberts,AlbeTr20,1994,1,5,IND,Trev Alberts,No,LB,LB,24,0,0,29,0,0,0,0,0,0,0,0,0,0,0,49,1,4,Nebraska,IN
1994Trent Dilfer,DilfTr00,1994,1,6,TAM,Trent Dilfer,No,QB,QB,22,0,1,130,1759,3172,20518,113,129,248,853,5,2,-6,0,7,0,0,Fresno St.,FL
1994Bryant Young,YounBr00,1994,1,7,SFO,Bryant Young,No,DT,DT,22,1,4,208,0,0,0,0,0,0,0,0,0,0,0,510,0,89.5,Notre Dame,CA
1994Sam Adams,AdamSa00,1994,1,8,SEA,Sam Adams,No,DT,DT,21,0,3,206,0,0,0,0,0,0,0,0,0,0,0,306,3,44,Texas A&M,WA
1994Antonio Langham,LangAn20,1994,1,9,CLE,Antonio Langham,No,DB,DB,22,0,0,102,0,0,0,0,0,0,0,0,0,0,0,314,14,1,Alabama,OH
1994Jamir Miller,MillJa01,1994,1,10,ARI,Jamir Miller,No,LB,LB,20,1,1,121,0,0,0,0,0,0,0,0,0,0,0,478,2,36,UCLA,AZ
1994John Thierry,ThieJo20,1994,1,11,CHI,John Thierry,No,DE,DE,23,0,0,131,0,0,0,0,0,0,0,0,0,0,0,159,2,33.5,Alcorn St.,IL
1994Aaron Glenn,GlenAa00,1994,1,12,NYJ,Aaron Glenn,No,DB,DB,22,0,3,205,0,0,0,0,0,0,0,0,0,0,0,549,41,1,Texas A&M,NY
1994Joe Johnson,JohnJo04,1994,1,13,NOR,Joe Johnson,No,DE,DE,22,0,2,117,0,0,0,0,0,0,0,0,0,0,0,318,0,52.5,Louisville,LA
1994Bernard Williams,WillBe21,1994,1,14,PHI,Bernard Williams,No,T,T,22,0,0,16,0,0,0,0,0,0,0,0,0,0,0,0,0,0,Georgia,PA
1994Wayne Gandy,GandWa20,1994,1,15,RAM,Wayne Gandy,No,T,T,23,0,0,219,0,0,0,0,0,0,0,0,0,0,0,0,0,0,Auburn,CA
1994Aaron Taylor,TaylAa20,1994,1,16,GNB,Aaron Taylor,No,G,G,21,0,0,75,0,0,0,0,0,0,0,0,0,0,0,0,0,0,Notre Dame,WI
1994Charles Johnson,JohnCh00,1994,1,17,PIT,Charles Johnson,No,WR,WR,22,0,0,133,0,0,0,0,0,11,11,0,354,4606,24,10,0,0,Colorado,PA
1994Dewayne Washington,WashDe20,1994,1,18,MIN,Dewayne Washington,No,DB,DB,21,0,0,191,0,0,0,0,0,0,0,0,0,0,0,707,31,1,North Carolina St.,MN
1994Todd Steussie,SteuTo00,1994,1,19,MIN,Todd Steussie,No,T,T,23,0,2,213,0,0,0,0,0,0,0,0,0,0,0,0,0,0,California,MN
1994Tim Bowens,BoweTi00,1994,1,20,MIA,Tim Bowens,No,DT,DT,21,0,2,157,0,0,0,0,0,0,0,0,0,0,0,296,1,22,Mississippi,FL
1994Johnnie Morton,MortJo00,1994,1,21,DET,Johnnie Morton,No,WR,WR,22,0,0,182,0,0,0,0,0,46,404,0,624,8719,43,8,0,0,USC,MI
1994Rob Fredrickson,FredRo20,1994,1,22,RAI,Rob Fredrickson,No,LB,LB,23,0,0,128,0,0,0,0,0,0,0,0,0,0,0,540,5,15.5,Michigan St.,CA
1994Shante Carver,CarvSh20,1994,1,23,DAL,Shante Carver,No,DE,DE,23,0,0,52,0,0,0,0,0,0,0,0,0,0,0,55,0,11.5,Arizona St.,TX
1994Thomas Lewis,LewiTh00,1994,1,24,NYG,Thomas Lewis,No,WR,WR,22,0,0,34,0,0,0,0,0,0,0,0,74,1032,5,0,0,0,Indiana,NY
1994Greg Hill,HillGr00,1994,1,25,KAN,Greg Hill,No,RB,RB,22,0,0,79,0,0,0,0,0,772,3218,12,52,406,1,0,0,0,Texas A&M,MO
1994Henry Ford,FordHe21,1994,1,26,HOU,Henry Ford,No,DT,DT,22,0,0,133,0,0,0,0,0,0,0,0,0,0,0,180,0,24,Arkansas,TX
1994Jeff Burris,BurrJe20,1994,1,27,BUF,Jeff Burris,No,DB,DB,22,0,0,144,0,0,0,0,0,0,0,0,0,0,0,453,19,5,Notre Dame,NY
1994William Floyd,FloyWi00,1994,1,28,SFO,William Floyd,No,FB,FB,22,0,0,90,0,1,0,0,1,355,1141,20,191,1427,5,0,0,0,Florida St.,CA
1994Derrick Alexander,AlexDe00,1994,1,29,CLE,Derrick Alexander,No,WR,WR,22,0,0,126,0,0,0,0,0,16,210,1,417,6971,40,2,0,0,Michigan,OH
1994Darnay Scott,ScotDa00,1994,2,30,CIN,Darnay Scott,No,WR,WR,22,0,0,124,1,1,53,0,0,22,151,0,408,6193,37,5,0,0,San Diego St.,OH
1994Tre' Johnson,JohnTr03,1994,2,31,WAS,Tre' Johnson,No,G,G,23,0,1,93,0,0,0,0,0,0,0,0,0,0,0,0,0,0,Temple,DC
1994Eric Mahlum,MahlEr20,1994,2,32,IND,Eric Mahlum,No,G,G,23,0,0,36,0,0,0,0,0,0,0,0,0,0,0,0,0,0,California,IN
1994Isaac Bruce,BrucIs00,1994,2,33,RAM,Isaac Bruce,No,WR,WR,21,0,4,223,3,8,81,0,1,25,139,0,1024,15208,91,19,0,0,Memphis,CA
1994Errict Rhett,RhetEr00,1994,2,34,TAM,Errict Rhett,No,RB,RB,23,0,0,86,0,0,0,0,0,1174,4143,29,89,552,3,0,0,0,Florida,FL
1994Kevin Lee,LeexKe00,1994,2,35,NWE,Kevin Lee,No,WR,WR,23,0,0,9,0,0,0,0,0,1,4,0,8,107,0,0,0,0,Alabama,MA
1994Kevin Mawae,MawaKe00,1994,2,36,SEA,Kevin Mawae,No,C,C,23,3,8,241,0,0,0,0,0,0,0,0,0,0,0,3,0,0,LSU,WA
1994Bruce Walker,WalkBr22,1994,2,37,PHI,Bruce Walker,No,NT,DT,22,0,0,11,0,0,0,0,0,0,0,0,0,0,0,16,0,0,UCLA,PA
1994Chuck Levy,LevyCh00,1994,2,38,ARI,Chuck Levy,No,RB,RB,22,0,0,37,0,0,0,0,0,44,217,1,24,167,0,0,0,0,Arizona,AZ
1994Marcus Spears,SpeaMa20,1994,2,39,CHI,Marcus Spears,No,T,T,23,0,0,103,0,0,0,0,0,0,0,0,1,1,1,0,0,0,NW State (LA),IL
1994David Palmer,PalmDa00,1994,2,40,MIN,David Palmer,No,WR,WR,21,0,0,84,0,0,0,0,0,34,125,1,73,631,1,0,0,0,Alabama,MN
1994Ryan Yarborough,YarbRy00,1994,2,41,NYJ,Ryan Yarborough,No,WR,WR,23,0,0,51,0,0,0,0,0,0,0,0,44,494,3,0,0,0,Wyoming,NY
1994Charlie Garner,GarnCh00,1994,2,42,PHI,Charlie Garner,No,RB,RB,22,0,1,147,0,0,0,0,0,1537,7097,39,419,3711,12,3,0,0,Tennessee,PA
1994Isaac Davis,DaviIs20,1994,2,43,SDG,Isaac Davis,No,G,G,22,0,0,58,0,0,0,0,0,0,0,0,0,0,0,0,0,0,Arkansas,CA
1994Mario Bates,BateMa00,1994,2,44,NOR,Mario Bates,No,RB,RB,21,0,0,98,1,1,21,1,0,841,3048,38,65,419,0,0,0,0,Arizona St.,LA
1994Bert Emanuel,EmanBe00,1994,2,45,ATL,Bert Emanuel,No,WR,WR,23,0,0,103,0,1,0,0,1,7,13,0,351,4852,28,1,0,0,Rice,GA
1994Larry Allen,AlleLa00,1994,2,46,DAL,Larry Allen,No,G,G,22,6,11,203,0,0,0,0,0,0,0,0,0,0,0,0,0,0,Sonoma St.,TX
1994Thomas Randolph,RandTh20,1994,2,47,NYG,Thomas Randolph,No,DB,DB,23,0,0,95,0,0,0,0,0,0,0,0,0,0,0,175,6,0,Kansas St.,NY
1994Bucky Brooks,BrooBu20,1994,2,48,BUF,Bucky Brooks,No,DB,DB,23,0,0,32,0,0,0,0,0,0,0,0,0,0,0,12,0,0,North Carolina,NY
1994Toby Wright,WrigTo20,1994,2,49,RAM,Toby Wright,No,DB,DB,23,0,0,59,0,0,0,0,0,1,9,0,0,0,0,228,7,2,Nebraska,CA
1994Brentson Buckner,BuckBr20,1994,2,50,PIT,Brentson Buckner,No,DT,DT,23,0,0,174,0,0,0,0,0,0,0,0,0,0,0,303,2,31,Clemson,PA
1994Allen Aldridge,AldrAl21,1994,2,51,DEN,Allen Aldridge,No,LB,LB,22,0,0,128,0,0,0,0,0,0,0,0,0,0,0,335,1,10.5,Houston,CO
1994James Folston,FolsJa20,1994,2,52,RAI,James Folston,No,LB,LB,23,0,0,84,0,0,0,0,0,0,0,0,1,-1,0,38,0,3,La-Monroe,CA
1994Kevin Mitchell,MitcKe21,1994,2,53,SFO,Kevin Mitchell,No,LB,LB,23,0,0,144,0,0,0,0,0,0,0,0,0,0,0,178,2,6.5,Syracuse,CA
1994Aubrey Beavers,BeavAu20,1994,2,54,MIA,Aubrey Beavers,No,LB,LB,23,0,0,39,0,0,0,0,0,0,0,0,0,0,0,44,3,0,Oklahoma,FL
1994Fernando Smith,SmitFe20,1994,2,55,MIN,Fernando Smith,No,DE,DE,23,0,0,80,0,0,0,0,0,0,0,0,0,0,0,106,0,20,Jackson St.,MN
1994Brad Ottis,OttiBr20,1994,2,56,RAM,Brad Ottis,No,DE,DE,22,0,0,81,0,0,0,0,0,0,0,0,0,0,0,88,0,4,Wayne State (NE),CA
1994Van Malone,MaloVa20,1994,2,57,DET,Van Malone,No,DB,DB,24,0,0,55,0,0,0,0,0,0,0,0,0,0,0,62,3,0,Texas,MI
1994Donnell Bennett,BennDo00,1994,2,58,KAN,Donnell Bennett,No,RB,RB,22,0,0,102,0,0,0,0,0,529,1941,17,66,352,1,1,0,0,Miami (FL),MO
1994Jason Sehorn,SehoJa20,1994,2,59,NYG,Jason Sehorn,No,DB,DB,23,0,0,117,0,0,0,0,0,0,0,0,0,0,0,373,19,5.5,USC,NY
1994Jeremy Nunley,NunlJe20,1994,2,60,HOU,Jeremy Nunley,No,DE,DE,23,0,0,12,0,0,0,0,0,0,0,0,0,0,0,0,0,0,Alabama,TX
1994Lonnie Johnson,JohnLo00,1994,2,61,BUF,Lonnie Johnson,No,TE,TE,23,0,0,88,0,0,0,0,0,1,6,0,163,1587,6,0,0,0,Florida St.,NY
1994Tyronne Drakeford,DrakTy20,1994,2,62,SFO,Tyronne Drakeford,No,DB,DB,23,0,0,97,0,0,0,0,0,0,0,0,0,0,0,217,16,3,Virginia Tech,CA
1994Vaughn Parker,ParkVa20,1994,2,63,SDG,Vaughn Parker,No,T,T,23,0,0,122,0,0,0,0,0,0,0,0,0,0,0,0,0,0,UCLA,CA
1994Sam Rogers,RogeSa20,1994,2,64,BUF,Sam Rogers,No,LB,LB,24,0,0,133,0,0,0,0,0,0,0,0,0,0,0,270,2,30,Colorado,NY
1994Tim Ruddy,RuddTi20,1994,2,65,MIA,Tim Ruddy,No,C,C,22,0,1,156,0,0,0,0,0,0,0,0,0,0,0,0,0,0,Notre Dame,FL
1994Jeff Cothran,CothJe00,1994,3,66,CIN,Jeff Cothran,No,FB,FB,23,0,0,39,0,0,0,0,0,57,191,1,19,117,1,0,0,0,Ohio St.,OH
1994Jason Mathews,MathJa21,1994,3,67,IND,Jason Mathews,No,T,T,23,0,0,144,0,0,0,0,0,0,0,0,0,0,0,0,0,0,Texas A&M,IN
1994Tydus Winans,WinaTy00,1994,3,68,WAS,Tydus Winans,No,WR,WR,22,0,0,25,0,0,0,0,0,1,5,0,23,421,2,0,0,0,Fresno St.,DC
1994Harold Bishop,BishHa00,1994,3,69,TAM,Harold Bishop,No,TE,TE,24,0,0,34,0,0,0,0,0,0,0,0,19,161,0,0,0,0,LSU,FL
1994Andre Coleman,ColeAn00,1994,3,70,SDG,Andre Coleman,No,WR,WR,22,0,0,58,0,0,0,0,0,2,0,0,43,602,3,0,0,0,Kansas St.,CA
1994Keith Lyle,LyleKe20,1994,3,71,RAM,Keith Lyle,No,DB,DB,22,0,0,136,0,0,0,0,0,5,47,0,0,0,0,409,31,5,Virginia,CA
1994Anthony Phillips,PhilAn20,1994,3,72,ATL,Anthony Phillips,No,DB,DB,23,0,0,20,0,0,0,0,0,0,0,0,0,0,0,50,2,0,Texas A&M-Kingsville,GA
1994Lamar Smith,SmitLa00,1994,3,73,SEA,Lamar Smith,No,RB,RB,23,0,0,115,1,4,20,1,0,1322,4853,38,159,1255,7,1,0,0,Houston,WA
1994Jim Flanigan,FlanJi21,1994,3,74,CHI,Jim Flanigan,No,DT,DT,23,0,0,145,0,0,0,0,0,1,0,0,3,7,3,260,1,46,Notre Dame,IL
1994Romeo Bandison,BandRo20,1994,3,75,CLE,Romeo Bandison,No,DT,DT,23,0,0,14,0,0,0,0,0,0,0,0,0,0,0,5,0,0,Oregon,OH
1994Rich Braham,BrahRi20,1994,3,76,ARI,Rich Braham,No,C,C,23,0,0,146,0,0,0,0,0,0,0,0,0,0,0,0,0,0,West Virginia,AZ
1994Joe Panos,PanoJo20,1994,3,77,PHI,Joe Panos,No,G,G,23,0,0,83,0,0,0,0,0,0,0,0,0,0,0,0,0,0,Wisconsin,PA
1994Ervin Collier,0,1994,3,78,NWE,Ervin Collier,No,DT,DT,0,0,0,0,0,0,0,0,0,0,0,0,0,0,0,0,0,0,Florida A&M,MA
1994Winfred Tubbs,TubbWi20,1994,3,79,NOR,Winfred Tubbs,No,LB,LB,24,0,1,98,0,0,0,0,0,0,0,0,0,0,0,473,8,10.5,Texas,LA
1994Calvin Jones,JoneCa00,1994,3,80,RAI,Calvin Jones,No,RB,RB,23,0,0,16,0,0,0,0,0,27,112,0,2,6,0,0,0,0,Nebraska,CA
1994Marlo Perry,PerrMa21,1994,3,81,BUF,Marlo Perry,No,LB,LB,22,0,0,76,0,0,0,0,0,0,0,0,0,0,0,125,2,1.5,Jackson St.,NY
1994Willie Clark,ClarWi20,1994,3,82,SDG,Willie Clark,No,DB,DB,22,0,0,59,0,0,0,0,0,0,0,0,0,0,0,96,4,0,Notre Dame,CA
1994James Bostic,BostJa00,1994,3,83,RAM,James Bostic,No,RB,RB,22,0,0,11,0,0,0,0,0,5,19,0,5,8,0,0,0,0,Auburn,CA
1994LeShon Johnson,JohnLe01,1994,3,84,GNB,LeShon Johnson,No,RB,RB,23,0,0,62,0,0,0,0,0,253,955,5,43,434,2,0,0,0,Northern Illinois,WI
1994Doug Brien,briendou01,1994,3,85,SFO,Doug Brien,No,K,K,23,0,0,154,0,0,0,0,0,0,0,0,0,0,0,3,0,0,California,CA
1994Steve Shine,0,1994,3,86,CIN,Steve Shine,No,LB,LB,0,0,0,0,0,0,0,0,0,0,0,0,0,0,0,0,0,0,Northwestern,OH
1994Cory Fleming,FlemCo20,1994,3,87,SFO,Cory Fleming,No,WR,WR,23,0,0,18,0,0,0,0,0,0,0,0,6,83,0,0,0,0,Tennessee,CA
1994Jason Gildon,GildJa00,1994,3,88,PIT,Jason Gildon,No,LB,LB,22,1,3,167,0,0,0,0,0,0,0,0,0,0,0,382,2,80,Oklahoma St.,PA
1994Eric England,EnglEr20,1994,3,89,ARI,Eric England,No,DE,DE,23,0,0,37,0,0,0,0,0,0,0,0,0,0,0,16,0,0,Texas A&M,AZ
1994Joe Burch,0,1994,3,90,NWE,Joe Burch,No,C,C,0,0,0,0,0,0,0,0,0,0,0,0,0,0,0,0,0,0,Texas Southern,MA
1994Bam Morris,MorrBa00,1994,3,91,PIT,Bam Morris,No,RB,RB,22,0,0,74,0,0,0,0,0,974,3809,35,103,790,1,0,0,0,Texas Tech,PA
1994Lake Dawson,DawsLa01,1994,3,92,KAN,Lake Dawson,No,WR,WR,22,0,0,43,0,0,0,0,0,4,15,0,103,1406,10,0,0,0,Notre Dame,MO
1994Shane Bonham,BonhSh20,1994,3,93,DET,Shane Bonham,No,DT,DT,23,0,0,76,0,0,0,0,0,0,0,0,0,0,0,33,0,4,Tennessee,MI
1994Lou Benfatti,BenfLo20,1994,3,94,NYJ,Lou Benfatti,No,DT,DT,23,0,0,19,0,0,0,0,0,0,0,0,0,0,0,14,0,0,Penn St.,NY
1994Gary Downs,DownGa00,1994,3,95,NYG,Gary Downs,No,RB,RB,22,0,0,70,0,0,0,0,0,45,149,0,9,66,0,0,0,0,North Carolina St.,NY
1994Chris Penn,PennCh00,1994,3,96,KAN,Chris Penn,No,WR,WR,23,0,0,70,0,0,0,0,0,1,-1,0,148,1945,12,0,0,0,Tulsa,MO
1994Joe Patton,PattJo21,1994,3,97,WAS,Joe Patton,No,T,T,22,0,0,61,0,0,0,0,0,0,0,0,0,0,0,0,0,0,Alabama A&M,DC
1994Corey Louchiey,LoucCo20,1994,3,98,BUF,Corey Louchiey,No,T,T,22,0,0,45,0,0,0,0,0,0,0,0,1,0,0,0,0,0,South Carolina,NY
1994Alai Kalaniuvalu,0,1994,3,99,ATL,Alai Kalaniuvalu,No,G,G,0,0,0,0,0,0,0,0,0,0,0,0,0,0,0,0,0,0,Oregon St.,GA
1994Ernest Jones,JoneEr20,1994,3,100,RAM,Ernest Jones,No,DT,DT,23,0,0,29,0,0,0,0,0,0,0,0,0,0,0,13,0,3.5,Oregon,CA
1994Malcolm Floyd,FloyMa01,1994,3,101,HOU,Malcolm Floyd,No,WR,WR,21,0,0,49,0,0,0,0,0,0,0,0,26,351,2,0,0,0,Fresno St.,TX
1994George Hegamin,HegaGe20,1994,3,102,DAL,George Hegamin,No,T,T,21,0,0,64,0,0,0,0,0,0,0,0,0,0,0,0,0,0,North Carolina St.,TX
1994Eric Zomalt,ZomaEr20,1994,3,103,PHI,Eric Zomalt,No,DB,DB,22,0,0,40,0,0,0,0,0,0,0,0,0,0,0,24,0,0,California,PA
1994Corey Sawyer,SawyCo20,1994,4,104,CIN,Corey Sawyer,No,DB,DB,22,0,0,65,0,0,0,0,0,0,0,0,0,0,0,144,11,3.5,Florida St.,OH
1994Kurt Haws,HawsKu20,1994,4,105,WAS,Kurt Haws,No,TE,TE,25,0,0,6,0,0,0,0,0,0,0,0,0,0,0,0,0,0,Utah,DC
1994Bradford Banta,BantBr00,1994,4,106,IND,Bradford Banta,No,TE,TE,23,0,0,156,0,0,0,0,0,0,0,0,2,13,0,8,0,0,USC,IN
1994Perry Carter,CartPe20,1994,4,107,ARI,Perry Carter,No,DB,DB,23,0,0,28,0,0,0,0,0,0,0,0,0,0,0,45,0,0,Southern Miss,AZ
1994Chris Brantley,BranCh00,1994,4,108,RAM,Chris Brantley,No,WR,WR,23,0,0,25,0,0,0,0,0,0,0,0,9,76,1,0,0,0,Rutgers,CA
1994Willie Jackson,JackWi00,1994,4,109,DAL,Willie Jackson,No,WR,WR,23,0,0,113,0,0,0,0,0,4,16,0,284,3641,24,0,0,0,Florida,TX
1994Larry Whigham,WhigLa00,1994,4,110,SEA,Larry Whigham,No,DB,DB,22,0,2,136,0,0,0,0,0,0,0,0,0,0,0,120,4,5,La-Monroe,WA
1994Perry Klein,KleiPe20,1994,4,111,ATL,Perry Klein,No,QB,QB,23,0,0,2,0,1,0,0,0,0,0,0,0,0,0,0,0,0,C.W. Post,GA
1994Ronnie Woolfork,0,1994,4,112,MIA,Ronnie Woolfork,No,LB,LB,0,0,0,0,0,0,0,0,0,0,0,0,0,0,0,0,0,0,Colorado,FL
1994John Reece,ReecJo20,1994,4,113,ARI,John Reece,No,DB,DB,23,0,0,5,0,0,0,0,0,0,0,0,0,0,0,0,0,0,Nebraska,AZ
1994Raymont Harris,HarrRa00,1994,4,114,CHI,Raymont Harris,No,RB,RB,23,0,0,54,0,0,0,0,0,684,2509,16,114,739,1,0,0,0,Ohio St.,IL
1994Terry Irving,IrviTe21,1994,4,115,ARI,Terry Irving,No,LB,LB,23,0,0,70,0,0,0,0,0,0,0,0,0,0,0,102,0,1,McNeese St.,AZ
1994Doug Nussmeier,NussDo00,1994,4,116,NOR,Doug Nussmeier,No,QB,QB,23,0,0,5,46,82,455,1,4,11,36,0,0,0,0,0,0,0,Idaho,LA
1994Orlando Parker,ParkOr20,1994,4,117,NYJ,Orlando Parker,No,WR,WR,22,0,0,2,0,0,0,0,0,0,0,0,1,7,0,0,0,0,Troy,NY
1994Mitch Davis,0,1994,4,118,ATL,Mitch Davis,No,LB,LB,0,0,0,0,0,0,0,0,0,0,0,0,0,0,0,0,0,0,Georgia,GA
1994Mike Davis,DaviMi21,1994,4,119,HOU,Mike Davis,No,DB,DB,22,0,0,19,0,0,0,0,0,0,0,0,0,0,0,2,0,0,Cincinnati,TX
1994Austin Robbins,RobbAu20,1994,4,120,RAI,Austin Robbins,No,DT,DT,23,0,0,80,0,0,0,0,0,0,0,0,0,0,0,61,0,6,North Carolina,CA
1994John Burke,BurkJo00,1994,4,121,NWE,John Burke,No,TE,TE,23,0,0,60,0,0,0,0,0,0,0,0,28,273,0,0,0,0,Virginia Tech,MA
1994Ta'ase Faumui,FaumTa20,1994,4,122,PIT,Ta'ase Faumui,No,DE,DE,23,0,0,8,0,0,0,0,0,0,0,0,0,0,0,2,0,0,Hawaii,PA
1994Randy Fuller,FullRa20,1994,4,123,DEN,Randy Fuller,No,DB,DB,24,0,0,64,0,0,0,0,0,0,0,0,0,0,0,74,1,3,Tennessee St.,CO
1994Vaughn Bryant,0,1994,4,124,DET,Vaughn Bryant,No,DB,DB,0,0,0,0,0,0,0,0,0,0,0,0,0,0,0,0,0,0,Stanford,MI
1994Mike Wells,WellMi23,1994,4,125,MIN,Mike Wells,No,DT,DT,23,0,0,115,0,0,0,0,0,0,0,0,1,13,0,185,1,6.5,Iowa,MN
1994Gabe Wilkins,WilkGa20,1994,4,126,GNB,Gabe Wilkins,No,DE,DE,23,0,0,84,0,0,0,0,0,0,0,0,0,0,0,87,1,13.5,Gardner-Webb,WI
1994Bracy Walker,WalkBr20,1994,4,127,KAN,Bracy Walker,No,DB,DB,23,0,0,167,0,0,0,0,0,0,0,0,0,0,0,289,8,2,North Carolina,MO
1994Chris Maumalanga,MaumCh20,1994,4,128,NYG,Chris Maumalanga,No,DT,DT,22,0,0,14,0,0,0,0,0,0,0,0,0,0,0,6,0,0,Kansas,NY
1994Sean Jackson,0,1994,4,129,HOU,Sean Jackson,No,RB,RB,0,0,0,0,0,0,0,0,0,0,0,0,0,0,0,0,0,0,Florida St.,TX
1994Sean Crocker,0,1994,4,130,BUF,Sean Crocker,No,DB,DB,0,0,0,0,0,0,0,0,0,0,0,0,0,0,0,0,0,0,North Carolina,NY
1994DeWayne Dotson,DotsDe20,1994,4,131,DAL,DeWayne Dotson,No,LB,LB,23,0,0,25,0,0,0,0,0,0,0,0,1,4,0,0,0,0,Mississippi,TX
1994Trent Pollard,PollTr20,1994,5,132,CIN,Trent Pollard,No,T,T,21,0,0,17,0,0,0,0,0,0,0,0,0,0,0,0,0,0,East. Washington,OH
1994John Covington,CoviJo20,1994,5,133,IND,John Covington,No,DB,DB,22,0,0,3,0,0,0,0,0,0,0,0,0,0,0,2,0,0,Notre Dame,IN
1994Shelly Hammonds,HammSh20,1994,5,134,MIN,Shelly Hammonds,No,DB,DB,23,0,0,1,0,0,0,0,0,0,0,0,0,0,0,2,0,0,Penn St.,MN
1994Pat O'Neill,oneilpat01,1994,5,135,NWE,Pat O'Neill,No,P,P,23,0,0,25,0,0,0,0,0,0,0,0,0,0,0,0,0,0,Syracuse,MA
1994Pete Pierson,PierPe20,1994,5,136,TAM,Pete Pierson,No,T,T,23,0,0,102,0,0,0,0,0,0,0,0,0,0,0,0,0,0,Washington,FL
1994Aaron Laing,LainAa00,1994,5,137,SDG,Aaron Laing,No,TE,TE,23,0,0,32,0,0,0,0,0,0,0,0,18,147,1,0,0,0,New Mexico St.,CA
1994Harrison Houston,0,1994,5,138,ATL,Harrison Houston,No,WR,WR,0,0,0,0,0,0,0,0,0,0,0,0,0,0,0,0,0,0,Florida,GA
1994Anthony Redmon,RedmAn20,1994,5,139,ARI,Anthony Redmon,No,G,G,23,0,0,79,0,0,0,0,0,0,0,0,0,0,0,0,0,0,Auburn,AZ
1994Myron Bell,BellMy20,1994,5,140,PIT,Myron Bell,No,DB,DB,23,0,0,112,0,0,0,0,0,0,0,0,0,0,0,215,4,6.5,Michigan St.,PA
1994Issac Booth,BootIs20,1994,5,141,CLE,Issac Booth,No,DB,DB,23,0,0,35,0,0,0,0,0,0,0,0,0,0,0,55,2,0,California,OH
1994Herman Carroll,CarrHe21,1994,5,142,NOR,Herman Carroll,No,DE,DE,23,0,0,4,0,0,0,0,0,0,0,0,0,0,0,0,0,0,Mississippi St.,LA
1994Craig Novitsky,NoviCr20,1994,5,143,NOR,Craig Novitsky,No,G,G,23,0,0,41,0,0,0,0,0,0,0,0,0,0,0,0,0,0,UCLA,LA
1994Marvin Goodwin,0,1994,5,144,PHI,Marvin Goodwin,No,DB,DB,0,0,0,0,0,0,0,0,0,0,0,0,0,0,0,0,0,0,UCLA,PA
1994Rodney Harrison,HarrRo01,1994,5,145,SDG,Rodney Harrison,No,DB,DB,21,2,2,186,0,0,0,0,0,0,0,0,0,0,0,911,34,30.5,West. Illinois,CA
1994Terry Mickens,MickTe00,1994,5,146,GNB,Terry Mickens,No,WR,WR,23,0,0,79,0,0,0,0,0,0,0,0,70,851,4,0,0,0,Florida A&M,WI
1994William Gaines,GainWi20,1994,5,147,MIA,William Gaines,No,DT,DT,23,0,0,51,0,0,0,0,0,0,0,0,0,0,0,60,0,2,Florida,FL
1994Gary Brown,BrowGa20,1994,5,148,PIT,Gary Brown,No,T,T,23,0,0,25,0,0,0,0,0,0,0,0,0,0,0,0,0,0,Georgia Tech,PA
1994Dorsey Levens,LeveDo00,1994,5,149,GNB,Dorsey Levens,No,RB,RB,24,0,1,144,0,2,0,0,0,1243,4955,36,304,2334,17,2,0,0,Georgia Tech,WI
1994Darren Krein,0,1994,5,150,SDG,Darren Krein,No,DE,DE,0,0,0,0,0,0,0,0,0,0,0,0,0,0,0,0,0,0,Miami (FL),CA
1994James Burton,BurtJa20,1994,5,151,KAN,James Burton,No,DB,DB,23,0,0,45,0,0,0,0,0,0,0,0,0,0,0,63,1,0,Fresno St.,MO
1994Horace Morris,0,1994,5,152,NYJ,Horace Morris,No,LB,LB,0,0,0,0,0,0,0,0,0,0,0,0,0,0,0,0,0,0,Tennessee,NY
1994Tony Peterson,PeteTo20,1994,5,153,SFO,Tony Peterson,No,LB,LB,22,0,0,87,0,0,0,0,0,0,0,0,0,0,0,0,0,1,Notre Dame,CA
1994Tony Semple,SempTo20,1994,5,154,DET,Tony Semple,No,G,G,23,0,0,112,0,0,0,0,0,0,0,0,0,0,0,0,0,0,Memphis,MI
1994Chad Bratzke,BratCh20,1994,5,155,NYG,Chad Bratzke,No,DE,DE,23,0,0,129,0,0,0,0,0,0,0,0,0,0,0,297,0,56.5,East. Kentucky,NY
1994Rob Waldrop,WaldRo20,1994,5,156,KAN,Rob Waldrop,No,DT,DT,22,0,0,3,0,0,0,0,0,0,0,0,0,0,0,1,0,0,Arizona,MO
1994Roderick Lewis,LewiRo00,1994,5,157,HOU,Roderick Lewis,No,TE,TE,23,0,0,45,0,0,0,0,0,0,0,0,28,221,0,0,0,0,Arizona,TX
1994A.J. Ofodile,OfodA.00,1994,5,158,BUF,A.J. Ofodile,No,TE,TE,20,0,0,24,0,0,0,0,0,0,0,0,4,25,0,0,0,0,Missouri,NY
1994Roosevelt Patterson,0,1994,5,159,RAI,Roosevelt Patterson,No,G,G,0,0,0,0,0,0,0,0,0,0,0,0,0,0,0,0,0,0,Alabama,CA
1994Tony Vinson,VinsTo00,1994,5,160,SDG,Tony Vinson,No,RB,RB,23,0,0,16,0,0,0,0,0,0,0,0,0,0,0,0,0,0,Towson,CA
1994Jim Reid,ReidJi20,1994,5,161,HOU,Jim Reid,No,T,T,23,0,0,6,0,0,0,0,0,0,0,0,0,0,0,0,0,0,Virginia,TX
1994Kimo von Oelhoffen,vonOKi20,1994,6,162,CIN,Kimo von Oelhoffen,No,DE,DE,23,0,0,198,0,0,0,0,0,0,0,0,0,0,0,253,0,26.5,Boise St.,OH
1994Dexter Nottage,NottDe20,1994,6,163,WAS,Dexter Nottage,No,DE,DE,23,0,0,48,0,0,0,0,0,0,0,0,0,0,0,58,0,6,Florida A&M,DC
1994Lamont Warren,WarrLa00,1994,6,164,IND,Lamont Warren,No,RB,RB,21,0,0,96,0,4,0,0,1,287,922,8,146,1270,5,4,0,0,Colorado,IN
1994Bernard Carter,CartBe20,1994,6,165,TAM,Bernard Carter,No,LB,LB,23,0,0,5,0,0,0,0,0,0,0,0,0,0,0,2,0,0,East Carolina,FL
1994Steve Hawkins,HawkSt20,1994,6,166,NWE,Steve Hawkins,No,WR,WR,23,0,0,7,0,0,0,0,0,0,0,0,2,22,0,0,0,0,West. Michigan,MA
1994Rickey Brady,BradRi20,1994,6,167,RAM,Rickey Brady,No,TE,TE,23,0,0,1,0,0,0,0,0,0,0,0,0,0,0,0,0,0,Oklahoma,CA
1994Max Lane,LaneMa20,1994,6,168,NWE,Max Lane,No,T,T,23,0,0,100,0,0,0,0,0,0,0,0,0,0,0,0,0,0,Navy,MA
1994Jay Kearney,0,1994,6,169,GNB,Jay Kearney,No,WR,WR,0,0,0,0,0,0,0,0,0,0,0,0,0,0,0,0,0,0,West Virginia,WI
1994Lloyd Hill,0,1994,6,170,CHI,Lloyd Hill,No,WR,WR,0,0,0,0,0,0,0,0,0,0,0,0,0,0,0,0,0,0,Texas Tech,IL
1994Robert Strait,0,1994,6,171,CLE,Robert Strait,No,RB,RB,0,0,0,0,0,0,0,0,0,0,0,0,0,0,0,0,0,0,Baylor,OH
1994Terry Samuels,SamuTe20,1994,6,172,ARI,Terry Samuels,No,TE,TE,24,0,0,20,0,0,0,0,0,1,1,0,10,76,0,0,0,0,Kentucky,AZ
1994Fred Lester,0,1994,6,173,NYJ,Fred Lester,No,RB,RB,0,0,0,0,0,0,0,0,0,0,0,0,0,0,0,0,0,0,Alabama A&M,NY
1994Ryan McCoy,0,1994,6,174,PHI,Ryan McCoy,No,LB,LB,0,0,0,0,0,0,0,0,0,0,0,0,0,0,0,0,0,0,Houston,PA
1994Ruffin Hamilton,HamiRu20,1994,6,175,GNB,Ruffin Hamilton,No,LB,LB,23,0,0,44,0,0,0,0,0,0,0,0,0,0,0,7,0,0,Tulane,WI
1994Derrell Mitchell,MitcDe00,1994,6,176,NOR,Derrell Mitchell,No,WR,WR,23,0,0,14,0,0,0,0,0,0,0,0,1,13,0,0,0,0,Texas Tech,LA
1994Brant Boyer,BoyeBr20,1994,6,177,MIA,Brant Boyer,No,LB,LB,23,0,0,130,0,1,0,0,0,1,7,0,0,0,0,226,6,13,Arizona,FL
1994Jim Miller,MillJi00,1994,6,178,PIT,Jim Miller,No,QB,QB,23,0,0,37,610,1046,6387,36,31,55,4,0,0,0,0,1,0,0,Michigan St.,PA
1994Andrew Jordan,JordAn00,1994,6,179,MIN,Andrew Jordan,No,TE,TE,22,0,0,92,0,0,0,0,0,0,0,0,100,772,4,1,0,0,West. Carolina,MN
1994Eric Ravotti,RavoEr20,1994,6,180,PIT,Eric Ravotti,No,LB,LB,23,0,0,23,0,0,0,0,0,0,0,0,0,0,0,12,0,2,Penn St.,PA
1994Bill Schroeder,SchrBi00,1994,6,181,GNB,Bill Schroeder,No,WR,WR,23,0,0,111,0,1,0,0,0,3,17,0,304,4583,28,6,0,0,Wisc-LaCrosse,WI
1994Lee Woodall,WoodLe00,1994,6,182,SFO,Lee Woodall,No,LB,LB,24,0,2,124,0,0,0,0,0,0,0,0,0,0,0,356,6,10,West Chester,CA
1994Jocelyn Borgella,BorgJo20,1994,6,183,DET,Jocelyn Borgella,No,DB,DB,23,0,0,15,0,0,0,0,0,0,0,0,0,0,0,0,0,0,Cincinnati,MI
1994Jerry Reynolds,ReynJe20,1994,6,184,CIN,Jerry Reynolds,No,T,T,24,0,0,25,0,0,0,0,0,0,0,0,0,0,0,0,0,0,UNLV,OH
1994Anthony Daigle,DaigAn20,1994,6,185,KAN,Anthony Daigle,No,RB,RB,24,0,0,1,0,0,0,0,0,0,0,0,0,0,0,0,0,0,Fresno St.,MO
1994Jason Winrow,0,1994,6,186,NYG,Jason Winrow,No,G,G,0,0,0,0,0,0,0,0,0,0,0,0,0,0,0,0,0,0,Ohio St.,NY
1994Lee Gissendaner,0,1994,6,187,HOU,Lee Gissendaner,No,WR,WR,0,0,0,0,0,0,0,0,0,0,0,0,0,0,0,0,0,0,Northwestern,TX
1994Anthony Abrams,0,1994,6,188,BUF,Anthony Abrams,No,DE,DE,0,0,0,0,0,0,0,0,0,0,0,0,0,0,0,0,0,0,,NY
1994Ronald Edwards,0,1994,6,189,RAM,Ronald Edwards,No,T,T,0,0,0,0,0,0,0,0,0,0,0,0,0,0,0,0,0,0,North Carolina A&T,CA
1994Paul Duckworth,0,1994,6,190,GNB,Paul Duckworth,No,LB,LB,0,0,0,0,0,0,0,0,0,0,0,0,0,0,0,0,0,0,Connecticut,WI
1994Darren Studstill,StudDa21,1994,6,191,DAL,Darren Studstill,No,DB,DB,24,0,0,16,0,0,0,0,0,0,0,0,0,0,0,0,0,0,West Virginia,TX
1994Kevin Knox,KnoxKe20,1994,6,192,BUF,Kevin Knox,No,WR,WR,23,0,0,2,0,0,0,0,0,0,0,0,0,0,0,0,0,0,Florida St.,NY
1994Mitch Berger,BergMi20,1994,6,193,PHI,Mitch Berger,No,P,P,22,0,2,187,0,3,0,0,1,3,0,0,0,0,0,15,0,0,Colorado,PA
1994Barron Wortham,WortBa20,1994,6,194,HOU,Barron Wortham,No,LB,LB,24,0,0,108,0,0,0,0,0,0,0,0,0,0,0,253,2,3.5,Texas-El Paso,TX
1994Ramondo Stallings,StalRa20,1994,7,195,CIN,Ramondo Stallings,No,DE,DE,22,0,0,38,0,0,0,0,0,0,0,0,0,0,0,34,0,3,San Diego St.,OH
1994Lance Teichelman,TeicLa20,1994,7,196,IND,Lance Teichelman,No,DE,DE,23,0,0,1,0,0,0,0,0,0,0,0,0,0,0,0,0,0,Texas A&M,IN
1994Gus Frerotte,FrerGu00,1994,7,197,WAS,Gus Frerotte,No,QB,QB,23,0,1,147,1699,3106,21291,114,106,196,315,6,0,0,0,3,0,0,Tulsa,DC
1994Jay Walker,WalkJa22,1994,7,198,NWE,Jay Walker,No,QB,QB,22,0,0,1,2,2,31,0,0,0,0,0,0,0,0,0,0,0,Howard,MA
1994Steve Matthews,MattSt00,1994,7,199,KAN,Steve Matthews,No,QB,QB,23,0,0,3,28,43,299,0,0,1,10,0,0,0,0,0,0,0,Memphis,MO
1994Jim Pyne,PyneJi20,1994,7,200,TAM,Jim Pyne,No,G,G,22,0,0,81,0,0,0,0,0,0,0,0,0,0,0,0,0,0,Virginia Tech,FL
1994Jamal Anderson,AndeJa00,1994,7,201,ATL,Jamal Anderson,No,RB,RB,22,1,1,88,1,6,27,1,1,1329,5336,34,156,1645,7,0,0,0,Utah,GA
1994Carlester Crumpler,CrumCa00,1994,7,202,SEA,Carlester Crumpler,No,TE,TE,23,0,0,78,0,0,0,0,0,0,0,0,90,979,4,0,0,0,East Carolina,WA
1994Andre Hewitt,0,1994,7,203,CLE,Andre Hewitt,No,T,T,0,0,0,0,0,0,0,0,0,0,0,0,0,0,0,0,0,0,Clemson,OH
1994Frank Harvey,HarvFr20,1994,7,204,ARI,Frank Harvey,No,RB,RB,23,0,0,2,0,0,0,0,0,0,0,0,0,0,0,0,0,0,Georgia,AZ
1994Dennis Collier,0,1994,7,205,CHI,Dennis Collier,No,DB,DB,0,0,0,0,0,0,0,0,0,0,0,0,0,0,0,0,0,0,Colorado,IL
1994Mark Montgomery,0,1994,7,206,PHI,Mark Montgomery,No,RB,RB,0,0,0,0,0,0,0,0,0,0,0,0,0,0,0,0,0,0,Wisconsin,PA
1994Zane Beehn,0,1994,7,207,SDG,Zane Beehn,No,LB,LB,0,0,0,0,0,0,0,0,0,0,0,0,0,0,0,0,0,0,Kentucky,CA
1994Glenn Foley,FoleGl00,1994,7,208,NYJ,Glenn Foley,No,QB,QB,23,0,0,21,207,382,2469,12,16,19,32,0,1,-9,0,0,0,0,Boston Col.,NY
1994Brice Abrams,0,1994,7,209,PIT,Brice Abrams,No,RB,RB,0,0,0,0,0,0,0,0,0,0,0,0,0,0,0,0,0,0,Michigan St.,PA
1994Keith Burns,BurnKe21,1994,7,210,DEN,Keith Burns,No,LB,LB,22,0,0,197,0,0,0,0,0,0,0,0,0,0,0,116,1,1.5,Oklahoma St.,CO
1994Pete Bercich,BercPe20,1994,7,211,MIN,Pete Bercich,No,LB,LB,22,0,0,57,0,0,0,0,0,0,0,0,0,0,0,33,0,0,Notre Dame,MN
1994Butler By'not'e,BynoBu20,1994,7,212,DEN,Butler By'not'e,No,RB,RB,22,0,0,16,0,0,0,0,0,0,0,0,0,0,0,0,0,0,Ohio St.,CO
1994Lance Lundberg,0,1994,7,213,NOR,Lance Lundberg,No,T,T,0,0,0,0,0,0,0,0,0,0,0,0,0,0,0,0,0,0,Nebraska,LA
1994Sean Hill,HillSe20,1994,7,214,MIA,Sean Hill,No,DB,DB,23,0,0,44,0,0,0,0,0,0,0,0,0,0,0,37,1,1,Montana St.,FL
1994Tom Beer,BeerTo20,1994,7,215,DET,Tom Beer,No,LB,LB,25,0,0,41,0,0,0,0,0,0,0,0,0,0,0,1,0,0,Saginaw Valley St.,MI
1994Toddrick McIntosh,McInTo20,1994,7,216,DAL,Toddrick McIntosh,No,DE,DE,22,0,0,15,0,0,0,0,0,0,0,0,0,0,0,8,0,2,Florida St.,TX
1994Rob Holmberg,HolmRo20,1994,7,217,RAI,Rob Holmberg,No,LB,LB,23,0,0,112,0,0,0,0,0,0,0,0,0,0,0,40,0,2,Penn St.,CA
1994Tom Nalen,NaleTo00,1994,7,218,DEN,Tom Nalen,No,C,C,23,2,5,194,0,0,0,0,0,0,0,0,1,-1,0,0,0,0,Boston Col.,CO
1994Tracy Greene,GreeTr01,1994,7,219,KAN,Tracy Greene,No,TE,TE,21,0,0,23,0,0,0,0,0,0,0,0,6,69,1,0,0,0,Grambling St.,MO
1994Lemanski Hall,HallLe20,1994,7,220,HOU,Lemanski Hall,No,LB,LB,23,0,0,101,0,0,0,0,0,0,0,0,0,0,0,90,0,4,Alabama,TX
1994Filmel Johnson,JohnFi20,1994,7,221,BUF,Filmel Johnson,No,DB,DB,23,0,0,2,0,0,0,0,0,0,0,0,0,0,0,5,0,0,Illinois,NY
1994Marty Moore,MoorMa23,1994,7,222,NWE,Marty Moore,No,LB,LB,23,0,0,112,0,0,0,0,0,0,0,0,0,0,0,110,3,1,Kentucky,MA
1993Drew Bledsoe,BledDr00,1993,1,1,NWE,Drew Bledsoe,No,QB,QB,21,0,4,194,3839,6717,44611,251,206,385,764,10,1,-9,0,0,0,0,,MA
1993Rick Mirer,MireRi00,1993,1,2,SEA,Rick Mirer,No,QB,QB,23,0,0,80,1088,2043,11969,50,76,242,1130,9,0,0,0,0,0,0,,WA
1993Garrison Hearst,HearGa00,1993,1,3,PHO,Garrison Hearst,No,RB,RB,22,0,2,126,2,4,26,1,1,1831,7966,30,229,2065,9,0,0,0,,AZ
1993Marvin Jones,JoneMa23,1993,1,4,NYJ,Marvin Jones,No,LB,LB,21,0,0,142,0,0,0,0,0,0,0,0,0,0,0,0,0,0,,NY
1993John Copeland,CopeJo20,1993,1,5,CIN,John Copeland,No,DE,DE,23,0,0,107,0,0,0,0,0,0,0,0,0,0,0,0,0,0,,OH
1993Eric Curry,CurrEr20,1993,1,6,TAM,Eric Curry,No,DE,DE,23,0,0,75,0,0,0,0,0,0,0,0,0,0,0,0,0,0,,FL
1993Curtis Conway,ConwCu00,1993,1,7,CHI,Curtis Conway,No,WR,WR,22,0,0,167,2,5,56,2,0,50,465,3,594,8230,52,0,0,0,,IL
1993Willie Roaf,RoafWi00,1993,1,8,NOR,Willie Roaf,No,T,T,23,3,11,189,0,0,0,0,0,0,0,0,0,0,0,0,0,0,,LA
1993Lincoln Kennedy,KennLi00,1993,1,9,ATL,Lincoln Kennedy,No,T,T,22,1,3,169,0,0,0,0,0,0,0,0,0,0,0,0,0,0,,GA
1993Jerome Bettis,BettJe00,1993,1,10,RAM,Jerome Bettis,No,RB,RB,21,2,6,192,3,6,63,3,1,3479,13662,91,200,1449,3,0,0,0,,CA
1993Dan Williams,WillDa20,1993,1,11,DEN,Dan Williams,No,DE,DE,23,0,0,87,0,0,0,0,0,0,0,0,0,0,0,0,0,0,,CO
1993Patrick Bates,BatePa20,1993,1,12,RAI,Patrick Bates,No,DB,DB,22,0,0,44,0,0,0,0,0,0,0,0,0,0,0,0,0,0,,CA
1993Brad Hopkins,HopkBr00,1993,1,13,HOU,Brad Hopkins,No,T,T,23,0,2,194,0,0,0,0,0,0,0,0,0,0,0,0,0,0,,TX
1993Steve Everitt,EverSt20,1993,1,14,CLE,Steve Everitt,No,C,C,23,0,0,103,0,0,0,0,0,0,0,0,0,0,0,0,0,0,,OH
1993Wayne Simmons,SimmWa20,1993,1,15,GNB,Wayne Simmons,No,LB,LB,23,0,0,90,0,0,0,0,0,0,0,0,0,0,0,0,0,0,,WI
1993Sean Dawkins,DawkSe00,1993,1,16,IND,Sean Dawkins,No,WR,WR,22,0,0,140,0,0,0,0,0,0,0,0,445,6291,25,0,0,0,,IN
1993Tom Carter,CartTo20,1993,1,17,WAS,Tom Carter,No,DB,DB,21,0,0,118,0,0,0,0,0,0,0,0,0,0,0,0,0,0,,DC
1993Ernest Dye,DyexEr20,1993,1,18,PHO,Ernest Dye,No,T,T,22,0,0,50,0,0,0,0,0,0,0,0,0,0,0,0,0,0,,AZ
1993Lester Holmes,HolmLe20,1993,1,19,PHI,Lester Holmes,No,G,G,24,0,0,102,0,0,0,0,0,0,0,0,0,0,0,0,0,0,,PA
1993Irv Smith,SmitIr00,1993,1,20,NOR,Irv Smith,No,TE,TE,21,0,0,95,0,0,0,0,0,0,0,0,183,1788,15,0,0,0,,LA
1993Robert Smith,SmitRo00,1993,1,21,MIN,Robert Smith,No,RB,RB,21,0,2,98,0,0,0,0,0,1411,6818,32,178,1292,6,0,0,0,,MN
1993Darrien Gordon,GordDa20,1993,1,22,SDG,Darrien Gordon,No,DB,DB,22,0,0,138,0,0,0,0,0,0,0,0,0,0,0,0,0,0,,CA
1993Deon Figures,FiguDe20,1993,1,23,PIT,Deon Figures,No,DB,DB,23,0,0,93,0,0,0,0,0,0,0,0,0,0,0,0,0,0,,PA
1993Leonard Renfro,RenfLe20,1993,1,24,PHI,Leonard Renfro,No,DT,DT,23,0,0,23,0,0,0,0,0,0,0,0,0,0,0,0,0,0,,PA
1993O.J. McDuffie,McDuO.00,1993,1,25,MIA,O.J. McDuffie,No,WR,WR,23,0,0,116,0,0,0,0,0,15,49,0,415,5074,29,0,0,0,,FL
1993Dana Stubblefield,StubDa00,1993,1,26,SFO,Dana Stubblefield,No,DT,DT,22,1,3,154,0,0,0,0,0,0,0,0,0,0,0,0,0,0,,CA
1993Todd Kelly,KellTo20,1993,1,27,SFO,Todd Kelly,No,LB,LB,22,0,0,45,0,0,0,0,0,0,0,0,0,0,0,0,0,0,,CA
1993Thomas Smith,SmitTh21,1993,1,28,BUF,Thomas Smith,No,DB,DB,22,0,0,137,0,0,0,0,0,0,0,0,0,0,0,0,0,0,,NY
1993George Teague,TeagGe20,1993,1,29,GNB,George Teague,No,DB,DB,22,0,0,133,0,0,0,0,0,0,0,0,0,0,0,0,0,0,,WI
1993Carlton Gray,GrayCa20,1993,2,30,SEA,Carlton Gray,No,DB,DB,22,0,0,102,0,0,0,0,0,0,0,0,0,0,0,0,0,0,,WA
1993Chris Slade,SladCh00,1993,2,31,NWE,Chris Slade,No,LB,LB,22,0,1,142,0,0,0,0,0,0,0,0,0,0,0,0,0,0,,MA
1993Ben Coleman,ColeBe20,1993,2,32,PHO,Ben Coleman,No,G,G,22,0,0,135,0,0,0,0,0,0,0,0,0,0,0,0,0,0,,AZ
1993Ryan McNeil,McNeRy20,1993,2,33,DET,Ryan McNeil,No,DB,DB,22,0,1,161,0,0,0,0,0,0,0,0,0,0,0,0,0,0,,MI
1993Demetrious DuBose,DuBoDe20,1993,2,34,TAM,Demetrious DuBose,No,LB,LB,22,0,0,60,0,0,0,0,0,0,0,0,0,0,0,0,0,0,,FL
1993Carl Simpson,SimpCa20,1993,2,35,CHI,Carl Simpson,No,DT,DT,23,0,0,87,0,0,0,0,0,0,0,0,0,0,0,0,0,0,,IL
1993Coleman Rudolph,RudoCo20,1993,2,36,NYJ,Coleman Rudolph,No,DE,DE,22,0,0,48,0,0,0,0,0,0,0,0,0,0,0,0,0,0,,NY
1993Tony McGee,McGeTo00,1993,2,37,CIN,Tony McGee,No,TE,TE,22,0,0,156,0,0,0,0,0,0,0,0,322,4089,21,0,0,0,,OH
1993Roger Harper,HarpRo20,1993,2,38,ATL,Roger Harper,No,DB,DB,22,0,0,56,0,0,0,0,0,0,0,0,0,0,0,0,0,0,,GA
1993Troy Drayton,DrayTr00,1993,2,39,RAM,Troy Drayton,No,TE,TE,23,0,0,122,0,0,0,0,0,2,11,0,243,2645,24,0,0,0,,CA
1993Michael Strahan,StraMi02,1993,2,40,NYG,Michael Strahan,No,DE,DE,21,4,7,216,0,0,0,0,0,0,0,0,0,0,0,0,0,0,,NY
1993Natrone Means,MeanNa00,1993,2,41,SDG,Natrone Means,No,RB,RB,21,0,1,88,0,2,0,0,0,1409,5215,45,103,631,2,0,0,0,,CA
1993Dan Footman,FootDa20,1993,2,42,CLE,Dan Footman,No,DE,DE,24,0,0,69,0,0,0,0,0,0,0,0,0,0,0,0,0,0,,OH
1993Glyn Milburn,MilbGl00,1993,2,43,DEN,Glyn Milburn,No,RB,RB,22,1,2,138,0,0,0,0,0,183,817,2,170,1322,6,0,0,0,,CO
1993Chad Brown,BrowCh04,1993,2,44,PIT,Chad Brown,No,LB,LB,23,2,3,188,0,0,0,0,0,0,0,0,0,0,0,0,0,0,,PA
1993Reggie Brooks,BrooRe00,1993,2,45,WAS,Reggie Brooks,No,RB,RB,22,0,0,41,0,0,0,0,0,437,1726,7,37,267,0,0,0,0,,DC
1993Kevin Williams,WillKe00,1993,2,46,DAL,Kevin Williams,No,WR,WR,22,0,0,121,0,0,0,0,0,34,167,2,178,2314,7,0,0,0,,TX
1993Micheal Barrow,BarrMi20,1993,2,47,HOU,Micheal Barrow,No,LB,LB,23,0,0,173,0,0,0,0,0,0,0,0,0,0,0,0,0,0,,TX
1993Adrian Hardy,HardAd20,1993,2,48,SFO,Adrian Hardy,No,DB,DB,23,0,0,36,0,0,0,0,0,0,0,0,0,0,0,0,0,0,,CA
1993Roosevelt Potts,PottRo00,1993,2,49,IND,Roosevelt Potts,No,RB,RB,22,0,0,71,0,0,0,0,0,359,1475,1,106,863,4,0,0,0,,IN
1993Victor Bailey,BailVi00,1993,2,50,PHI,Victor Bailey,No,WR,WR,23,0,0,34,0,0,0,0,0,0,0,0,62,868,2,0,0,0,,PA
1993Todd Rucci,RuccTo20,1993,2,51,NWE,Todd Rucci,No,G,G,23,0,0,85,0,0,0,0,0,0,0,0,0,0,0,0,0,0,,MA
1993Qadry Ismail,IsmaQa00,1993,2,52,MIN,Qadry Ismail,No,WR,WR,22,0,0,137,0,0,0,0,0,5,25,0,353,5137,33,0,0,0,,MN
1993Reggie Freeman,FreeRe20,1993,2,53,NOR,Reggie Freeman,No,LB,LB,23,0,0,10,0,0,0,0,0,0,0,0,0,0,0,0,0,0,,LA
1993Darrin Smith,SmitDa22,1993,2,54,DAL,Darrin Smith,No,LB,LB,23,0,0,156,0,0,0,0,0,0,0,0,0,0,0,0,0,0,,TX
1993John Parrella,ParrJo20,1993,2,55,BUF,John Parrella,No,DT,DT,23,0,0,172,0,0,0,0,0,0,0,0,0,0,0,0,0,0,,NY
1993Vincent Brisby,BrisVi00,1993,2,56,NWE,Vincent Brisby,No,WR,WR,22,0,0,86,0,0,0,0,0,0,0,0,221,3202,14,0,0,0,,MA
1993John Gerak,GeraJo20,1993,3,57,MIN,John Gerak,No,G,G,23,0,0,63,0,0,0,0,0,0,0,0,1,3,0,0,0,0,,MN
1993Billy Joe Hobert,HobeBi00,1993,3,58,RAI,Billy Joe Hobert,No,QB,QB,22,0,0,29,275,527,3371,23,25,33,121,1,0,0,0,0,0,0,,CA
1993Steve Tovar,TovaSt20,1993,3,59,CIN,Steve Tovar,No,LB,LB,23,0,0,121,0,0,0,0,0,0,0,0,0,0,0,0,0,0,,OH
1993Lamar Thomas,ThomLa00,1993,3,60,TAM,Lamar Thomas,No,WR,WR,23,0,0,73,0,0,0,0,0,1,5,0,106,1558,10,0,0,0,,FL
1993Chris Gedney,GednCh00,1993,3,61,CHI,Chris Gedney,No,TE,TE,23,0,0,73,0,0,0,0,0,1,15,0,83,914,8,0,0,0,,IL
1993Antonio London,LondAn20,1993,3,62,DET,Antonio London,No,LB,LB,22,0,0,76,0,0,0,0,0,0,0,0,0,0,0,0,0,0,,MI
1993Ty Parten,PartTy20,1993,3,63,CIN,Ty Parten,No,DE,DE,23,0,0,62,0,0,0,0,0,0,0,0,0,0,0,0,0,0,,OH
1993Joe Cocozzo,CocoJo20,1993,3,64,SDG,Joe Cocozzo,No,G,G,23,0,0,77,0,0,0,0,0,0,0,0,0,0,0,0,0,0,,CA
1993Ray Buchanan,BuchRa00,1993,3,65,IND,Ray Buchanan,No,DB,DB,22,0,1,184,0,0,0,0,0,0,0,0,0,0,0,0,0,0,,IN
1993Marcus Buckley,BuckMa20,1993,3,66,NYG,Marcus Buckley,No,LB,LB,22,0,0,101,0,0,0,0,0,0,0,0,0,0,0,0,0,0,,NY
1993Harold Alexander,AlexHa20,1993,3,67,ATL,Harold Alexander,No,P,P,22,0,0,31,0,0,0,0,0,3,-7,0,0,0,0,0,0,0,,GA
1993Mike Compton,CompMi20,1993,3,68,DET,Mike Compton,No,G,G,23,0,0,151,0,0,0,0,0,0,0,0,0,0,0,0,0,0,,MI
1993Rondell Jones,JoneRo26,1993,3,69,DEN,Rondell Jones,No,DB,DB,22,0,0,76,0,0,0,0,0,0,0,0,0,0,0,0,0,0,,CO
1993Jason Elam,amxjas01,1993,3,70,DEN,Jason Elam,No,K,K,23,0,3,263,0,0,0,0,0,1,2,0,0,0,0,0,0,0,,CO
1993Rick Hamilton,HamiRi20,1993,3,71,WAS,Rick Hamilton,No,LB,LB,23,0,0,34,0,0,0,0,0,0,0,0,0,0,0,0,0,0,,DC
1993James Trapp,TrapJa20,1993,3,72,RAI,James Trapp,No,DB,DB,23,0,0,149,0,0,0,0,0,0,0,0,0,0,0,0,0,0,,CA
1993Russell White,WhitRu20,1993,3,73,RAM,Russell White,No,RB,RB,22,0,0,5,0,0,0,0,0,2,10,0,0,0,0,0,0,0,,CA
1993Will Shields,ShieWi00,1993,3,74,KAN,Will Shields,No,G,G,22,2,12,224,0,0,0,0,0,0,0,0,1,4,0,0,0,0,,MO
1993Derrick Frazier,FrazDe20,1993,3,75,PHI,Derrick Frazier,No,DB,DB,23,0,0,25,0,0,0,0,0,0,0,0,0,0,0,0,0,0,,PA
1993Andre Hastings,HastAn00,1993,3,76,PIT,Andre Hastings,No,WR,WR,22,0,0,104,0,0,0,0,0,13,156,0,266,3307,18,0,0,0,,PA
1993Mike Reid,ReidMi21,1993,3,77,PHI,Mike Reid,No,DB,DB,22,0,0,12,0,0,0,0,0,0,0,0,0,0,0,0,0,0,,PA
1993Terry Kirby,KirbTe00,1993,3,78,MIA,Terry Kirby,No,RB,RB,23,0,0,110,4,6,85,3,0,761,2875,27,333,3222,12,0,0,0,,FL
1993Gilbert Brown,BrowGi20,1993,3,79,MIN,Gilbert Brown,No,DT,DT,22,0,0,125,0,0,0,0,0,0,0,0,0,0,0,0,0,0,,MN
1993Ed Bunn,Ed Bunn,1993,3,80,WAS,Ed Bunn,No,P,P,0,0,0,0,0,0,0,0,0,0,0,0,0,0,0,0,0,0,,DC
1993Earl Dotson,DotsEa20,1993,3,81,GNB,Earl Dotson,No,T,T,22,0,0,120,0,0,0,0,0,0,0,0,0,0,0,0,0,0,,WI
1993John Lynch,LyncJo00,1993,3,82,TAM,John Lynch,No,DB,DB,22,2,9,224,0,0,0,0,0,1,40,0,0,0,0,0,0,0,,FL
1993Mike Caldwell,CaldMi20,1993,3,83,CLE,Mike Caldwell,No,LB,LB,22,0,0,159,0,0,0,0,0,0,0,0,0,0,0,0,0,0,,OH
1993Mike Middleton,iddleton,1993,3,84,DAL,Mike Middleton,No,DB,DB,0,0,0,0,0,0,0,0,0,0,0,0,0,0,0,0,0,0,,TX
1993Dean Wells,WellDe20,1993,4,85,SEA,Dean Wells,No,LB,LB,23,0,0,129,0,0,0,0,0,0,0,0,0,0,0,0,0,0,,WA
1993Kevin Johnson,JohnKe28,1993,4,86,NWE,Kevin Johnson,No,DT,DT,22,0,0,38,0,0,0,0,0,0,0,0,0,0,0,0,0,0,,MA
1993Ronald Moore,MoorRo01,1993,4,87,PHO,Ronald Moore,No,RB,RB,23,0,0,77,0,1,0,0,0,624,2210,14,24,153,1,0,0,0,,AZ
1993David Ware,vid Ware,1993,4,88,NYJ,David Ware,No,T,T,0,0,0,0,0,0,0,0,0,0,0,0,0,0,0,0,0,0,,NY
1993Lorenzo Neal,NealLo00,1993,4,89,NOR,Lorenzo Neal,No,FB,FB,22,2,4,239,0,0,0,0,0,226,807,6,199,1086,12,0,0,0,,LA
1993Marcello Simmons,SimmMa20,1993,4,90,CIN,Marcello Simmons,No,DB,DB,22,0,0,16,0,0,0,0,0,0,0,0,0,0,0,0,0,0,,OH
1993Rudy Harris,HarrRu20,1993,4,91,TAM,Rudy Harris,No,RB,RB,22,0,0,18,0,0,0,0,0,9,29,0,6,59,0,0,0,0,,FL
1993Derwin Gray,GrayDe20,1993,4,92,IND,Derwin Gray,No,DB,DB,22,0,0,67,0,0,0,0,0,0,0,0,0,0,0,0,0,0,,IN
1993Greg Bishop,BishGr20,1993,4,93,NYG,Greg Bishop,No,G,G,22,0,0,101,0,0,0,0,0,0,0,0,0,0,0,0,0,0,,NY
1993Derrick Lassic,LassDe00,1993,4,94,DAL,Derrick Lassic,No,RB,RB,23,0,0,10,0,0,0,0,0,75,269,3,9,37,0,0,0,0,,TX
1993Raylee Johnson,JohnRa22,1993,4,95,SDG,Raylee Johnson,No,DE,DE,23,0,0,159,0,0,0,0,0,0,0,0,0,0,0,0,0,0,,CA
1993Ron Stone,StonRo00,1993,4,96,DAL,Ron Stone,No,G,G,22,0,3,173,0,0,0,0,0,0,0,0,0,0,0,0,0,0,,TX
1993Todd Perry,PerrTo20,1993,4,97,CHI,Todd Perry,No,G,G,22,0,0,165,0,0,0,0,0,0,0,0,0,0,0,0,0,0,,IL
1993Jeff Robinson,RobiJe00,1993,4,98,DEN,Jeff Robinson,No,TE,TE,23,0,0,202,0,0,0,0,0,0,0,0,28,278,8,0,0,0,,CO
1993Lewis Bush,BushLe20,1993,4,99,SDG,Lewis Bush,No,LB,LB,23,0,0,141,0,0,0,0,0,0,0,0,0,0,0,0,0,0,,CA
1993Myron Baker,BakeMy20,1993,4,100,CHI,Myron Baker,No,LB,LB,22,0,0,66,0,0,0,0,0,0,0,0,0,0,0,0,0,0,,IL
1993Sterling Palmer,PalmSt20,1993,4,101,WAS,Sterling Palmer,No,DE,DE,22,0,0,49,0,0,0,0,0,0,0,0,0,0,0,0,0,0,,DC
1993Travis Hannah,HannTr00,1993,4,102,HOU,Travis Hannah,No,WR,WR,23,0,0,37,0,0,0,0,0,1,5,0,13,166,0,0,0,0,,TX
1993Jaime Fields,FielJa20,1993,4,103,KAN,Jaime Fields,No,LB,LB,23,0,0,17,0,0,0,0,0,0,0,0,0,0,0,0,0,0,,MO
1993Horace Copeland,CopeHo00,1993,4,104,TAM,Horace Copeland,No,WR,WR,22,0,0,60,0,0,0,0,0,3,34,0,115,1977,7,0,0,0,,FL
1993Ronnie Bradford,BradRo20,1993,4,105,MIA,Ronnie Bradford,No,DB,DB,22,0,0,133,0,0,0,0,0,0,0,0,0,0,0,0,0,0,,FL
1993Ashley Sheppard,ShepAs20,1993,4,106,MIN,Ashley Sheppard,No,LB,LB,24,0,0,21,0,0,0,0,0,0,0,0,0,0,0,0,0,0,,MN
1993Devon McDonald,McDoDe20,1993,4,107,IND,Devon McDonald,No,LB,LB,23,0,0,63,0,0,0,0,0,0,0,0,0,0,0,0,0,0,,IN
1993Kevin Henry,HenrKe20,1993,4,108,PIT,Kevin Henry,No,DE,DE,24,0,0,117,0,0,0,0,0,0,0,0,0,0,0,0,0,0,,PA
1993Derek Brown,BrowDe01,1993,4,109,NOR,Derek Brown,No,RB,RB,22,0,0,56,0,0,0,0,0,388,1383,6,108,918,3,0,0,0,,LA
1993Corwin Brown,BrowCo21,1993,4,110,NWE,Corwin Brown,No,DB,DB,23,0,0,120,0,0,0,0,0,0,0,0,1,26,0,0,0,0,,MA
1993Russell Copeland,CopeRu00,1993,4,111,BUF,Russell Copeland,No,WR,WR,21,0,0,72,0,0,0,0,0,2,-8,0,103,1460,2,0,0,0,,NY
1993Albert Fontenot,FontAl20,1993,4,112,CHI,Albert Fontenot,No,DE,DE,23,0,0,130,0,0,0,0,0,0,0,0,0,0,0,0,0,0,,IL
1993Scott Sisson,ssosco01,1993,5,113,NWE,Scott Sisson,No,K,K,22,0,0,29,0,0,0,0,0,0,0,0,0,0,0,0,0,0,,MA
1993Terrence Warren,WarrTe20,1993,5,114,SEA,Terrence Warren,No,WR,WR,24,0,0,17,0,0,0,0,0,3,15,0,0,0,0,0,0,0,,WA
1993Fred Baxter,BaxtFr00,1993,5,115,NYJ,Fred Baxter,No,TE,TE,22,0,0,134,0,0,0,0,0,0,0,0,100,1008,12,0,0,0,,NY
1993Artie Smith,SmitAr21,1993,5,116,SFO,Artie Smith,No,DE,DE,23,0,0,73,0,0,0,0,0,0,0,0,0,0,0,0,0,0,,CA
1993Forey Duckett,DuckFo20,1993,5,117,CIN,Forey Duckett,No,DB,DB,23,0,0,7,0,0,0,0,0,0,0,0,0,0,0,0,0,0,,OH
1993Mark Brunell,BrunMa00,1993,5,118,GNB,Mark Brunell,No,QB,QB,23,0,3,193,2761,4640,32072,184,108,513,2421,15,0,0,0,0,0,0,,WI
1993James Willis,WillJa28,1993,5,119,GNB,James Willis,No,LB,LB,21,0,0,93,0,0,0,0,0,0,0,0,0,0,0,0,0,0,,WI
1993Adrian Murrell,MurrAd00,1993,5,120,NYJ,Adrian Murrell,No,RB,RB,22,0,0,122,0,0,0,0,0,1375,5199,23,214,1369,5,0,0,0,,NY
1993Ron George,GeorRo20,1993,5,121,ATL,Ron George,No,LB,LB,23,0,0,124,0,0,0,0,0,0,0,0,0,0,0,0,0,0,,GA
1993Sean LaChapelle,LaChSe00,1993,5,122,RAM,Sean LaChapelle,No,WR,WR,23,0,0,22,0,0,0,0,0,0,0,0,29,445,2,0,0,0,,CA
1993Tommy Thigpen, Thigpen,1993,5,123,NYG,Tommy Thigpen,No,LB,LB,0,0,0,0,0,0,0,0,0,0,0,0,0,0,0,0,0,0,,NY
1993Herman Arvie,ArviHe20,1993,5,124,CLE,Herman Arvie,No,T,T,22,0,0,62,0,0,0,0,0,0,0,0,1,1,1,0,0,0,,OH
1993Olanda Truitt,TruiOl00,1993,5,125,RAI,Olanda Truitt,No,WR,WR,22,0,0,46,0,0,0,0,0,0,0,0,22,374,3,0,0,0,,CA
1993Kevin Williams,WillKe23,1993,5,126,DEN,Kevin Williams,No,RB,RB,23,0,0,3,0,0,0,0,0,0,0,0,0,0,0,0,0,0,,CO
1993Chuck Belin,BeliCh20,1993,5,127,RAM,Chuck Belin,No,G,G,22,0,0,21,0,0,0,0,0,0,0,0,0,0,0,0,0,0,,CA
1993Greg Huntington,HuntGr20,1993,5,128,WAS,Greg Huntington,No,C,C,23,0,0,18,0,0,0,0,0,0,0,0,0,0,0,0,0,0,,DC
1993Kenny Shedd,ShedKe00,1993,5,129,NYJ,Kenny Shedd,No,WR,WR,22,0,0,60,0,0,0,0,0,0,0,0,16,252,1,0,0,0,,NY
1993Lindsay Knapp,KnapLi20,1993,5,130,KAN,Lindsay Knapp,No,G,G,23,0,0,11,0,0,0,0,0,0,0,0,0,0,0,0,0,0,,MO
1993John Henry Mills,MillJo00,1993,5,131,HOU,John Henry Mills,No,LB,LB,23,0,1,100,0,0,0,0,0,0,0,0,4,34,0,0,0,0,,TX
1993Chris Gray,GrayCh20,1993,5,132,MIA,Chris Gray,No,G,G,23,0,0,208,0,0,0,0,0,0,0,0,0,0,0,0,0,0,,FL
1993Everett Lindsay,LindEv20,1993,5,133,MIN,Everett Lindsay,No,T,T,23,0,0,136,0,0,0,0,0,0,0,0,0,0,0,0,0,0,,MN
1993Walter Dunson,r Dunson,1993,5,134,SDG,Walter Dunson,No,WR,WR,0,0,0,0,0,0,0,0,0,0,0,0,0,0,0,0,0,0,,CA
1993Lonnie Palelei,PaleLo20,1993,5,135,PIT,Lonnie Palelei,No,G,G,22,0,0,44,0,0,0,0,0,0,0,0,0,0,0,0,0,0,,PA
1993Mike Devlin,DevlMi20,1993,5,136,BUF,Mike Devlin,No,C,C,23,0,0,101,0,0,0,0,0,0,0,0,0,0,0,0,0,0,,NY
1993Tyrone Hughes,HughTy00,1993,5,137,NOR,Tyrone Hughes,No,DB,DB,23,0,1,81,0,0,0,0,0,3,9,0,8,68,0,0,0,0,,LA
1993Rich Griffith,GrifRi00,1993,5,138,NWE,Rich Griffith,No,TE,TE,24,0,0,90,0,0,0,0,0,0,0,0,21,296,0,0,0,0,,MA
1993Sebastian Savage,SavaSe20,1993,5,139,BUF,Sebastian Savage,No,DB,DB,23,0,0,3,0,0,0,0,0,0,0,0,0,0,0,0,0,0,,NY
1993Marc Woodard,WoodMa21,1993,5,140,PIT,Marc Woodard,No,LB,LB,23,0,0,48,0,0,0,0,0,0,0,0,0,0,0,0,0,0,,PA
1993Doug Evans,EvanDo21,1993,6,141,GNB,Doug Evans,No,DB,DB,23,0,0,163,0,0,0,0,0,0,0,0,0,0,0,0,0,0,,WI
1993Lawrence Hatch,ce Hatch,1993,6,142,NWE,Lawrence Hatch,No,DB,DB,0,0,0,0,0,0,0,0,0,0,0,0,0,0,0,0,0,0,,MA
1993Brett Wallerstedt,WallBr20,1993,6,143,PHO,Brett Wallerstedt,No,LB,LB,22,0,0,30,0,0,0,0,0,0,0,0,0,0,0,0,0,0,,AZ
1993Richie Anderson,AndeRi00,1993,6,144,NYJ,Richie Anderson,No,FB,FB,22,0,1,161,1,4,26,1,0,318,1274,4,400,3149,14,0,0,0,,NY
1993Chidi Ahanotu,AhanCh20,1993,6,145,TAM,Chidi Ahanotu,No,DE,DE,22,0,0,174,0,0,0,0,0,0,0,0,0,0,0,0,0,0,,FL
1993Dave Hoffmann,HoffDa20,1993,6,146,CHI,Dave Hoffmann,No,LB,LB,23,0,0,1,0,0,0,0,0,0,0,0,0,0,0,0,0,0,,IL
1993Greg Jeffries,JeffGr21,1993,6,147,DET,Greg Jeffries,No,DB,DB,21,0,0,110,0,0,0,0,0,0,0,0,0,0,0,0,0,0,,MI
1993Tom Scott,ScotTo20,1993,6,148,CIN,Tom Scott,No,T,T,23,0,0,13,0,0,0,0,0,0,0,0,0,0,0,0,0,0,,OH
1993Deral Boykin,BoykDe20,1993,6,149,RAM,Deral Boykin,No,DB,DB,23,0,0,43,0,0,0,0,0,0,0,0,0,0,0,0,0,0,,CA
1993Scott Davis,DaviSc21,1993,6,150,NYG,Scott Davis,No,G,G,23,0,0,21,0,0,0,0,0,0,0,0,0,0,0,0,0,0,,NY
1993Mitch Lyons,LyonMi00,1993,6,151,ATL,Mitch Lyons,No,TE,TE,23,0,0,90,0,0,0,0,0,0,0,0,39,345,1,0,0,0,,GA
1993Paul Hutchins,HutcPa20,1993,6,152,GNB,Paul Hutchins,No,T,T,23,0,0,17,0,0,0,0,0,0,0,0,0,0,0,0,0,0,,WI
1993Rich McKenzie,McKeRi20,1993,6,153,CLE,Rich McKenzie,No,LB,LB,22,0,0,8,0,0,0,0,0,0,0,0,0,0,0,0,0,0,,OH
1993Melvin Bonner,BonnMe20,1993,6,154,DEN,Melvin Bonner,No,WR,WR,23,0,0,3,0,0,0,0,0,0,0,0,0,0,0,0,0,0,,CO
1993Darryl Morrison,MorrDa20,1993,6,155,WAS,Darryl Morrison,No,DB,DB,22,0,0,48,0,0,0,0,0,0,0,0,0,0,0,0,0,0,,DC
1993Tim Watson,WatsTi20,1993,6,156,GNB,Tim Watson,No,DB,DB,23,0,0,13,0,0,0,0,0,0,0,0,0,0,0,0,0,0,,WI
1993Carlos Etheredge,EtheCa20,1993,6,157,IND,Carlos Etheredge,No,TE,TE,23,0,0,9,0,0,0,0,0,0,0,0,1,6,0,0,0,0,,IN
1993Chuck Bradley,BradCh20,1993,6,158,HOU,Chuck Bradley,No,T,T,23,0,0,1,0,0,0,0,0,0,0,0,0,0,0,0,0,0,,TX
1993Darius Turner,s Turner,1993,6,159,KAN,Darius Turner,No,RB,RB,0,0,0,0,0,0,0,0,0,0,0,0,0,0,0,0,0,0,,MO
1993Frank Wycheck,WychFr00,1993,6,160,WAS,Frank Wycheck,No,TE,TE,21,0,3,155,5,6,148,2,0,4,5,1,505,5126,28,0,0,0,,DC
1993Eric Castle,CastEr20,1993,6,161,SDG,Eric Castle,No,DB,DB,23,0,0,53,0,0,0,0,0,0,0,0,0,0,0,0,0,0,,CA
1993Willie Williams,WillWi21,1993,6,162,PIT,Willie Williams,No,DB,DB,22,0,0,188,0,0,0,0,0,0,0,0,0,0,0,0,0,0,,PA
1993Derrick Oden,OdenDe20,1993,6,163,PHI,Derrick Oden,No,LB,LB,23,0,0,35,0,0,0,0,0,0,0,0,0,0,0,0,0,0,,PA
1993Robert O'Neal,ONeaRo20,1993,6,164,MIA,Robert O'Neal,No,DB,DB,22,0,0,2,0,0,0,0,0,0,0,0,0,0,0,0,0,0,,FL
1993Ronnie Dixon,DixoRo20,1993,6,165,NOR,Ronnie Dixon,No,DT,DT,22,0,0,43,0,0,0,0,0,0,0,0,0,0,0,0,0,0,,LA
1993Chris Dalman,DalmCh20,1993,6,166,SFO,Chris Dalman,No,C,C,23,0,0,105,0,0,0,0,0,0,0,0,1,-1,0,0,0,0,,CA
1993Corbin Lacina,LaciCo20,1993,6,167,BUF,Corbin Lacina,No,G,G,22,0,0,129,0,0,0,0,0,0,0,0,0,0,0,0,0,0,,NY
1993Barry Minter,MintBa20,1993,6,168,DAL,Barry Minter,No,LB,LB,23,0,0,111,0,0,0,0,0,0,0,0,0,0,0,0,0,0,,TX
1993Clarence Williams,WillCl21,1993,7,169,DEN,Clarence Williams,No,TE,TE,24,0,0,7,0,0,0,0,0,0,0,0,1,14,0,0,0,0,,CO
1993Michael McCrary,McCrMi00,1993,7,170,SEA,Michael McCrary,No,DE,DE,23,0,2,136,0,0,0,0,0,0,0,0,0,0,0,0,0,0,,WA
1993Alec Millen,c Millen,1993,7,171,NYJ,Alec Millen,No,T,T,0,0,0,0,0,0,0,0,0,0,0,0,0,0,0,0,0,0,,NY
1993Will White,ll White,1993,7,172,PHO,Will White,No,DB,DB,0,0,0,0,0,0,0,0,0,0,0,0,0,0,0,0,0,0,,AZ
1993Keshon Johnson,JohnKe27,1993,7,173,CHI,Keshon Johnson,No,DB,DB,23,0,0,40,0,0,0,0,0,0,0,0,0,0,0,0,0,0,,IL
1993Ty Hallock,HallTy00,1993,7,174,DET,Ty Hallock,No,RB,RB,22,0,0,86,0,0,0,0,0,17,62,1,65,487,3,0,0,0,,MI
1993Lance Gunn,GunnLa20,1993,7,175,CIN,Lance Gunn,No,DB,DB,23,0,0,8,0,0,0,0,0,0,0,0,0,0,0,0,0,0,,OH
1993Tyree Davis,DaviTy20,1993,7,176,TAM,Tyree Davis,No,WR,WR,23,0,0,14,0,0,0,0,0,0,0,0,2,48,0,0,0,0,,FL
1993Todd Peterson,tertod01,1993,7,177,NYG,Todd Peterson,No,K,K,23,0,0,159,0,0,0,0,0,0,0,0,0,0,0,0,0,0,,NY
1993Darnell Walker,WalkDa20,1993,7,178,ATL,Darnell Walker,No,DB,DB,23,0,0,120,0,0,0,0,0,0,0,0,0,0,0,0,0,0,,GA
1993Brad Fichtel,FichBr20,1993,7,179,RAM,Brad Fichtel,No,C,C,23,0,0,1,0,0,0,0,0,0,0,0,0,0,0,0,0,0,,CA
1993Travis Hill,HillTr20,1993,7,180,CLE,Travis Hill,No,LB,LB,23,0,0,21,0,0,0,0,0,0,0,0,0,0,0,0,0,0,,OH
1993Greg Biekert,BiekGr20,1993,7,181,RAI,Greg Biekert,No,LB,LB,24,0,0,176,0,0,0,0,0,0,0,0,0,0,0,0,0,0,,CA
1993Tony Kimbrough,KimbTo00,1993,7,182,DEN,Tony Kimbrough,No,WR,WR,23,0,0,27,0,0,0,0,0,0,0,0,10,99,0,0,0,0,,CO
1993Bob Kuberski,KubeBo20,1993,7,183,GNB,Bob Kuberski,No,DT,DT,22,0,0,42,0,0,0,0,0,0,0,0,0,0,0,0,0,0,,WI
1993Lance Lewis,ce Lewis,1993,7,184,IND,Lance Lewis,No,RB,RB,0,0,0,0,0,0,0,0,0,0,0,0,0,0,0,0,0,0,,IN
1993Jeff Zgonina,ZgonJe20,1993,7,185,PIT,Jeff Zgonina,No,DT,DT,23,0,0,219,0,0,0,0,0,0,0,0,0,0,0,0,0,0,,PA
1993Danan Hughes,HughDa00,1993,7,186,KAN,Danan Hughes,No,WR,WR,22,0,0,85,2,2,55,0,0,1,5,0,46,425,4,0,0,0,,MO
1993Patrick Robinson,RobiPa20,1993,7,187,HOU,Patrick Robinson,No,WR,WR,23,0,0,30,0,0,0,0,0,1,6,0,9,77,0,0,0,0,,TX
1993Doug Miller,MillDo23,1993,7,188,SDG,Doug Miller,No,LB,LB,23,0,0,23,0,0,0,0,0,0,0,0,0,0,0,0,0,0,,CA
1993Craig Keith,KeitCr20,1993,7,189,PIT,Craig Keith,No,TE,TE,22,0,0,28,0,0,0,0,0,0,0,0,4,22,0,0,0,0,,PA
1993Joey Mickey,MickJo20,1993,7,190,PHI,Joey Mickey,No,TE,TE,22,0,0,5,0,0,0,0,0,0,0,0,0,0,0,0,0,0,,PA
1993David Merritt,MerrDa20,1993,7,191,MIA,David Merritt,No,LB,LB,22,0,0,38,0,0,0,0,0,0,0,0,0,0,0,0,0,0,,FL
1993Gino Torretta,ToreGi00,1993,7,192,MIN,Gino Torretta,No,QB,QB,23,0,0,2,5,16,41,1,1,2,12,0,0,0,0,0,0,0,,MN
1993Othello Henderson,HendOt20,1993,7,193,NOR,Othello Henderson,No,DB,DB,21,0,0,21,0,0,0,0,0,0,0,0,0,0,0,0,0,0,,LA
1993Troy Wilson,WilsTr21,1993,7,194,SFO,Troy Wilson,No,DE,DE,22,0,0,62,0,0,0,0,0,0,0,0,0,0,0,0,0,0,,CA
1993Willie Harris,e Harris,1993,7,195,BUF,Willie Harris,No,WR,WR,0,0,0,0,0,0,0,0,0,0,0,0,0,0,0,0,0,0,,NY
1993Brock Marion,MariBr00,1993,7,196,DAL,Brock Marion,No,DB,DB,23,0,3,182,0,0,0,0,0,0,0,0,0,0,0,0,0,0,,TX
1993Jeff Blackshear,BlacJe20,1993,8,197,SEA,Jeff Blackshear,No,G,G,24,0,0,128,0,0,0,0,0,0,0,0,0,0,0,0,0,0,,WA
1993Troy Brown,BrowTr00,1993,8,198,NWE,Troy Brown,No,WR,WR,22,0,1,192,0,1,0,0,0,29,178,0,557,6366,31,0,0,0,,MA
1993Chad Brown,BrowCh20,1993,8,199,PHO,Chad Brown,No,DE,DE,22,0,0,18,0,0,0,0,0,0,0,0,0,0,0,0,0,0,,AZ
1993Craig Hentrich,ntrcra01,1993,8,200,NYJ,Craig Hentrich,No,P,P,22,1,2,241,7,16,91,0,1,9,-1,0,0,0,0,0,0,0,,NY
1993Kevin Miniefield,MiniKe20,1993,8,201,DET,Kevin Miniefield,No,DB,DB,23,0,0,51,0,0,0,0,0,0,0,0,0,0,0,0,0,0,,MI
1993Doug Pelfrey,lfrdou01,1993,8,202,CIN,Doug Pelfrey,No,K,K,23,0,0,111,0,1,0,0,0,0,0,0,0,0,0,0,0,0,,OH
1993Dave Thomas,ThomDa21,1993,8,203,DAL,Dave Thomas,No,DB,DB,25,0,0,130,0,0,0,0,0,0,0,0,0,0,0,0,0,0,,TX
1993Antonio Edwards,EdwaAn20,1993,8,204,SEA,Antonio Edwards,No,DE,DE,23,0,0,82,0,0,0,0,0,0,0,0,0,0,0,0,0,0,,WA
1993Shannon Baker,BakeSh20,1993,8,205,ATL,Shannon Baker,No,WR,WR,22,0,0,4,0,0,0,0,0,0,0,0,2,15,0,0,0,0,,GA
1993Jeff Buffaloe,Buffaloe,1993,8,206,RAM,Jeff Buffaloe,No,P,P,0,0,0,0,0,0,0,0,0,0,0,0,0,0,0,0,0,0,,CA
1993Jessie Armstead,ArmsJe00,1993,8,207,NYG,Jessie Armstead,No,LB,LB,22,1,5,176,0,0,0,0,0,0,0,0,0,0,0,0,0,0,,NY
1993Greg Robinson,RobiGr00,1993,8,208,RAI,Greg Robinson,No,RB,RB,24,0,0,28,0,0,0,0,0,228,890,2,18,160,0,0,0,0,,CA
1993Maa Tanuvasa,TanuMa20,1993,8,209,RAM,Maa Tanuvasa,No,DE,DE,22,0,0,82,0,0,0,0,0,0,0,0,0,0,0,0,0,0,,CA
1993Brian Stablein,StabBr00,1993,8,210,DEN,Brian Stablein,No,WR,WR,23,0,0,87,0,0,0,0,0,0,0,0,77,792,3,0,0,0,,CO
1993Marquise Thomas,e Thomas,1993,8,211,IND,Marquise Thomas,No,LB,LB,0,0,0,0,0,0,0,0,0,0,0,0,0,0,0,0,0,0,,IN
1993Lamont Hollinquest,HollLa20,1993,8,212,WAS,Lamont Hollinquest,No,LB,LB,22,0,0,76,0,0,0,0,0,0,0,0,0,0,0,0,0,0,,DC
1993Reggie Givens,GiveRe20,1993,8,213,DAL,Reggie Givens,No,LB,LB,21,0,0,41,0,0,0,0,0,0,0,0,0,0,0,0,0,0,,TX
1993Blaine Bishop,BishBl00,1993,8,214,HOU,Blaine Bishop,No,DB,DB,23,0,4,138,0,0,0,0,0,0,0,0,0,0,0,0,0,0,,TX
1993Stevie Anderson,AndeSt00,1993,8,215,PHO,Stevie Anderson,No,WR,WR,23,0,0,23,0,0,0,0,0,0,0,0,16,188,1,0,0,0,,AZ
1993Alex Van Pelt,VanPAl00,1993,8,216,PIT,Alex Van Pelt,No,QB,QB,23,0,0,31,262,477,2985,16,24,32,53,1,0,0,0,0,0,0,,PA
1993Doug Skene,SkenDo20,1993,8,217,PHI,Doug Skene,No,G,G,23,0,0,6,0,0,0,0,0,0,0,0,0,0,0,0,0,0,,PA
1993Dwayne Gordon,GordDw20,1993,8,218,MIA,Dwayne Gordon,No,LB,LB,23,0,0,113,0,0,0,0,0,0,0,0,0,0,0,0,0,0,,FL
1993Elvis Grbac,GrbaEl00,1993,8,219,SFO,Elvis Grbac,No,QB,QB,23,0,1,105,1446,2445,16774,99,81,163,388,7,0,0,0,0,0,0,,CA
1993Darrick Branch,k Branch,1993,8,220,TAM,Darrick Branch,No,WR,WR,0,0,0,0,0,0,0,0,0,0,0,0,0,0,0,0,0,0,,FL
1993Jon Kirksey,KirkJo20,1993,8,221,NOR,Jon Kirksey,No,DT,DT,23,0,0,11,0,0,0,0,0,0,0,0,0,0,0,0,0,0,,LA
1993Trent Green,GreeTr00,1993,8,222,SDG,Trent Green,No,QB,QB,23,0,2,120,2266,3740,28475,162,114,243,914,6,3,-7,0,0,0,0,,CA
1993Chris Luneberg,Luneberg,1993,8,223,BUF,Chris Luneberg,No,T,T,0,0,0,0,0,0,0,0,0,0,0,0,0,0,0,0,0,0,,NY
1993Daron Alcorn,n Alcorn,1993,8,224,TAM,Daron Alcorn,No,K,K,0,0,0,0,0,0,0,0,0,0,0,0,0,0,0,0,0,0,,FL
1992Steve Emtman,EmtmSt20,1992,1,1,IND,Steve Emtman,No,DE,DE,22,0,0,50,0,0,0,0,0,0,0,0,0,0,0,8,1,0,Washington,IN
1992Quentin Coryatt,CoryQu20,1992,1,2,IND,Quentin Coryatt,No,LB,LB,22,0,0,82,0,0,0,0,0,0,0,0,0,0,0,8.5,3,0,Texas A&M,IN
1992Sean Gilbert,GilbSe00,1992,1,3,RAM,Sean Gilbert,No,DT,DT,22,0,1,146,0,0,0,0,0,0,0,0,0,0,0,42.5,2,0,Pittsburgh,CA
1992Desmond Howard,HowaDe00,1992,1,4,WAS,Desmond Howard,No,WR,WR,22,0,1,156,0,0,0,0,0,12,68,0,123,1597,7,0,0,0,Michigan,DC
1992Terrell Buckley,BuckTe20,1992,1,5,GNB,Terrell Buckley,No,DB,DB,21,0,0,209,0,0,0,0,0,0,0,0,0,0,0,50,2,0,Florida St.,WI
1992David Klingler,KlinDa00,1992,1,6,CIN,David Klingler,No,QB,QB,23,0,0,33,389,718,3994,16,22,74,456,0,1,-6,0,0,0,0,Houston,OH
1992Troy Vincent,VincTr00,1992,1,7,MIA,Troy Vincent,No,DB,DB,21,1,5,207,0,0,0,0,0,0,0,0,0,0,0,47,5.5,0,Wisconsin,FL
1992Bob Whitfield,WhitBo23,1992,1,8,ATL,Bob Whitfield,No,T,T,20,0,1,220,0,0,0,0,0,0,0,0,0,0,0,0,0,0,Stanford,GA
1992Tommy Vardell,VardTo00,1992,1,9,CLE,Tommy Vardell,No,RB,RB,23,0,0,87,0,0,0,0,0,403,1427,18,119,1010,3,0,0,0,Stanford,OH
1992Ray Roberts,RobeRa20,1992,1,10,SEA,Ray Roberts,No,T,T,23,0,0,127,0,0,0,0,0,0,0,0,1,9,0,0,0,0,Virginia,WA
1992Leon Searcy,SearLe00,1992,1,11,PIT,Leon Searcy,No,T,T,22,0,1,126,0,0,0,0,0,0,0,0,0,0,0,0,0,0,Miami (FL),PA
1992Marco Coleman,ColeMa00,1992,1,12,MIA,Marco Coleman,No,DE,DE,22,0,1,207,0,0,0,0,0,0,0,0,0,0,0,65.5,1,0,Georgia Tech,FL
1992Eugene Chung,ChunEu20,1992,1,13,NWE,Eugene Chung,No,G,G,23,0,0,55,0,0,0,0,0,0,0,0,0,0,0,0,0,0,Virginia Tech,MA
1992Derek Brown,BrowDe00,1992,1,14,NYG,Derek Brown,No,TE,TE,22,0,0,105,0,0,0,0,0,0,0,0,43,401,1,0,0,0,Notre Dame,NY
1992Johnny Mitchell,MitcJo00,1992,1,15,NYJ,Johnny Mitchell,No,TE,TE,21,0,0,57,0,0,0,0,0,0,0,0,159,2103,16,0,0,0,Nebraska,NY
1992Chester McGlockton,McGlCh00,1992,1,16,RAI,Chester McGlockton,No,DT,DT,23,1,4,179,0,0,0,0,0,0,0,0,0,0,0,51,4,0,Clemson,CA
1992Kevin Smith,SmitKe26,1992,1,17,DAL,Kevin Smith,No,DB,DB,22,0,0,103,0,0,0,0,0,0,0,0,0,0,0,19,0,0,Texas A&M,TX
1992Dana Hall,HallDa20,1992,1,18,SFO,Dana Hall,No,DB,DB,23,0,0,91,0,0,0,0,0,0,0,0,1,22,0,7,2,0,Washington,CA
1992Tony Smith,SmitTo00,1992,1,19,ATL,Tony Smith,No,RB,RB,22,0,0,33,0,0,0,0,0,87,329,2,2,14,0,0,0,0,Southern Miss,GA
1992Dale Carter,CartDa00,1992,1,20,KAN,Dale Carter,No,DB,DB,22,0,4,157,0,0,0,0,0,2,5,0,6,89,1,24,1,0,Tennessee,MO
1992Vaughn Dunbar,DunbVa00,1992,1,21,NOR,Vaughn Dunbar,No,RB,RB,24,0,0,39,0,0,0,0,0,267,935,5,11,73,0,0,0,0,Indiana,LA
1992Alonzo Spellman,SpelAl20,1992,1,22,CHI,Alonzo Spellman,No,DE,DE,21,0,0,123,0,0,0,0,0,0,0,0,0,0,0,43,1,0,Ohio St.,IL
1992Chris Mims,MimsCh20,1992,1,23,SDG,Chris Mims,No,DE,DE,22,0,0,104,0,0,0,0,0,0,0,0,0,0,0,42,0,0,Tennessee,CA
1992Robert Jones,JoneRo21,1992,1,24,DAL,Robert Jones,No,LB,LB,23,0,0,151,0,0,0,0,0,0,0,0,0,0,0,8,3,0,East Carolina,TX
1992Tommy Maddox,MaddTo00,1992,1,25,DEN,Tommy Maddox,No,QB,QB,21,0,0,92,686,1200,8087,48,54,68,128,1,0,0,0,0,0,0,UCLA,CO
1992Robert Porcher,PorcRo00,1992,1,26,DET,Robert Porcher,No,DE,DE,23,0,3,187,0,0,0,0,0,0,0,0,0,0,0,95.5,1,0,South Carolina St.,MI
1992John Fina,FinaJo20,1992,1,27,BUF,John Fina,No,T,T,23,0,0,155,0,0,0,0,0,1,-2,0,1,1,1,0,0,0,Arizona,NY
1992Darryl Williams,WillDa03,1992,1,28,CIN,Darryl Williams,No,DB,DB,22,0,1,156,0,0,0,0,0,0,0,0,0,0,0,31,9.5,0,Miami (FL),OH
1992Ashley Ambrose,AmbrAs00,1992,2,29,IND,Ashley Ambrose,No,DB,DB,22,1,1,192,0,0,0,0,0,0,0,0,0,0,0,42,1,0,Miss. Valley St.,IN
1992Steve Israel,IsraSt20,1992,2,30,RAM,Steve Israel,No,DB,DB,23,0,0,102,0,0,0,0,0,0,0,0,0,0,0,5,4,0,Pittsburgh,CA
1992Carl Pickens,PickCa00,1992,2,31,CIN,Carl Pickens,No,WR,WR,22,0,2,129,2,3,18,0,0,6,6,0,540,7129,63,0,0,0,Tennessee,OH
1992Greg Skrepenak,SkreGr20,1992,2,32,RAI,Greg Skrepenak,No,T,T,22,0,0,68,0,0,0,0,0,0,0,0,0,0,0,0,0,0,Michigan,CA
1992Marquez Pope,PopeMa20,1992,2,33,SDG,Marquez Pope,No,DB,DB,21,0,0,129,0,0,0,0,0,0,0,0,0,0,0,19,1.5,0,Fresno St.,CA
1992Mark D'Onofrio,DOnoMa20,1992,2,34,GNB,Mark D'Onofrio,No,LB,LB,23,0,0,2,0,0,0,0,0,0,0,0,0,0,0,0,0,0,Penn St.,WI
1992Rod Smith,SmitRo23,1992,2,35,NWE,Rod Smith,No,DB,DB,22,0,0,102,0,0,0,0,0,0,0,0,0,0,0,5,1.5,0,Notre Dame,MA
1992Jimmy Smith,SmitJi00,1992,2,36,DAL,Jimmy Smith,No,WR,WR,23,0,5,178,0,0,0,0,0,2,-1,0,862,12287,67,0,0,0,Jackson St.,TX
1992Darren Woodson,WoodDa01,1992,2,37,DAL,Darren Woodson,No,DB,DB,23,3,5,178,0,0,0,0,0,0,0,0,0,0,0,23,11,0,Arizona St.,TX
1992Levon Kirkland,KirkLe00,1992,2,38,PIT,Levon Kirkland,No,LB,LB,23,1,2,176,0,0,0,0,0,0,0,0,0,0,0,19.5,11,0,Clemson,PA
1992Robert Harris,HarrRo20,1992,2,39,MIN,Robert Harris,No,DT,DT,23,0,0,97,0,0,0,0,0,0,0,0,0,0,0,27,0,0,Saginaw Valley St.,MN
1992Matt Blundin,BlunMa00,1992,2,40,KAN,Matt Blundin,No,QB,QB,23,0,0,3,2,9,15,0,2,0,0,0,0,0,0,0,0,0,Virginia,MO
1992Phillippi Sparks,SparPh20,1992,2,41,NYG,Phillippi Sparks,No,DB,DB,23,0,0,115,0,0,0,0,0,0,0,0,0,0,0,27,1,0,Arizona St.,NY
1992Kurt Barber,BarbKu20,1992,2,42,NYJ,Kurt Barber,No,LB,LB,23,0,0,50,0,0,0,0,0,0,0,0,0,0,0,3.5,0,0,USC,NY
1992Eddie Blake,0,1992,2,43,MIA,Eddie Blake,No,DT,DT,0,0,0,0,0,0,0,0,0,0,0,0,0,0,0,0,0,0,Auburn,FL
1992Courtney Hawkins,HawkCo00,1992,2,44,TAM,Courtney Hawkins,No,WR,WR,22,0,0,131,0,0,0,0,0,20,50,0,366,4573,18,0,0,0,Michigan St.,FL
1992Amp Lee,LeexAm00,1992,2,45,SFO,Amp Lee,No,RB,RB,20,0,0,116,0,0,0,0,0,388,1512,7,335,3099,15,0,0,0,Florida St.,CA
1992Tony Sacca,SaccTo00,1992,2,46,PHO,Tony Sacca,No,QB,QB,22,0,0,2,4,11,29,0,2,0,0,0,0,0,0,0,0,0,Penn St.,AZ
1992Shane Collins,CollSh20,1992,2,47,WAS,Shane Collins,No,DE,DE,23,0,0,30,0,0,0,0,0,0,0,0,0,0,0,1,0,0,Arizona St.,DC
1992Siran Stacy,StacSi20,1992,2,48,PHI,Siran Stacy,No,RB,RB,24,0,0,16,0,0,0,0,0,0,0,0,0,0,0,0,0,0,Alabama,PA
1992Troy Auzenne,AuzeTr20,1992,2,49,CHI,Troy Auzenne,No,T,T,23,0,0,61,0,0,0,0,0,0,0,0,0,0,0,0,0,0,California,IL
1992Eddie Robinson,RobiEd22,1992,2,50,HOU,Eddie Robinson,No,LB,LB,22,0,0,175,0,0,0,0,0,0,0,0,0,0,0,23,6,0,Alabama St.,TX
1992Chuck Smith,SmitCh23,1992,2,51,ATL,Chuck Smith,No,DE,DE,22,0,0,125,0,0,0,0,0,0,0,0,0,0,0,58.5,3,0,Tennessee,GA
1992Patrick Rowe,RowePa20,1992,2,52,CLE,Patrick Rowe,No,WR,WR,23,0,0,5,0,0,0,0,0,0,0,0,3,37,0,0,0,0,San Diego St.,OH
1992Tracy Scroggins,ScroTr20,1992,2,53,DET,Tracy Scroggins,No,DE,DE,23,0,0,142,0,0,0,0,0,0,0,0,0,0,0,60.5,1,0,Tulsa,MI
1992Shane Dronett,DronSh20,1992,2,54,DEN,Shane Dronett,No,DT,DT,21,0,0,139,0,0,0,0,0,0,0,0,0,0,0,44,3,0,Texas,CO
1992James Patton,PattJa20,1992,2,55,BUF,James Patton,No,NT,DT,22,0,0,13,0,0,0,0,0,0,0,0,0,0,0,0,0,0,Texas,NY
1992Jason Hanson,hansojas01,1992,2,56,DET,Jason Hanson,No,K,K,22,0,2,327,0,0,0,0,0,0,0,0,0,0,0,0,0,0,Washington St.,MI
1992Marc Boutte,BoutMa20,1992,3,57,RAM,Marc Boutte,No,DT,DT,23,0,0,102,0,0,0,0,0,0,0,0,0,0,0,9,2,0,LSU,CA
1992Clayton Holmes,HolmCl20,1992,3,58,DAL,Clayton Holmes,No,DB,DB,23,0,0,39,0,0,0,0,0,0,0,0,0,0,0,1,0,0,Carson-Newman,TX
1992Mark Wheeler,WheeMa20,1992,3,59,TAM,Mark Wheeler,No,DT,DT,22,0,0,108,0,0,0,0,0,0,0,0,0,0,0,16,0,0,Texas A&M,FL
1992Todd Kinchen,KincTo00,1992,3,60,RAM,Todd Kinchen,No,WR,WR,23,0,0,83,0,1,0,0,0,7,70,1,95,1358,10,0,0,0,LSU,CA
1992Ed Cunningham,CunnEd20,1992,3,61,PHO,Ed Cunningham,No,C,C,23,0,0,61,0,0,0,0,0,0,0,0,0,0,0,0,0,0,Washington,AZ
1992Robert Brooks,BrooRo00,1992,3,62,GNB,Robert Brooks,No,WR,WR,22,0,0,100,0,0,0,0,0,17,75,0,309,4276,32,0,0,0,South Carolina,WI
1992Ray Ethridge,EthrRa20,1992,3,63,SDG,Ray Ethridge,No,WR,WR,23,0,0,16,0,0,0,0,0,0,0,0,2,24,0,0,0,0,Pasadena CC,CA
1992Todd Collins,CollTo20,1992,3,64,NWE,Todd Collins,No,LB,LB,22,0,0,106,0,0,0,0,0,0,0,0,0,0,0,3.5,2,0,Carson-Newman,MA
1992Bill Johnson,JohnBi22,1992,3,65,CLE,Bill Johnson,No,DT,DT,23,0,0,99,0,0,0,0,0,0,0,0,0,0,0,12.5,0,0,Michigan St.,OH
1992Bob Spitulski,SpitBo20,1992,3,66,SEA,Bob Spitulski,No,LB,LB,23,0,0,26,0,0,0,0,0,0,0,0,0,0,0,3,1,0,Central Florida,WA
1992Joel Steed,SteeJo00,1992,3,67,PIT,Joel Steed,No,NT,DT,23,0,1,115,0,0,0,0,0,0,0,0,0,0,0,9.5,0,0,Colorado,PA
1992Siupeli Malamala,MalaSi20,1992,3,68,NYJ,Siupeli Malamala,No,T,T,23,0,0,62,0,0,0,0,0,0,0,0,0,0,0,0,0,0,Washington,NY
1992Aaron Pierce,PierAa00,1992,3,69,NYG,Aaron Pierce,No,TE,TE,23,0,0,82,0,0,0,0,0,2,7,1,97,1029,5,0,0,0,Washington,NY
1992Larry Webster,WebsLa20,1992,3,70,MIA,Larry Webster,No,DT,DT,23,0,0,136,0,0,0,0,0,0,0,0,0,0,0,4,0,0,Maryland,FL
1992Kevin Turner,TurnKe00,1992,3,71,NWE,Kevin Turner,No,FB,FB,23,0,0,106,0,1,0,0,0,160,635,1,236,2015,10,0,0,0,Alabama,MA
1992Tyrone Legette,LegeTy20,1992,3,72,NOR,Tyrone Legette,No,DB,DB,22,0,0,91,0,0,0,0,0,0,0,0,0,0,0,2,2,0,Nebraska,LA
1992Howard Dinkins,DinkHo20,1992,3,73,ATL,Howard Dinkins,No,LB,LB,23,0,0,3,0,0,0,0,0,0,0,0,0,0,0,0,0,0,Florida St.,GA
1992Paul Siever,0,1992,3,74,WAS,Paul Siever,No,G,G,0,0,0,0,0,0,0,0,0,0,0,0,0,0,0,0,0,0,Penn St.,DC
1992Tommy Jeter,JeteTo20,1992,3,75,PHI,Tommy Jeter,No,DT,DT,23,0,0,37,0,0,0,0,0,0,0,0,0,0,0,1,0,0,Texas,PA
1992Brian Bollinger,BollBr20,1992,3,76,SFO,Brian Bollinger,No,G,G,23,0,0,39,0,0,0,0,0,0,0,0,0,0,0,0,0,0,North Carolina,CA
1992Corey Harris,HarrCo20,1992,3,77,HOU,Corey Harris,No,DB,DB,22,0,0,183,0,0,0,0,0,2,10,0,2,11,0,11,6.5,0,Vanderbilt,TX
1992Gerald Dixon,DixoGe20,1992,3,78,CLE,Gerald Dixon,No,LB,LB,23,0,0,136,0,0,0,0,0,0,0,0,0,0,0,23,5,0,South Carolina,OH
1992Tyji Armstrong,ArmsTy00,1992,3,79,TAM,Tyji Armstrong,No,TE,TE,21,0,0,87,0,0,0,0,0,3,4,0,53,621,3,0,0,0,Mississippi,FL
1992Jeremy Lincoln,LincJe20,1992,3,80,CHI,Jeremy Lincoln,No,DB,DB,23,0,0,106,0,0,0,0,0,0,0,0,0,0,0,8,1,0,Tennessee,IL
1992Thomas McLemore,McLeTh20,1992,3,81,DET,Thomas McLemore,No,TE,TE,22,0,0,18,0,0,0,0,0,0,0,0,2,12,0,0,0,0,Saginaw Valley St.,MI
1992James Brown,BrowJa21,1992,3,82,DAL,James Brown,No,T,T,22,0,0,114,0,0,0,0,0,0,0,0,0,0,0,0,0,0,Virginia St.,TX
1992Keith Goganious,GogaKe20,1992,3,83,BUF,Keith Goganious,No,LB,LB,23,0,0,74,0,0,0,0,0,0,0,0,0,0,0,2,1,0,Penn St.,NY
1992Leonard Wheeler,WheeLe20,1992,3,84,CIN,Leonard Wheeler,No,DB,DB,23,0,0,92,0,0,0,0,0,0,0,0,0,0,0,2,1,0,Troy,OH
1992Rodney Culver,CulvRo00,1992,4,85,IND,Rodney Culver,No,RB,RB,22,0,0,43,0,0,0,0,0,241,689,13,42,343,3,0,0,0,Notre Dame,IN
1992Craig Erickson,EricCr00,1992,4,86,TAM,Craig Erickson,No,QB,QB,23,0,0,52,591,1092,7625,41,38,77,201,1,0,0,0,0,0,0,Miami (FL),FL
1992Shawn Harper,HarpSh20,1992,4,87,RAM,Shawn Harper,No,T,T,24,0,0,8,0,0,0,0,0,0,0,0,0,0,0,0,0,0,Indiana,CA
1992Ricardo McDonald,McDoRi20,1992,4,88,CIN,Ricardo McDonald,No,LB,LB,22,0,0,119,0,0,0,0,0,0,0,0,0,0,0,14.5,1,0,Pittsburgh,OH
1992Mark Thomas,ThomMa20,1992,4,89,SFO,Mark Thomas,No,DE,DE,23,0,0,113,0,0,0,0,0,0,0,0,0,0,0,27,0,0,North Carolina St.,CA
1992Dion Lambert,LambDi20,1992,4,90,NWE,Dion Lambert,No,DB,DB,23,0,0,31,0,0,0,0,0,0,0,0,0,0,0,1,1,0,UCLA,MA
1992Jeff Christy,ChriJe00,1992,4,91,PHO,Jeff Christy,No,C,C,23,0,3,148,0,0,0,0,0,0,0,0,0,0,0,0,0,0,Pittsburgh,AZ
1992Tony Brooks,BrooTo21,1992,4,92,PHI,Tony Brooks,No,RB,RB,23,0,0,5,0,0,0,0,0,0,0,0,0,0,0,0,0,0,Notre Dame,PA
1992Darren Anderson,AndeDa20,1992,4,93,NWE,Darren Anderson,No,DB,DB,23,0,0,74,0,0,0,0,0,0,0,0,0,0,0,2,2,0,Toledo,MA
1992Charles Davenport,DaveCh00,1992,4,94,PIT,Charles Davenport,No,WR,WR,23,0,0,38,0,0,0,0,0,0,0,0,13,187,0,0,0,0,North Carolina St.,PA
1992Gene McGuire,McGuGe20,1992,4,95,NOR,Gene McGuire,No,C,C,22,0,0,17,0,0,0,0,0,0,0,0,0,0,0,0,0,0,Notre Dame,LA
1992Keo Coleman,ColeKe21,1992,4,96,NYJ,Keo Coleman,No,LB,LB,22,0,0,18,0,0,0,0,0,0,0,0,0,0,0,0,0,0,Mississippi St.,NY
1992Dwight Hollier,HollDw20,1992,4,97,MIA,Dwight Hollier,No,LB,LB,23,0,0,138,0,0,0,0,0,0,0,0,0,0,0,3,2,0,North Carolina,FL
1992Roy Barker,BarkRo20,1992,4,98,MIN,Roy Barker,No,DE,DE,23,0,0,118,0,0,0,0,0,0,0,0,0,0,0,44.5,3,0,North Carolina,MN
1992Keith Hamilton,HamiKe20,1992,4,99,NYG,Keith Hamilton,No,DT,DT,21,0,0,173,0,0,0,0,0,0,0,0,0,0,0,63,0,0,Pittsburgh,NY
1992Michael Bankston,BankMi21,1992,4,100,PHO,Michael Bankston,No,DE,DE,22,0,0,144,0,0,0,0,0,0,0,0,0,0,0,27,1,0,Sam Houston St.,AZ
1992Mike Evans,EvanMi21,1992,4,101,KAN,Mike Evans,No,DT,DT,25,0,0,12,0,0,0,0,0,0,0,0,0,0,0,0,0,0,Michigan,MO
1992Casey Weldon,WeldCa00,1992,4,102,PHI,Casey Weldon,No,QB,QB,23,0,0,26,60,120,713,1,4,12,0,1,0,0,0,0,0,0,Florida St.,PA
1992Edgar Bennett,BennEd00,1992,4,103,GNB,Edgar Bennett,No,RB,RB,23,0,0,112,1,2,18,1,0,1115,3992,21,284,2245,10,0,0,0,Florida St.,WI
1992Frankie Smith,SmitFr20,1992,4,104,ATL,Frankie Smith,No,DB,DB,23,0,0,103,0,0,0,0,0,0,0,0,0,0,0,4,0,0,Baylor,GA
1992Tony McCoy,McCoTo22,1992,4,105,IND,Tony McCoy,No,DT,DT,23,0,0,114,0,0,0,0,0,0,0,0,0,0,0,23,0,0,Florida,IN
1992Sean Lumpkin,LumpSe20,1992,4,106,NOR,Sean Lumpkin,No,DB,DB,22,0,0,67,0,0,0,0,0,0,0,0,0,0,0,2,0,0,Minnesota,LA
1992Will Furrer,FurrWi00,1992,4,107,CHI,Will Furrer,No,QB,QB,24,0,0,9,57,124,572,2,10,8,20,0,0,0,0,0,0,0,Virginia Tech,IL
1992Mike Mooney,MoonMi20,1992,4,108,HOU,Mike Mooney,No,T,T,23,0,0,1,0,0,0,0,0,0,0,0,0,0,0,0,0,0,Georgia Tech,TX
1992Tom Myslinski,MyslTo20,1992,4,109,DAL,Tom Myslinski,No,G,G,23,0,0,60,0,0,0,0,0,0,0,0,0,0,0,0,0,0,Tennessee,TX
1992Chuck Johnson,JohnCh28,1992,4,110,DEN,Chuck Johnson,No,T,T,23,0,0,16,0,0,0,0,0,0,0,0,0,0,0,0,0,0,Texas,CO
1992Frank Kmet,0,1992,4,111,BUF,Frank Kmet,No,DE,DE,0,0,0,0,0,0,0,0,0,0,0,0,0,0,0,0,0,0,Purdue,NY
1992Chris Hakel,0,1992,4,112,WAS,Chris Hakel,No,QB,QB,0,0,0,0,0,0,0,0,0,0,0,0,0,0,0,0,0,0,William & Mary,DC
1992Maury Toy,0,1992,5,113,IND,Maury Toy,No,RB,RB,0,0,0,0,0,0,0,0,0,0,0,0,0,0,0,0,0,0,UCLA,IN
1992Chris Crooms,CrooCh20,1992,5,114,RAM,Chris Crooms,No,DB,DB,23,0,0,16,0,0,0,0,0,0,0,0,0,0,0,0,0,0,Texas A&M,CA
1992Craig Thompson,ThomCr00,1992,5,115,CIN,Craig Thompson,No,TE,TE,23,0,0,29,0,0,0,0,0,0,0,0,36,281,3,0,0,0,North Carolina A&T,OH
1992Dwayne Sabb,SabbDw20,1992,5,116,NWE,Dwayne Sabb,No,LB,LB,22,0,0,74,0,0,0,0,0,0,0,0,0,0,0,7,3,0,New Hampshire,MA
1992Curtis Whitley,WhitCu20,1992,5,117,SDG,Curtis Whitley,No,C,C,23,0,0,72,0,0,0,0,0,0,0,0,0,0,0,0,0,0,Clemson,CA
1992Rogerick Green,GreeRo21,1992,5,118,TAM,Rogerick Green,No,DB,DB,22,0,0,26,0,0,0,0,0,0,0,0,0,0,0,0,0,0,Kansas St.,FL
1992Dexter McNabb,McNaDe20,1992,5,119,GNB,Dexter McNabb,No,FB,FB,23,0,0,33,0,0,0,0,0,2,11,0,0,0,0,0,0,0,Florida,WI
1992Greg Briggs,BrigGr20,1992,5,120,DAL,Greg Briggs,No,DB,DB,23,0,0,39,0,0,0,0,0,0,0,0,0,0,0,0,0,0,Texas Southern,TX
1992Rod Milstead,MilsRo20,1992,5,121,DAL,Rod Milstead,No,G,G,22,0,0,56,0,0,0,0,0,0,0,0,0,0,0,0,0,0,Delaware St.,TX
1992Gary Dandridge,0,1992,5,122,SEA,Gary Dandridge,No,DB,DB,0,0,0,0,0,0,0,0,0,0,0,0,0,0,0,0,0,0,Appalachian St.,WA
1992Alan Haller,HallAl22,1992,5,123,PIT,Alan Haller,No,DB,DB,22,0,0,12,0,0,0,0,0,0,0,0,0,0,0,0,0,0,Michigan St.,PA
1992Christopher Perez,0,1992,5,124,MIA,Christopher Perez,No,T,T,0,0,0,0,0,0,0,0,0,0,0,0,0,0,0,0,0,0,Kansas,FL
1992Ed McDaniel,McDaEd00,1992,5,125,MIN,Ed McDaniel,No,LB,LB,23,0,1,125,0,0,0,0,0,0,0,0,0,0,0,19.5,4,0,Clemson,MN
1992Michael Wright,0,1992,5,126,NYG,Michael Wright,No,DB,DB,0,0,0,0,0,0,0,0,0,0,0,0,0,0,0,0,0,0,Washington St.,NY
1992Cal Dixon,DixoCa20,1992,5,127,NYJ,Cal Dixon,No,C,C,22,0,0,66,0,0,0,0,0,0,0,0,0,0,0,0,0,0,Florida,NY
1992Derrick Hoskins,HoskDe20,1992,5,128,RAI,Derrick Hoskins,No,DB,DB,21,0,0,61,0,0,0,0,0,0,0,0,0,0,0,3,0,0,Southern Miss,CA
1992Corey Barlow,BarlCo20,1992,5,129,PHI,Corey Barlow,No,DB,DB,21,0,0,10,0,0,0,0,0,0,0,0,0,0,0,0,0,0,Auburn,PA
1992Orlando McKay,0,1992,5,130,GNB,Orlando McKay,No,WR,WR,0,0,0,0,0,0,0,0,0,0,0,0,0,0,0,0,0,0,Washington,WI
1992Kevin Little,0,1992,5,131,SDG,Kevin Little,No,LB,LB,0,0,0,0,0,0,0,0,0,0,0,0,0,0,0,0,0,0,North Carolina A&T,CA
1992Santana Dotson,DotsSa20,1992,5,132,TAM,Santana Dotson,No,DT,DT,22,0,0,152,0,0,0,0,0,0,0,0,0,0,0,49,0,0,Baylor,FL
1992Joe Bowden,BowdJo20,1992,5,133,HOU,Joe Bowden,No,LB,LB,22,0,0,139,0,0,0,0,0,0,0,0,0,0,0,12.5,3,0,Oklahoma,TX
1992Todd Harrison,HarrTo21,1992,5,134,CHI,Todd Harrison,No,TE,TE,23,0,0,1,0,0,0,0,0,0,0,0,0,0,0,0,0,0,North Carolina St.,IL
1992Tony Brown,BrowTo24,1992,5,135,HOU,Tony Brown,No,DB,DB,22,0,0,57,0,0,0,0,0,0,0,0,0,0,0,0,0,0,Fresno St.,TX
1992Tim Roberts,RobeTi20,1992,5,136,HOU,Tim Roberts,No,DE,DE,23,0,0,37,0,0,0,0,0,0,0,0,0,0,0,1,0,0,Southern Miss,TX
1992Frank Robinson,RobiFr20,1992,5,137,DEN,Frank Robinson,No,DB,DB,23,0,0,31,0,0,0,0,0,0,0,0,0,0,0,1,0,0,Boise St.,CO
1992Torrance Small,SmalTo00,1992,5,138,NOR,Torrance Small,No,WR,WR,22,0,0,133,0,4,0,0,1,12,129,2,346,4602,31,0,0,0,Alcorn St.,LA
1992Matt Darby,DarbMa20,1992,5,139,BUF,Matt Darby,No,DB,DB,23,0,0,81,0,0,0,0,0,0,0,0,0,0,0,8,0,0,UCLA,NY
1992Eric Jonassen,JonaEr20,1992,5,140,SDG,Eric Jonassen,No,T,T,24,0,0,32,0,0,0,0,0,0,0,0,0,0,0,0,0,0,Bloomsburg,CA
1992Shoun Habersham,0,1992,6,141,IND,Shoun Habersham,No,WR,WR,0,0,0,0,0,0,0,0,0,0,0,0,0,0,0,0,0,0,Tenn-Chattanooga,IN
1992Chris Burns,0,1992,6,142,CIN,Chris Burns,No,DT,DT,0,0,0,0,0,0,0,0,0,0,0,0,0,0,0,0,0,0,Middle Tenn. St.,OH
1992Rico Smith,SmitRi00,1992,6,143,CLE,Rico Smith,No,WR,WR,23,0,0,29,0,0,0,0,0,0,0,0,24,353,1,0,0,0,Colorado,OH
1992Joe Campbell,0,1992,6,144,RAM,Joe Campbell,No,RB,RB,0,0,0,0,0,0,0,0,0,0,0,0,0,0,0,0,0,0,Middle Tenn. St.,CA
1992Larry Tharpe,TharLa20,1992,6,145,DET,Larry Tharpe,No,T,T,21,0,0,76,0,0,0,0,0,0,0,0,0,0,0,0,0,0,Tennessee St.,MI
1992Brian Brauninger,0,1992,6,146,PHO,Brian Brauninger,No,T,T,0,0,0,0,0,0,0,0,0,0,0,0,0,0,0,0,0,0,Oklahoma,AZ
1992Reggie White,WhitRe21,1992,6,147,SDG,Reggie White,No,NT,DT,22,0,0,38,0,0,0,0,0,0,0,0,0,0,0,4.5,0,0,North Carolina A&T,CA
1992James Malone,0,1992,6,148,TAM,James Malone,No,LB,LB,0,0,0,0,0,0,0,0,0,0,0,0,0,0,0,0,0,0,UCLA,FL
1992Fallon Wacasey,0,1992,6,149,DAL,Fallon Wacasey,No,TE,TE,0,0,0,0,0,0,0,0,0,0,0,0,0,0,0,0,0,0,Tulsa,TX
1992Michael Bates,BateMi00,1992,6,150,SEA,Michael Bates,No,RB,RB,22,1,5,145,0,0,0,0,0,12,33,0,12,158,1,0,0,0,Arizona,WA
1992Damien Russell,RussDa20,1992,6,151,SFO,Damien Russell,No,DB,DB,22,0,0,16,0,0,0,0,0,0,0,0,0,0,0,0,0,0,Virginia Tech,CA
1992Mike Gaddis,0,1992,6,152,MIN,Mike Gaddis,No,RB,RB,0,0,0,0,0,0,0,0,0,0,0,0,0,0,0,0,0,0,Oklahoma,MN
1992Stacey Dillard,DillSt20,1992,6,153,NYG,Stacey Dillard,No,NT,DT,24,0,0,59,0,0,0,0,0,0,0,0,0,0,0,5.5,0,0,Oklahoma,NY
1992Glenn Cadrez,CadrGl20,1992,6,154,NYJ,Glenn Cadrez,No,LB,LB,22,0,0,167,0,0,0,0,0,0,0,0,0,0,0,14.5,3,0,Houston,NY
1992Roosevelt Collins,CollRo20,1992,6,155,MIA,Roosevelt Collins,No,LB,LB,24,0,0,10,0,0,0,0,0,0,0,0,0,0,0,0,0,0,TCU,FL
1992Tony Rowell,0,1992,6,156,RAI,Tony Rowell,No,C,C,0,0,0,0,0,0,0,0,0,0,0,0,0,0,0,0,0,0,Florida,CA
1992Mark Chmura,ChmuMa00,1992,6,157,GNB,Mark Chmura,No,TE,TE,23,0,3,89,0,0,0,0,0,0,0,0,188,2253,17,0,0,0,Boston Col.,WI
1992Terry Ray,RayxTe20,1992,6,158,ATL,Terry Ray,No,DB,DB,22,0,0,73,0,0,0,0,0,0,0,0,0,0,0,4,1,0,Oklahoma,GA
1992Tony Smith,0,1992,6,159,KAN,Tony Smith,No,WR,WR,0,0,0,0,0,0,0,0,0,0,0,0,0,0,0,0,0,0,Notre Dame,MO
1992Jeff Sydner,SyndJe00,1992,6,160,PHI,Jeff Sydner,No,WR,WR,22,0,0,41,0,0,0,0,0,0,0,0,3,52,0,0,0,0,Hawaii,PA
1992Mark Berry,0,1992,6,161,CHI,Mark Berry,No,DB,DB,0,0,0,0,0,0,0,0,0,0,0,0,0,0,0,0,0,0,Texas,IL
1992Mario Bailey,0,1992,6,162,HOU,Mario Bailey,No,WR,WR,0,0,0,0,0,0,0,0,0,0,0,0,0,0,0,0,0,0,Washington,TX
1992George Williams,0,1992,6,163,CLE,George Williams,No,DT,DT,0,0,0,0,0,0,0,0,0,0,0,0,0,0,0,0,0,0,Notre Dame,OH
1992Kary Vincent,0,1992,6,164,NOR,Kary Vincent,No,DB,DB,0,0,0,0,0,0,0,0,0,0,0,0,0,0,0,0,0,0,Texas A&M,LA
1992Tracy Boyd,0,1992,6,165,NWE,Tracy Boyd,No,G,G,0,0,0,0,0,0,0,0,0,0,0,0,0,0,0,0,0,0,Elizabeth City St.,MA
1992Jeff Blake,BlakJe00,1992,6,166,NYJ,Jeff Blake,No,QB,QB,21,0,1,119,1827,3241,21711,134,99,418,2027,14,0,0,0,0,0,0,East Carolina,NY
1992Nate Turner,TurnNa00,1992,6,167,BUF,Nate Turner,No,TE,TE,23,0,0,28,0,0,0,0,0,13,40,0,1,26,1,0,0,0,Nebraska,NY
1992Ray Rowe,RoweRa20,1992,6,168,WAS,Ray Rowe,No,TE,TE,23,0,0,4,0,0,0,0,0,0,0,0,0,0,0,0,0,0,San Diego St.,DC
1992Derek Steele,0,1992,7,169,IND,Derek Steele,No,DE,DE,0,0,0,0,0,0,0,0,0,0,0,0,0,0,0,0,0,0,Maryland,IN
1992Ron Geater,GeatRo20,1992,7,170,DEN,Ron Geater,No,DE,DE,23,0,0,3,0,0,0,0,0,0,0,0,0,0,0,0,0,0,Iowa,CO
1992Darryl Ashmore,AshmDa20,1992,7,171,RAM,Darryl Ashmore,No,T,T,22,0,0,119,0,0,0,0,0,0,0,0,0,0,0,0,0,0,Northwestern,CA
1992Lance Olberding,0,1992,7,172,CIN,Lance Olberding,No,T,T,0,0,0,0,0,0,0,0,0,0,0,0,0,0,0,0,0,0,Iowa,OH
1992Curtis Cotton,0,1992,7,173,RAI,Curtis Cotton,No,DB,DB,0,0,0,0,0,0,0,0,0,0,0,0,0,0,0,0,0,0,Nebraska,CA
1992Deems May,MayxDe00,1992,7,174,SDG,Deems May,No,TE,TE,23,0,0,104,0,0,0,0,0,0,0,0,26,238,1,0,0,0,North Carolina,CA
1992Derek Ware,WareDe00,1992,7,175,PHO,Derek Ware,No,TE,TE,25,0,0,58,0,0,0,0,0,0,0,0,24,270,1,0,0,0,Central Oklahoma,AZ
1992Wayne Hawkins,0,1992,7,176,NWE,Wayne Hawkins,No,WR,WR,0,0,0,0,0,0,0,0,0,0,0,0,0,0,0,0,0,0,SW Minnesota,MA
1992Selwyn Jones,JoneSe21,1992,7,177,CLE,Selwyn Jones,No,DB,DB,22,0,0,47,0,0,0,0,0,0,0,0,0,0,0,4,0,0,Colorado St.,OH
1992Mike Frier,FrieMi20,1992,7,178,SEA,Mike Frier,No,DE,DE,23,0,0,34,0,0,0,0,0,0,0,0,0,0,0,1,0,0,Appalachian St.,WA
1992Russ Campbell,CampRu20,1992,7,179,PIT,Russ Campbell,No,TE,TE,23,0,0,7,0,0,0,0,0,0,0,0,0,0,0,0,0,0,Kansas St.,PA
1992Corey Widmer,WidmCo20,1992,7,180,NYG,Corey Widmer,No,LB,LB,23,0,0,114,0,0,0,0,0,0,0,0,0,0,0,7.5,4,0,Montana St.,NY
1992Jim Johnson,0,1992,7,181,DEN,Jim Johnson,No,T,T,0,0,0,0,0,0,0,0,0,0,0,0,0,0,0,0,0,0,Michigan St.,CO
1992Tim Paulk,0,1992,7,182,ATL,Tim Paulk,No,LB,LB,0,0,0,0,0,0,0,0,0,0,0,0,0,0,0,0,0,0,Florida,GA
1992David Wilson,WilsDa22,1992,7,183,MIN,David Wilson,No,DB,DB,22,0,0,4,0,0,0,0,0,0,0,0,0,0,0,0,0,0,California,MN
1992Ken Swilling,0,1992,7,184,TAM,Ken Swilling,No,DB,DB,0,0,0,0,0,0,0,0,0,0,0,0,0,0,0,0,0,0,Georgia Tech,FL
1992Kevin Smith,SmitKe24,1992,7,185,RAI,Kevin Smith,No,TE,TE,23,0,0,15,0,0,0,0,0,1,2,0,1,8,0,0,0,0,UCLA,CA
1992Erick Anderson,AndeEr20,1992,7,186,KAN,Erick Anderson,No,LB,LB,23,0,0,10,0,0,0,0,0,0,0,0,0,0,0,0,0,0,Michigan,MO
1992William Boatwright,0,1992,7,187,PHI,William Boatwright,No,G,G,0,0,0,0,0,0,0,0,0,0,0,0,0,0,0,0,0,0,Virginia Tech,PA
1992Scottie Graham,GrahSc00,1992,7,188,PIT,Scottie Graham,No,RB,RB,23,0,0,57,0,0,0,0,0,364,1267,7,20,126,0,0,0,0,Ohio St.,PA
1992Elbert Turner,0,1992,7,189,HOU,Elbert Turner,No,WR,WR,0,0,0,0,0,0,0,0,0,0,0,0,0,0,0,0,0,0,Illinois,TX
1992Christopher Holder,0,1992,7,190,GNB,Christopher Holder,No,WR,WR,0,0,0,0,0,0,0,0,0,0,0,0,0,0,0,0,0,0,Tuskegee,WI
1992Dave Moore,MoorDa00,1992,7,191,MIA,Dave Moore,No,TE,TE,22,0,1,220,0,1,0,0,0,1,4,0,207,2028,28,0,0,0,Pittsburgh,FL
1992John Brown,0,1992,7,192,CHI,John Brown,No,WR,WR,0,0,0,0,0,0,0,0,0,0,0,0,0,0,0,0,0,0,Houston,IL
1992Jon Bostick,0,1992,7,193,DEN,Jon Bostick,No,WR,WR,0,0,0,0,0,0,0,0,0,0,0,0,0,0,0,0,0,0,Nebraska,CO
1992Jim Gray,0,1992,7,194,NWE,Jim Gray,No,DT,DT,0,0,0,0,0,0,0,0,0,0,0,0,0,0,0,0,0,0,West Virginia,MA
1992Kurt Schulz,SchuKu20,1992,7,195,BUF,Kurt Schulz,No,DB,DB,23,0,0,129,0,0,0,0,0,0,0,0,0,0,0,30,0,0,East. Washington,NY
1992Calvin Holmes,0,1992,7,196,WAS,Calvin Holmes,No,DB,DB,0,0,0,0,0,0,0,0,0,0,0,0,0,0,0,0,0,0,USC,DC
1992Jason Belser,BelsJa20,1992,8,197,IND,Jason Belser,No,DB,DB,22,0,0,173,0,0,0,0,0,0,0,0,0,0,0,14,9,0,Oklahoma,IN
1992Ricky Jones,0,1992,8,198,RAM,Ricky Jones,No,QB,QB,0,0,0,0,0,0,0,0,0,0,0,0,0,0,0,0,0,0,Alabama St.,CA
1992Roosevelt Nix,NixxRo20,1992,8,199,CIN,Roosevelt Nix,No,DE,DE,25,0,0,18,0,0,0,0,0,0,0,0,0,0,0,1,0,0,Central State (OH),OH
1992Anthony McDowell,McDoAn00,1992,8,200,TAM,Anthony McDowell,No,RB,RB,23,0,0,30,0,0,0,0,0,37,145,0,64,477,4,0,0,0,Texas Tech,FL
1992James Fuller,FullJa20,1992,8,201,SDG,James Fuller,No,DB,DB,23,0,0,23,0,0,0,0,0,0,0,0,0,0,0,1,0,0,Portland,CA
1992Eric Blount,BlouEr00,1992,8,202,PHO,Eric Blount,No,WR,WR,22,0,0,10,0,0,0,0,0,6,27,1,8,54,0,0,0,0,North Carolina,AZ
1992Darren Perry,PerrDa20,1992,8,203,PIT,Darren Perry,No,DB,DB,23,0,0,126,0,0,0,0,0,0,0,0,0,0,0,35,2.5,0,Penn St.,PA
1992Scott Lockwood,LockSc00,1992,8,204,NWE,Scott Lockwood,No,RB,RB,24,0,0,6,0,0,0,0,0,35,162,0,0,0,0,0,0,0,USC,MA
1992Sam Gash,GashSa00,1992,8,205,NWE,Sam Gash,No,FB,FB,23,0,2,177,0,0,0,0,0,121,327,2,169,1347,13,0,0,0,Penn St.,MA
1992Hesham Ismail,0,1992,8,206,PIT,Hesham Ismail,No,G,G,0,0,0,0,0,0,0,0,0,0,0,0,0,0,0,0,0,0,Florida,PA
1992Muhammad Shamsid-Deen,0,1992,8,207,SEA,Muhammad Shamsid-Deen,No,RB,RB,0,0,0,0,0,0,0,0,0,0,0,0,0,0,0,0,0,0,Tenn-Chattanooga,WA
1992Dietrich Lockridge,0,1992,8,208,DEN,Dietrich Lockridge,No,G,G,0,0,0,0,0,0,0,0,0,0,0,0,0,0,0,0,0,0,Jackson St.,CO
1992Andre Powell,PoweAn20,1992,8,209,MIA,Andre Powell,No,LB,LB,23,0,0,16,0,0,0,0,0,0,0,0,0,0,0,0,0,0,Penn St.,FL
1992Luke Fisher,0,1992,8,210,MIN,Luke Fisher,No,TE,TE,0,0,0,0,0,0,0,0,0,0,0,0,0,0,0,0,0,0,East Carolina,MN
1992Kent Graham,GrahKe00,1992,8,211,NYG,Kent Graham,No,QB,QB,23,0,0,81,694,1339,7801,39,33,121,424,5,2,15,0,0,0,0,Ohio St.,NY
1992Ronald Humphrey,HumpRo00,1992,8,212,IND,Ronald Humphrey,No,RB,RB,23,0,0,26,0,0,0,0,0,20,91,0,5,30,0,0,0,0,Miss. Valley St.,IN
1992Jim Jennings,0,1992,8,213,KAN,Jim Jennings,No,G,G,0,0,0,0,0,0,0,0,0,0,0,0,0,0,0,0,0,0,San Diego St.,MO
1992Chuck Bullough,BullCh20,1992,8,214,PHI,Chuck Bullough,No,LB,LB,23,0,0,4,0,0,0,0,0,0,0,0,0,0,0,0,0,0,Michigan St.,PA
1992Nate Williams,0,1992,8,215,PIT,Nate Williams,No,DT,DT,0,0,0,0,0,0,0,0,0,0,0,0,0,0,0,0,0,0,Mississippi St.,PA
1992Derrick Moore,MoorDe00,1992,8,216,ATL,Derrick Moore,No,RB,RB,24,0,0,42,0,0,0,0,0,310,1197,11,26,191,1,0,0,0,NE Oklahoma,GA
1992Reggie Dwight,0,1992,8,217,ATL,Reggie Dwight,No,TE,TE,0,0,0,0,0,0,0,0,0,0,0,0,0,0,0,0,0,0,Troy,GA
1992Robert Stewart,0,1992,8,218,NOR,Robert Stewart,No,DT,DT,0,0,0,0,0,0,0,0,0,0,0,0,0,0,0,0,0,0,Alabama,LA
1992Vincent Brownlee,0,1992,8,219,NYJ,Vincent Brownlee,No,WR,WR,0,0,0,0,0,0,0,0,0,0,0,0,0,0,0,0,0,0,Mississippi,NY
1992Bucky Richardson,RichBu00,1992,8,220,HOU,Bucky Richardson,No,QB,QB,23,0,0,16,97,185,1257,6,6,33,225,1,0,0,0,0,0,0,Texas A&M,TX
1992Willie Clay,ClayWi20,1992,8,221,DET,Willie Clay,No,DB,DB,22,0,0,118,0,0,0,0,0,0,0,0,0,0,0,27,1,0,Georgia Tech,MI
1992Mike Pawlawski,0,1992,8,222,TAM,Mike Pawlawski,No,QB,QB,0,0,0,0,0,0,0,0,0,0,0,0,0,0,0,0,0,0,California,FL
1992Leonard Humphries,HumpLe20,1992,8,223,BUF,Leonard Humphries,No,DB,DB,22,0,0,13,0,0,0,0,0,0,0,0,0,0,0,1,0,0,Penn St.,NY
1992Darryl Moore,MoorDa22,1992,8,224,WAS,Darryl Moore,No,G,G,23,0,0,12,0,0,0,0,0,0,0,0,0,0,0,0,0,0,Texas-El Paso,DC
1992Eddie Miller,MillEd21,1992,9,225,IND,Eddie Miller,No,WR,WR,23,0,0,15,0,0,0,0,0,0,0,0,0,0,0,0,0,0,South Carolina,IN
1992Ostell Miles,MileOs00,1992,9,226,CIN,Ostell Miles,No,RB,RB,22,0,0,26,0,0,0,0,0,30,78,1,6,89,0,0,0,0,Houston,OH
1992Brad Johnson,JohnBr00,1992,9,227,MIN,Brad Johnson,No,QB,QB,24,0,2,177,2668,4326,29054,166,122,276,657,8,1,1,1,0,0,0,Florida St.,MN
1992T.J. Rubley,RublTJ00,1992,9,228,RAM,T.J. Rubley,No,QB,QB,23,0,0,10,112,195,1377,8,7,31,108,0,0,0,0,0,0,0,Tulsa,CA
1992David Henson,0,1992,9,229,PHO,David Henson,No,DT,DT,0,0,0,0,0,0,0,0,0,0,0,0,0,0,0,0,0,0,Central Arkansas,AZ
1992Ty Detmer,DetmTy00,1992,9,230,GNB,Ty Detmer,No,QB,QB,24,0,0,54,546,946,6351,34,35,72,177,3,0,0,0,0,0,0,BYU,WI
1992Johnnie Barnes,BarnJo00,1992,9,231,SDG,Johnnie Barnes,No,WR,WR,24,0,0,29,0,0,0,0,0,0,0,0,14,191,0,0,0,0,Hampton,CA
1992David Dixon,DixoDa20,1992,9,232,NWE,David Dixon,No,G,G,23,0,0,152,0,0,0,0,0,0,0,0,0,0,0,0,0,0,Arizona St.,MA
1992Tim Hill,0,1992,9,233,CLE,Tim Hill,No,DB,DB,0,0,0,0,0,0,0,0,0,0,0,0,0,0,0,0,0,0,Kansas,OH
1992Larry Stayner,0,1992,9,234,SEA,Larry Stayner,No,TE,TE,0,0,0,0,0,0,0,0,0,0,0,0,0,0,0,0,0,0,Boise St.,WA
1992Elnardo Webster,WebsEl20,1992,9,235,PIT,Elnardo Webster,No,LB,LB,22,0,0,3,0,0,0,0,0,0,0,0,0,0,0,0,0,0,Rutgers,PA
1992Tony Tellington,0,1992,9,236,MIA,Tony Tellington,No,DB,DB,0,0,0,0,0,0,0,0,0,0,0,0,0,0,0,0,0,0,Youngstown St.,FL
1992Ronnie West,WestRo20,1992,9,237,MIN,Ronnie West,No,WR,WR,24,0,0,12,0,0,0,0,0,0,0,0,0,0,0,0,0,0,Pittsburg St.,MN
1992Anthony Prior,PrioAn20,1992,9,238,NYG,Anthony Prior,No,DB,DB,22,0,0,59,0,0,0,0,0,0,0,0,0,0,0,0,0,0,Washington St.,NY
1992Tyrone Williams,WillTy22,1992,9,239,PHO,Tyrone Williams,No,WR,WR,22,0,0,5,0,0,0,0,0,0,0,0,1,25,0,0,0,0,West. Ontario,AZ
1992Shazzon Bradley,0,1992,9,240,GNB,Shazzon Bradley,No,DT,DT,0,0,0,0,0,0,0,0,0,0,0,0,0,0,0,0,0,0,Tennessee,WI
1992Ephesians Bartley,BartEp20,1992,9,241,PHI,Ephesians Bartley,No,LB,LB,23,0,0,6,0,0,0,0,0,0,0,0,0,0,0,0,0,0,Florida,PA
1992Darian Hagan,0,1992,9,242,SFO,Darian Hagan,No,QB,QB,0,0,0,0,0,0,0,0,0,0,0,0,0,0,0,0,0,0,Colorado,CA
1992Keith Alex,AlexKe20,1992,9,243,ATL,Keith Alex,No,G,G,23,0,0,14,0,0,0,0,0,0,0,0,0,0,0,0,0,0,Texas A&M,GA
1992Jay Leeuwenburg,LeeuJa20,1992,9,244,KAN,Jay Leeuwenburg,No,G,G,23,0,0,137,0,0,0,0,0,0,0,0,0,0,0,0,0,0,Colorado,MO
1992Don Jones,JoneDo20,1992,9,245,NOR,Don Jones,No,LB,LB,23,0,0,8,0,0,0,0,0,0,0,0,0,0,0,1,0,0,Washington,LA
1992Mirko Jurkovic,0,1992,9,246,CHI,Mirko Jurkovic,No,G,G,0,0,0,0,0,0,0,0,0,0,0,0,0,0,0,0,0,0,Notre Dame,IL
1992Bernard Dafney,DafnBe20,1992,9,247,HOU,Bernard Dafney,No,G,G,23,0,0,60,0,0,0,0,0,0,0,0,0,0,0,0,0,0,Tennessee,TX
1992Nate Kirtman,0,1992,9,248,DAL,Nate Kirtman,No,DB,DB,0,0,0,0,0,0,0,0,0,0,0,0,0,0,0,0,0,0,Pomona-Pitzer,TX
1992Muhammad Oliver,OlivMu20,1992,9,249,DEN,Muhammad Oliver,No,DB,DB,23,0,0,21,0,0,0,0,0,0,0,0,0,0,0,1,0,0,Oregon,CO
1992Chris Hall,HallCh22,1992,9,250,DAL,Chris Hall,No,DB,DB,22,0,0,1,0,0,0,0,0,0,0,0,0,0,0,0,0,0,East Carolina,TX
1992Chris Walsh,WalsCh00,1992,9,251,BUF,Chris Walsh,No,WR,WR,23,0,0,139,0,1,0,0,0,0,0,0,67,719,4,0,0,0,Stanford,NY
1992Boone Powell,0,1992,9,252,WAS,Boone Powell,No,LB,LB,0,0,0,0,0,0,0,0,0,0,0,0,0,0,0,0,0,0,Texas,DC
1992Steve Grant,GranSt20,1992,10,253,IND,Steve Grant,No,LB,LB,22,0,0,83,0,0,0,0,0,0,0,0,0,0,0,3,1,0,West Virginia,IN
1992Elijah Alexander,AlexEl20,1992,10,254,TAM,Elijah Alexander,No,LB,LB,22,0,0,123,0,0,0,0,0,0,0,0,0,0,0,6.5,5,0,Kansas St.,FL
1992Tim Lester,LestTi00,1992,10,255,RAM,Tim Lester,No,RB,RB,24,0,0,93,0,0,0,0,0,33,126,2,47,331,0,0,0,0,East. Kentucky,CA
1992Horace Smith,0,1992,10,256,CIN,Horace Smith,No,DB,DB,0,0,0,0,0,0,0,0,0,0,0,0,0,0,0,0,0,0,Oregon Tech,OH
1992Andrew Oberg,0,1992,10,257,GNB,Andrew Oberg,No,T,T,0,0,0,0,0,0,0,0,0,0,0,0,0,0,0,0,0,0,North Carolina,WI
1992Arthur Paul,0,1992,10,258,SDG,Arthur Paul,No,DT,DT,0,0,0,0,0,0,0,0,0,0,0,0,0,0,0,0,0,0,Arizona St.,CA
1992Reggie Yarbrough,0,1992,10,259,PHO,Reggie Yarbrough,No,RB,RB,0,0,0,0,0,0,0,0,0,0,0,0,0,0,0,0,0,0,Cal State-Fullerton,AZ
1992Marcus Lowe,0,1992,10,260,CLE,Marcus Lowe,No,DT,DT,0,0,0,0,0,0,0,0,0,0,0,0,0,0,0,0,0,0,Baylor,OH
1992Turner Baur,0,1992,10,261,NWE,Turner Baur,No,TE,TE,0,0,0,0,0,0,0,0,0,0,0,0,0,0,0,0,0,0,Stanford,MA
1992Mike Saunders,0,1992,10,262,PIT,Mike Saunders,No,RB,RB,0,0,0,0,0,0,0,0,0,0,0,0,0,0,0,0,0,0,Iowa,PA
1992Anthony Hamlet,0,1992,10,263,SEA,Anthony Hamlet,No,DE,DE,0,0,0,0,0,0,0,0,0,0,0,0,0,0,0,0,0,0,Miami (FL),WA
1992Brad Culpepper,CulpBr20,1992,10,264,MIN,Brad Culpepper,No,DT,DT,23,0,0,131,0,0,0,0,0,0,0,0,0,0,0,34,0,0,Florida,MN
1992George Rooks,0,1992,10,265,NYG,George Rooks,No,DT,DT,0,0,0,0,0,0,0,0,0,0,0,0,0,0,0,0,0,0,Syracuse,NY
1992Mario Johnson,JohnMa21,1992,10,266,NYJ,Mario Johnson,No,DT,DT,22,0,0,20,0,0,0,0,0,0,0,0,0,0,0,2,0,0,Missouri,NY
1992Raoul Spears,0,1992,10,267,MIA,Raoul Spears,No,RB,RB,0,0,0,0,0,0,0,0,0,0,0,0,0,0,0,0,0,0,USC,FL
1992Alberto White,WhitAl20,1992,10,268,RAI,Alberto White,No,DE,DE,21,0,0,13,0,0,0,0,0,0,0,0,0,0,0,3,0,0,Texas Southern,CA
1992Corey Mayfield,MayfCo20,1992,10,269,SFO,Corey Mayfield,No,DT,DT,22,0,0,27,0,0,0,0,0,0,0,0,0,0,0,1.5,0,0,Oklahoma,CA
1992Darryl Hardy,HardDa20,1992,10,270,ATL,Darryl Hardy,No,LB,LB,23,0,0,23,0,0,0,0,0,0,0,0,0,0,0,0,0,0,Tennessee,GA
1992Jerry Ostroski,OstrJe20,1992,10,271,KAN,Jerry Ostroski,No,G,G,22,0,0,106,0,0,0,0,0,0,0,0,0,0,0,0,0,0,Tulsa,MO
1992Mark McMillian,McMiMa20,1992,10,272,PHI,Mark McMillian,No,DB,DB,22,0,0,127,0,0,0,0,0,0,0,0,0,0,0,23,1.5,0,Alabama,PA
1992Nikki Fisher,0,1992,10,273,CHI,Nikki Fisher,No,RB,RB,0,0,0,0,0,0,0,0,0,0,0,0,0,0,0,0,0,0,Virginia,IL
1992Dion Johnson,0,1992,10,274,HOU,Dion Johnson,No,WR,WR,0,0,0,0,0,0,0,0,0,0,0,0,0,0,0,0,0,0,East Carolina,TX
1992John Terry,0,1992,10,275,DAL,John Terry,No,G,G,0,0,0,0,0,0,0,0,0,0,0,0,0,0,0,0,0,0,Livingstone,TX
1992Marcus Dowdell,DowdMa00,1992,10,276,NOR,Marcus Dowdell,No,WR,WR,22,0,0,41,0,0,0,0,0,0,0,0,37,466,3,0,0,0,Tennessee St.,LA
1992Steve Gordon,GordSt20,1992,10,277,NWE,Steve Gordon,No,C,C,23,0,0,13,0,0,0,0,0,0,0,0,0,0,0,0,0,0,California,MA
1992Bob Meeks,MeekBo20,1992,10,278,DEN,Bob Meeks,No,C,C,23,0,0,8,0,0,0,0,0,0,0,0,0,0,0,0,0,0,Auburn,CO
1992Barry Rose,RoseBa20,1992,10,279,BUF,Barry Rose,No,WR,WR,24,0,0,3,0,0,0,0,0,0,0,0,0,0,0,0,0,0,Wisc-Stevens Point,NY
1992Tony Barker,BarkTo20,1992,10,280,WAS,Tony Barker,No,LB,LB,24,0,0,8,0,0,0,0,0,0,0,0,0,0,0,0,0,0,Rice,DC
1992Brian Townsend,TownBr20,1992,11,281,RAM,Brian Townsend,No,LB,LB,23,0,0,3,0,0,0,0,0,0,0,0,0,0,0,0,0,0,Michigan,CA
1992Brian Thomas,0,1992,11,282,RAM,Brian Thomas,No,WR,WR,0,0,0,0,0,0,0,0,0,0,0,0,0,0,0,0,0,0,Southern,CA
1992John Earle,0,1992,11,283,CIN,John Earle,No,T,T,0,0,0,0,0,0,0,0,0,0,0,0,0,0,0,0,0,0,West. Illinois,OH
1992Mazio Royster,RoysMa00,1992,11,284,TAM,Mazio Royster,No,RB,RB,22,0,0,33,0,0,0,0,0,42,122,1,13,62,0,0,0,0,USC,FL
1992Keith McAfee,0,1992,11,285,SDG,Keith McAfee,No,RB,RB,0,0,0,0,0,0,0,0,0,0,0,0,0,0,0,0,0,0,Texas A&M,CA
1992Rob Baxley,BaxlRo20,1992,11,286,PHO,Rob Baxley,No,T,T,23,0,0,6,0,0,0,0,0,0,0,0,0,0,0,0,0,0,Iowa,AZ
1992Gabe Mokwuah,0,1992,11,287,GNB,Gabe Mokwuah,No,LB,LB,0,0,0,0,0,0,0,0,0,0,0,0,0,0,0,0,0,0,American Int.,WI
1992Mike Petko,0,1992,11,288,NWE,Mike Petko,No,LB,LB,0,0,0,0,0,0,0,0,0,0,0,0,0,0,0,0,0,0,Nebraska,MA
1992Augustin Olobia,0,1992,11,289,CLE,Augustin Olobia,No,WR,WR,0,0,0,0,0,0,0,0,0,0,0,0,0,0,0,0,0,0,Washington St.,OH
1992Kris Rongen,0,1992,11,290,SEA,Kris Rongen,No,G,G,0,0,0,0,0,0,0,0,0,0,0,0,0,0,0,0,0,0,Washington,WA
1992Kendall Gammon,GammKe00,1992,11,291,PIT,Kendall Gammon,No,C,C,23,0,1,234,0,0,0,0,0,0,0,0,0,0,0,0,0,0,Pittsburg St.,PA
1992Nate Singleton,SingNa00,1992,11,292,NYG,Nate Singleton,No,WR,WR,24,0,0,44,0,0,0,0,0,0,0,0,38,539,4,0,0,0,Grambling St.,NY
1992Eric Boles,0,1992,11,293,NYJ,Eric Boles,No,WR,WR,0,0,0,0,0,0,0,0,0,0,0,0,0,0,0,0,0,0,Central Washington,NY
1992Lee Miles,0,1992,11,294,MIA,Lee Miles,No,WR,WR,0,0,0,0,0,0,0,0,0,0,0,0,0,0,0,0,0,0,Baylor,FL
1992Charles Evans,EvanCh00,1992,11,295,MIN,Charles Evans,No,RB,RB,25,0,0,98,0,0,0,0,0,156,498,4,110,766,2,0,0,0,Clark (GA),MN
1992Mark Barsotti,0,1992,11,296,MIA,Mark Barsotti,No,QB,QB,0,0,0,0,0,0,0,0,0,0,0,0,0,0,0,0,0,0,Fresno St.,FL
1992Robin Jones,0,1992,11,297,ATL,Robin Jones,No,DE,DE,0,0,0,0,0,0,0,0,0,0,0,0,0,0,0,0,0,0,Baylor,GA
1992Doug Rigby,0,1992,11,298,KAN,Doug Rigby,No,DE,DE,0,0,0,0,0,0,0,0,0,0,0,0,0,0,0,0,0,0,Wyoming,MO
1992Pumpy Tudors,0,1992,11,299,PHI,Pumpy Tudors,No,P,P,0,0,0,0,0,0,0,0,0,0,0,0,0,0,0,0,0,0,Tenn-Chattanooga,PA
1992Tom Covington,0,1992,11,300,SFO,Tom Covington,No,TE,TE,0,0,0,0,0,0,0,0,0,0,0,0,0,0,0,0,0,0,Georgia Tech,CA
1992Anthony Davis,DaviAn23,1992,11,301,HOU,Anthony Davis,No,LB,LB,23,0,0,106,0,0,0,0,0,0,0,0,0,0,0,12.5,5,0,Utah,TX
1992Tim Daniel,0,1992,11,302,DAL,Tim Daniel,No,WR,WR,0,0,0,0,0,0,0,0,0,0,0,0,0,0,0,0,0,0,Florida A&M,TX
1992Mike Gisler,GislMi20,1992,11,303,NOR,Mike Gisler,No,C,C,23,0,0,105,0,0,0,0,0,0,0,0,0,0,0,0,0,0,Houston,LA
1992Louis Age,AgexLo20,1992,11,304,CHI,Louis Age,No,T,T,22,0,0,6,0,0,0,0,0,0,0,0,0,0,0,0,0,0,La-Lafayette,IL
1992Cedric Tillman,TillCe00,1992,11,305,DEN,Cedric Tillman,No,WR,WR,22,0,0,52,0,0,0,0,0,0,0,0,87,1227,7,0,0,0,Alcorn St.,CO
1992Ed Tillison,TillEd20,1992,11,306,DET,Ed Tillison,No,FB,FB,23,0,0,6,0,0,0,0,0,4,22,0,0,0,0,0,0,0,NW Missouri St.,MI
1992Vince Marrow,MarrVi20,1992,11,307,BUF,Vince Marrow,No,TE,TE,24,0,0,10,0,0,0,0,0,0,0,0,5,44,0,0,0,0,Toledo,NY
1992Terry Smith,0,1992,11,308,WAS,Terry Smith,No,WR,WR,0,0,0,0,0,0,0,0,0,0,0,0,0,0,0,0,0,0,Penn St.,DC
1992Michael Brandon,BranMi20,1992,12,309,IND,Michael Brandon,No,DE,DE,24,0,0,31,0,0,0,0,0,0,0,0,0,0,0,0,0,0,Florida,IN
1992Eric Shaw,ShawEr20,1992,12,310,CIN,Eric Shaw,No,LB,LB,21,0,0,28,0,0,0,0,0,0,0,0,0,0,0,0,0,0,Louisiana Tech,OH
1992Klaus Wilmsmeyer,WilmKl20,1992,12,311,TAM,Klaus Wilmsmeyer,No,P,P,24,0,0,94,1,1,18,0,0,4,0,0,0,0,0,0,0,0,Louisville,FL
1992Kelvin Harris,0,1992,12,312,RAM,Kelvin Harris,No,C,C,0,0,0,0,0,0,0,0,0,0,0,0,0,0,0,0,0,0,Miami (FL),CA
1992Lance Wilson,0,1992,12,313,PHO,Lance Wilson,No,DT,DT,0,0,0,0,0,0,0,0,0,0,0,0,0,0,0,0,0,0,Texas,AZ
1992Brett Collins,CollBr21,1992,12,314,GNB,Brett Collins,No,LB,LB,23,0,0,27,0,0,0,0,0,0,0,0,0,0,0,0,0,0,Washington,WI
1992Carlos Huerta,huertcar01,1992,12,315,SDG,Carlos Huerta,No,K,K,23,0,0,4,0,0,0,0,0,0,0,0,0,0,0,0,0,0,Miami (FL),CA
1992Keithen McCant,0,1992,12,316,CLE,Keithen McCant,No,QB,QB,0,0,0,0,0,0,0,0,0,0,0,0,0,0,0,0,0,0,Nebraska,OH
1992Don Harris,0,1992,12,317,DAL,Don Harris,No,DB,DB,0,0,0,0,0,0,0,0,0,0,0,0,0,0,0,0,0,0,Texas Tech,TX
1992Cornelius Benton,0,1992,12,318,PIT,Cornelius Benton,No,QB,QB,0,0,0,0,0,0,0,0,0,0,0,0,0,0,0,0,0,0,Connecticut,PA
1992Chico Fraley,0,1992,12,319,SEA,Chico Fraley,No,LB,LB,0,0,0,0,0,0,0,0,0,0,0,0,0,0,0,0,0,0,Washington,WA
1992John MacNeill,0,1992,12,320,SEA,John MacNeill,No,DE,DE,0,0,0,0,0,0,0,0,0,0,0,0,0,0,0,0,0,0,Michigan St.,WA
1992Milton Biggins,0,1992,12,321,MIA,Milton Biggins,No,TE,TE,0,0,0,0,0,0,0,0,0,0,0,0,0,0,0,0,0,0,West. Kentucky,FL
1992Joe Randolph,0,1992,12,322,MIN,Joe Randolph,No,WR,WR,0,0,0,0,0,0,0,0,0,0,0,0,0,0,0,0,0,0,Elon,MN
1992Charles Swann,SwanCh20,1992,12,323,NYG,Charles Swann,No,WR,WR,21,0,0,13,0,0,0,0,0,0,0,0,0,0,0,0,0,0,Indiana St.,NY
1992Tom Roth,0,1992,12,324,RAI,Tom Roth,No,G,G,0,0,0,0,0,0,0,0,0,0,0,0,0,0,0,0,0,0,Southern Illinois,CA
1992Corey Williams,0,1992,12,325,KAN,Corey Williams,No,DB,DB,0,0,0,0,0,0,0,0,0,0,0,0,0,0,0,0,0,0,Oklahoma St.,MO
1992Brandon Houston,0,1992,12,326,PHI,Brandon Houston,No,T,T,0,0,0,0,0,0,0,0,0,0,0,0,0,0,0,0,0,0,Oklahoma,PA
1992Matt LaBounty,LaBoMa20,1992,12,327,SFO,Matt LaBounty,No,DE,DE,23,0,0,85,0,0,0,0,0,0,0,0,0,0,0,14.5,0,0,Oregon,CA
1992Kameno Bell,0,1992,12,328,MIA,Kameno Bell,No,RB,RB,0,0,0,0,0,0,0,0,0,0,0,0,0,0,0,0,0,0,Illinois,FL
1992Tim Simpson,SimpTi20,1992,12,329,CLE,Tim Simpson,No,G,G,23,0,0,4,0,0,0,0,0,0,0,0,0,0,0,0,0,0,Illinois,OH
1992Scott Adell,0,1992,12,330,NOR,Scott Adell,No,T,T,0,0,0,0,0,0,0,0,0,0,0,0,0,0,0,0,0,0,North Carolina St.,LA
1992Chris Wilson,0,1992,12,331,CHI,Chris Wilson,No,LB,LB,0,0,0,0,0,0,0,0,0,0,0,0,0,0,0,0,0,0,Oklahoma,IL
1992Joe Wood,0,1992,12,332,HOU,Joe Wood,No,K,K,0,0,0,0,0,0,0,0,0,0,0,0,0,0,0,0,0,0,Air Force,TX
1992Freeman Baysinger,0,1992,12,333,NWE,Freeman Baysinger,No,WR,WR,0,0,0,0,0,0,0,0,0,0,0,0,0,0,0,0,0,0,Humboldt St.,MA
1992John Granby,GranJo20,1992,12,334,DEN,John Granby,No,WR,WR,23,0,0,4,0,0,0,0,0,0,0,0,0,0,0,0,0,0,Virginia Tech,CO
1992Matt Rodgers,0,1992,12,335,BUF,Matt Rodgers,No,QB,QB,0,0,0,0,0,0,0,0,0,0,0,0,0,0,0,0,0,0,Iowa,NY
1992Matt Elliott,ElliMa20,1992,12,336,WAS,Matt Elliott,No,G,G,23,0,0,63,0,0,0,0,0,0,0,0,0,0,0,0,0,0,Michigan,DC
1991Russell Maryland,MaryRu00,1991,1,1,DAL,Russell Maryland,No,DT,DT,22,0,1,154,0,0,0,0,0,0,0,0,0,0,0,24.5,1,0,Miami (FL),TX
1991Eric Turner,TurnEr00,1991,1,2,CLE,Eric Turner,No,DB,DB,23,1,2,109,0,0,0,0,0,0,0,0,0,0,0,30,3,0,UCLA,OH
1991Bruce Pickens,PickBr20,1991,1,3,ATL,Bruce Pickens,No,DB,DB,23,0,0,48,0,0,0,0,0,0,0,0,0,0,0,2,1,0,Nebraska,GA
1991Mike Croel,CroeMi20,1991,1,4,DEN,Mike Croel,No,LB,LB,22,0,0,102,0,0,0,0,0,0,0,0,0,0,0,24,2,0,Nebraska,CO
1991Todd Lyght,LyghTo00,1991,1,5,RAM,Todd Lyght,No,DB,DB,22,0,1,175,0,0,0,0,0,0,0,0,0,0,0,37,6,0,Notre Dame,CA
1991Eric Swann,SwanEr00,1991,1,6,PHO,Eric Swann,No,DT,DT,21,0,2,126,0,0,0,0,0,1,0,0,0,0,0,46.5,2,0,Wake Technical CC,AZ
1991Charles McRae,McRaCh20,1991,1,7,TAM,Charles McRae,No,T,T,23,0,0,84,0,0,0,0,0,0,0,0,0,0,0,0,0,0,Tennessee,FL
1991Antone Davis,DaviAn25,1991,1,8,PHI,Antone Davis,No,T,T,24,0,0,97,0,0,0,0,0,0,0,0,0,0,0,0,0,0,Tennessee,PA
1991Stanley Richard,RichSt20,1991,1,9,SDG,Stanley Richard,No,DB,DB,23,0,0,124,0,0,0,0,0,0,0,0,0,0,0,21,2,0,Texas,CA
1991Herman Moore,MoorHe00,1991,1,10,DET,Herman Moore,No,WR,WR,21,3,4,146,0,0,0,0,0,0,0,0,670,9174,62,0,0,0,Virginia,MI
1991Pat Harlow,HarlPa20,1991,1,11,NWE,Pat Harlow,No,T,T,22,0,0,105,0,0,0,0,0,0,0,0,0,0,0,0,0,0,USC,MA
1991Alvin Harper,HarpAl00,1991,1,12,DAL,Alvin Harper,No,WR,WR,23,0,0,102,1,1,46,0,0,1,15,0,191,3473,21,1,0,0,Tennessee,TX
1991Mike Pritchard,PritMi00,1991,1,13,ATL,Mike Pritchard,No,WR,WR,21,0,0,127,0,0,0,0,0,17,102,0,422,5187,26,0,0,0,Colorado,GA
1991Leonard Russell,RussLe00,1991,1,14,NWE,Leonard Russell,No,RB,RB,21,0,0,85,0,0,0,0,0,1164,3973,29,122,846,0,0,0,0,Arizona St.,MA
1991Huey Richardson,RichHu20,1991,1,15,PIT,Huey Richardson,No,LB,LB,23,0,0,16,0,0,0,0,0,0,0,0,0,0,0,0,0,0,Florida,PA
1991Dan McGwire,McGwDa00,1991,1,16,SEA,Dan McGwire,No,QB,QB,23,0,0,13,74,148,745,2,6,14,6,0,0,0,0,0,0,0,San Diego St.,WA
1991Bobby Wilson,WilsBo21,1991,1,17,WAS,Bobby Wilson,No,DT,DT,23,0,0,42,0,0,0,0,0,0,0,0,0,0,0,11,0,0,Michigan St.,DC
1991Alfred Williams,WillAl00,1991,1,18,CIN,Alfred Williams,No,DE,DE,22,1,1,128,0,0,0,0,0,0,0,0,0,0,0,59.5,0,0,Colorado,OH
1991Vinnie Clark,ClarVi20,1991,1,19,GNB,Vinnie Clark,No,DB,DB,22,0,0,83,0,0,0,0,0,0,0,0,0,0,0,13,0,0,Ohio St.,WI
1991Kelvin Pritchett,PritKe20,1991,1,20,DAL,Kelvin Pritchett,No,DT,DT,21,0,0,208,0,0,0,0,0,0,0,0,0,0,0,31.5,1,0,Mississippi,TX
1991Harvey Williams,WillHa00,1991,1,21,KAN,Harvey Williams,No,RB,RB,24,0,0,110,3,5,58,2,0,1021,3952,20,193,1442,7,0,0,0,LSU,MO
1991Stan Thomas,ThomSt20,1991,1,22,CHI,Stan Thomas,No,T,T,22,0,0,56,0,0,0,0,0,0,0,0,0,0,0,0,0,0,Texas,IL
1991Randal Hill,HillRa00,1991,1,23,MIA,Randal Hill,No,WR,WR,22,0,0,103,0,0,0,0,0,2,15,0,262,3849,14,0,0,0,Miami (FL),FL
1991Todd Marinovich,MariTo00,1991,1,24,RAI,Todd Marinovich,No,QB,QB,22,0,0,8,104,205,1345,8,9,12,44,0,0,0,0,0,0,0,USC,CA
1991Ted Washington,WashTe01,1991,1,25,SFO,Ted Washington,No,NT,DT,23,1,4,236,0,0,0,0,0,0,0,0,0,0,0,34.5,2,0,Louisville,CA
1991Henry Jones,JoneHe00,1991,1,26,BUF,Henry Jones,No,DB,DB,23,1,1,158,0,0,0,0,0,0,0,0,0,0,0,18,5,0,Illinois,NY
1991Jarrod Bunch,BuncJa00,1991,1,27,NYG,Jarrod Bunch,No,FB,FB,23,0,0,48,0,0,0,0,0,138,629,5,26,156,2,0,0,0,Michigan,NY
1991Mike Dumas,DumaMi20,1991,2,28,HOU,Mike Dumas,No,DB,DB,22,0,0,102,0,0,0,0,0,0,0,0,0,0,0,7,5,0,Indiana,TX
1991Ed King,KingEd21,1991,2,29,CLE,Ed King,No,G,G,21,0,0,57,0,0,0,0,0,0,0,0,0,0,0,0,0,0,Auburn,OH
1991Reggie Johnson,JohnRe00,1991,2,30,DEN,Reggie Johnson,No,TE,TE,23,0,0,77,0,0,0,0,0,2,7,0,66,791,6,0,0,0,Florida St.,CO
1991Roman Phifer,PhifRo20,1991,2,31,RAM,Roman Phifer,No,LB,LB,23,0,0,212,0,0,0,0,0,0,0,0,0,0,0,29,11,0,UCLA,CA
1991Mike Jones,JoneMi23,1991,2,32,PHO,Mike Jones,No,DE,DE,22,0,0,135,0,0,0,0,0,0,0,0,0,0,0,27.5,0,0,North Carolina St.,AZ
1991Brett Favre,FavrBr00,1991,2,33,ATL,Brett Favre,No,QB,QB,21,3,11,302,6300,10169,71838,508,336,602,1844,14,2,-7,0,0,0,0,Southern Miss,GA
1991Browning Nagle,NaglBr00,1991,2,34,NYJ,Browning Nagle,No,QB,QB,23,0,0,24,213,437,2489,8,20,26,68,0,0,0,0,0,0,0,Louisville,NY
1991Esera Tuaolo,TuaoEs20,1991,2,35,GNB,Esera Tuaolo,No,NT,DT,23,0,0,111,0,0,0,0,0,0,0,0,0,0,0,12,1,0,Oregon St.,WI
1991George Thornton,ThorGe20,1991,2,36,SDG,George Thornton,No,DT,DT,23,0,0,37,0,0,0,0,0,0,0,0,0,0,0,2,0,0,Alabama,CA
1991Dixon Edwards,EdwaDi20,1991,2,37,DAL,Dixon Edwards,No,LB,LB,23,0,0,119,0,0,0,0,0,0,0,0,0,0,0,7.5,2,0,Michigan St.,TX
1991Darryll Lewis,LewiDa04,1991,2,38,HOU,Darryll Lewis,No,DB,DB,22,0,1,141,0,0,0,0,0,0,0,0,0,0,0,32,5,0,Arizona,TX
1991Eric Bieniemy,BienEr00,1991,2,39,SDG,Eric Bieniemy,No,RB,RB,22,0,0,142,0,2,0,0,0,387,1589,11,146,1223,0,0,0,0,Colorado,CA
1991Shane Curry,CurrSh20,1991,2,40,IND,Shane Curry,No,DE,DE,23,0,0,9,0,0,0,0,0,0,0,0,0,0,0,1,0,0,Miami (FL),IN
1991Jerome Henderson,HendJe20,1991,2,41,NWE,Jerome Henderson,No,DB,DB,22,0,0,98,0,0,0,0,0,0,0,0,0,0,0,9,1,0,Clemson,MA
1991Wesley Carroll,CarrWe00,1991,2,42,NOR,Wesley Carroll,No,WR,WR,24,0,0,40,0,0,0,0,0,0,0,0,42,557,3,0,0,0,Miami (FL),LA
1991Nick Bell,BellNi00,1991,2,43,RAI,Nick Bell,No,RB,RB,23,0,0,35,0,0,0,0,0,226,853,7,21,213,0,0,0,0,Iowa,CA
1991John Flannery,FlanJo20,1991,2,44,HOU,John Flannery,No,G,G,22,0,0,80,0,0,0,0,0,0,0,0,1,2,0,0,0,0,Syracuse,TX
1991Ricky Watters,WattRi00,1991,2,45,SFO,Ricky Watters,No,RB,RB,22,0,5,144,1,2,1,1,0,2622,10643,78,467,4248,13,0,0,0,Notre Dame,CA
1991Jeff Graham,GrahJe00,1991,2,46,PIT,Jeff Graham,No,WR,WR,22,0,0,160,0,0,0,0,0,0,0,0,542,8172,30,0,0,0,Ohio St.,PA
1991Eric Moten,MoteEr20,1991,2,47,SDG,Eric Moten,No,G,G,23,0,0,67,0,0,0,0,0,0,0,0,0,0,0,0,0,0,Michigan St.,CA
1991Jesse Campbell,CampJe20,1991,2,48,PHI,Jesse Campbell,No,DB,DB,22,0,0,92,0,0,0,0,0,0,0,0,0,0,0,7,0,0,North Carolina St.,PA
1991Chris Zorich,ZoriCh20,1991,2,49,CHI,Chris Zorich,No,DT,DT,22,0,0,84,0,0,0,0,0,0,0,0,0,0,0,16.5,0,0,Notre Dame,IL
1991Joe Valerio,ValeJo20,1991,2,50,KAN,Joe Valerio,No,C,C,22,0,0,62,0,0,0,0,0,0,0,0,4,7,4,0,0,0,Pennsylvania,MO
1991Doug Thomas,ThomDo00,1991,2,51,SEA,Doug Thomas,No,WR,WR,22,0,0,39,0,0,0,0,0,4,11,0,22,207,0,0,0,0,Clemson,WA
1991Lamar Rogers,RogeLa20,1991,2,52,CIN,Lamar Rogers,No,DE,DE,23,0,0,26,0,0,0,0,0,0,0,0,0,0,0,4,0,0,Auburn,OH
1991John Johnson,JohnJo22,1991,2,53,SFO,John Johnson,No,LB,LB,23,0,0,46,0,0,0,0,0,0,0,0,0,0,0,3,2,0,Clemson,CA
1991Phil Hansen,HansPh20,1991,2,54,BUF,Phil Hansen,No,DE,DE,23,0,0,156,0,0,0,0,0,0,0,0,0,0,0,61.5,1,0,North Dakota St.,NY
1991Kanavis McGhee,McGhKa20,1991,2,55,NYG,Kanavis McGhee,No,LB,LB,22,0,0,50,0,0,0,0,0,0,0,0,0,0,0,3,0,0,Colorado,NY
1991Calvin Stephens,StepCa20,1991,3,56,NWE,Calvin Stephens,No,G,G,23,0,0,13,0,0,0,0,0,0,0,0,0,0,0,0,0,0,South Carolina,MA
1991James Jones,JoneJa20,1991,3,57,CLE,James Jones,No,DT,DT,22,0,0,160,0,0,0,0,0,3,2,1,3,4,2,37,1,0,Northern Iowa,OH
1991Reggie Barrett,BarrRe00,1991,3,58,DET,Reggie Barrett,No,WR,WR,22,0,0,10,0,0,0,0,0,0,0,0,4,67,1,0,0,0,Texas-El Paso,MI
1991Aeneas Williams,WillAe00,1991,3,59,PHO,Aeneas Williams,No,DB,DB,23,3,8,211,0,0,0,0,0,0,0,0,0,0,0,55,3,0,Saginaw Valley St.,AZ
1991Aaron Craver,CravAa00,1991,3,60,MIA,Aaron Craver,No,RB,RB,22,0,0,103,0,2,0,0,0,243,966,10,170,1364,4,0,0,0,Fresno St.,FL
1991Keith Traylor,TrayKe20,1991,3,61,DEN,Keith Traylor,No,DT,DT,22,0,0,229,0,0,0,0,0,0,0,0,0,0,0,20,2,0,Central Oklahoma,CO
1991Godfrey Myles,MyleGo20,1991,3,62,DAL,Godfrey Myles,No,LB,LB,23,0,0,76,0,0,0,0,0,0,0,0,0,0,0,2,0,0,Florida,TX
1991Mo Lewis,LewiMo00,1991,3,63,NYJ,Mo Lewis,No,LB,LB,21,1,3,200,0,0,0,0,0,1,3,0,0,0,0,52.5,14,0,Georgia,NY
1991James Richards,0,1991,3,64,DAL,James Richards,No,G,G,0,0,0,0,0,0,0,0,0,0,0,0,0,0,0,0,0,0,California,TX
1991Carlos Jenkins,JenkCa20,1991,3,65,MIN,Carlos Jenkins,No,LB,LB,23,0,0,80,0,0,0,0,0,0,0,0,0,0,0,9,4,0,Michigan St.,MN
1991Lawrence Dawsey,DawsLa00,1991,3,66,TAM,Lawrence Dawsey,No,WR,WR,23,0,0,83,0,0,0,0,0,1,9,1,240,3271,6,0,0,0,Florida St.,FL
1991Don Davey,DaveDo20,1991,3,67,GNB,Don Davey,No,DT,DT,23,0,0,92,0,0,0,0,0,0,0,0,0,0,0,8,0,0,Wisconsin,WI
1991Jake Reed,ReedJa00,1991,3,68,MIN,Jake Reed,No,WR,WR,24,0,0,155,0,0,0,0,0,0,0,0,450,6999,36,0,0,0,Grambling St.,MN
1991Dave McCloughan,McClDa20,1991,3,69,IND,Dave McCloughan,No,DB,DB,24,0,0,48,0,0,0,0,0,0,0,0,0,0,0,0,0,0,Colorado,IN
1991Erik Williams,WillEr01,1991,3,70,DAL,Erik Williams,No,T,T,23,2,4,146,0,0,0,0,0,0,0,0,0,0,0,0,0,0,Central State (OH),TX
1991Steve Jackson,JackSt22,1991,3,71,HOU,Steve Jackson,No,DB,DB,22,0,0,118,0,0,0,0,0,0,0,0,0,0,0,13,9,0,Purdue,TX
1991Bob Dahl,DahlBo20,1991,3,72,CIN,Bob Dahl,No,G,G,23,0,0,82,0,0,0,0,0,0,0,0,0,0,0,0,0,0,Notre Dame,OH
1991Ernie Mills,MillEr00,1991,3,73,PIT,Ernie Mills,No,WR,WR,22,0,0,118,0,0,0,0,0,18,121,0,196,2934,20,0,0,0,Florida,PA
1991David Daniels,DaniDa00,1991,3,74,SEA,David Daniels,No,WR,WR,22,0,0,29,0,0,0,0,0,0,0,0,9,137,0,0,0,0,Penn St.,WA
1991Rob Selby,SelbRo20,1991,3,75,PHI,Rob Selby,No,G,G,23,0,0,62,0,0,0,0,0,0,0,0,0,0,0,0,0,0,Auburn,PA
1991Ricky Ervins,ErviRi00,1991,3,76,WAS,Ricky Ervins,No,RB,RB,22,0,0,76,0,0,0,0,0,554,2114,8,117,870,2,0,0,0,USC,DC
1991Tim Barnett,BarnTi00,1991,3,77,KAN,Tim Barnett,No,WR,WR,23,0,0,44,0,0,0,0,0,1,3,0,82,1188,10,0,0,0,Jackson St.,MO
1991Chris Gardocki,GardCh20,1991,3,78,CHI,Chris Gardocki,No,P,P,21,1,1,244,1,7,43,0,0,0,0,0,0,0,0,0,0,0,Clemson,IL
1991Kevin Donnalley,DonnKe21,1991,3,79,HOU,Kevin Donnalley,No,G,G,23,0,0,193,0,0,0,0,0,0,0,0,0,0,0,0,0,0,North Carolina,TX
1991Robert Wilson,WilsRo00,1991,3,80,TAM,Robert Wilson,No,RB,RB,22,0,0,51,0,0,0,0,0,45,183,0,23,129,3,0,0,0,Texas A&M,FL
1991Chuck Webb,WebbCh20,1991,3,81,GNB,Chuck Webb,No,FB,FB,21,0,0,2,0,0,0,0,0,0,0,0,0,0,0,0,0,0,Tennessee,WI
1991Darryl Wren,WrenDa20,1991,3,82,BUF,Darryl Wren,No,DB,DB,24,0,0,20,0,0,0,0,0,0,0,0,0,0,0,3,0,0,Pittsburg St.,NY
1991Ed McCaffrey,McCaEd00,1991,3,83,NYG,Ed McCaffrey,No,WR,WR,23,0,1,185,0,0,0,0,0,3,21,0,565,7422,55,0,0,0,Stanford,NY
1991Scott Zolak,ZolaSc00,1991,4,84,NWE,Scott Zolak,No,QB,QB,23,0,0,55,124,248,1314,8,7,38,81,0,0,0,0,0,0,0,Maryland,MA
1991Pio Sagapolutele,SagaPi20,1991,4,85,CLE,Pio Sagapolutele,No,DT,DT,21,0,0,92,0,0,0,0,0,0,0,0,0,0,0,7,0,0,San Diego St.,OH
1991Dexter Davis,DaviDe20,1991,4,86,PHO,Dexter Davis,No,DB,DB,21,0,0,59,0,0,0,0,0,0,0,0,0,0,0,2,1,0,Clemson,AZ
1991Moe Gardner,GardMo20,1991,4,87,ATL,Moe Gardner,No,DT,DT,23,0,0,90,0,0,0,0,0,0,0,0,0,0,0,10,0,0,Illinois,GA
1991Sammy Walker,WalkSa20,1991,4,88,PIT,Sammy Walker,No,DB,DB,22,0,0,26,0,0,0,0,0,0,0,0,0,0,0,0,0,0,Texas Tech,PA
1991Derek Russell,RussDe00,1991,4,89,DEN,Derek Russell,No,WR,WR,22,0,0,88,0,0,0,0,0,1,6,0,172,2401,8,0,0,0,Arkansas,CO
1991Yancey Thigpen,ThigYa00,1991,4,90,SDG,Yancey Thigpen,No,WR,WR,22,0,2,112,0,0,0,0,0,2,4,0,313,5081,30,0,0,0,Winston-Salem St.,CA
1991Kevin Scott,ScotKe21,1991,4,91,DET,Kevin Scott,No,DB,DB,22,0,0,44,0,0,0,0,0,0,0,0,0,0,0,4,0,0,Stanford,MI
1991Randy Baldwin,BaldRa00,1991,4,92,MIN,Randy Baldwin,No,RB,RB,24,0,0,65,0,0,0,0,0,74,231,0,6,50,1,0,0,0,Mississippi,MN
1991Tony Covington,CoviTo20,1991,4,93,TAM,Tony Covington,No,DB,DB,23,0,0,42,0,0,0,0,0,0,0,0,0,0,0,4,1,0,Virginia,FL
1991Mark Gunn,GunnMa20,1991,4,94,NYJ,Mark Gunn,No,DT,DT,23,0,0,70,0,0,0,0,0,0,0,0,0,0,0,4.5,0,0,Pittsburgh,NY
1991Mitch Donahue,DonaMi20,1991,4,95,SFO,Mitch Donahue,No,LB,LB,23,0,0,31,0,0,0,0,0,0,0,0,0,0,0,0,0,0,Wyoming,CA
1991Mark Vander Poel,VandMa20,1991,4,96,IND,Mark Vander Poel,No,T,T,23,0,0,23,0,0,0,0,0,0,0,0,0,0,0,0,0,0,Colorado,IN
1991Curvin Richards,RichCu00,1991,4,97,DAL,Curvin Richards,No,RB,RB,22,0,0,12,0,0,0,0,0,55,181,1,3,8,0,0,0,0,Pittsburgh,TX
1991John Kasay,kasayjoh01,1991,4,98,SEA,John Kasay,No,K,K,21,0,1,301,0,0,0,0,0,0,0,0,0,0,0,0,0,0,Georgia,WA
1991Donald Hollas,HollDo00,1991,4,99,CIN,Donald Hollas,No,QB,QB,23,0,0,32,202,375,2399,13,21,61,295,1,0,0,0,0,0,0,Rice,OH
1991Rocket Ismail,IsmaRa00,1991,4,100,RAI,Rocket Ismail,No,WR,WR,21,0,0,126,0,0,0,0,0,58,423,2,363,5295,28,0,0,0,Notre Dame,CA
1991David Rocker,RockDa20,1991,4,101,HOU,David Rocker,No,DT,DT,22,0,0,34,0,0,0,0,0,0,0,0,0,0,0,1.5,0,0,Auburn,TX
1991Marcus Robertson,RobeMa21,1991,4,102,HOU,Marcus Robertson,No,DB,DB,21,1,0,162,0,0,0,0,0,0,0,0,0,0,0,24,1.5,0,Iowa St.,TX
1991Adrian Cooper,CoopAd00,1991,4,103,PIT,Adrian Cooper,No,TE,TE,23,0,0,77,0,0,0,0,0,0,0,0,87,1037,5,0,0,0,Oklahoma,PA
1991William Thomas,ThomWi00,1991,4,104,PHI,William Thomas,No,LB,LB,23,0,2,172,0,0,0,0,0,0,0,0,0,0,0,37,27,0,Texas A&M,PA
1991Joe Johnson,0,1991,4,105,CHI,Joe Johnson,No,DB,DB,0,0,0,0,0,0,0,0,0,0,0,0,0,0,0,0,0,0,North Carolina St.,IL
1991Bill Musgrave,MusgBi00,1991,4,106,DAL,Bill Musgrave,No,QB,QB,23,0,0,12,43,69,402,1,2,19,-11,0,0,0,0,0,0,0,Oregon,TX
1991Robert Bailey,BailRo20,1991,4,107,RAM,Robert Bailey,No,DB,DB,23,0,0,146,0,0,0,0,0,0,0,0,0,0,0,10,5,0,Miami (FL),CA
1991Tony Hill,HillTo20,1991,4,108,DAL,Tony Hill,No,DE,DE,22,0,0,13,0,0,0,0,0,0,0,0,0,0,0,0,0,0,Tenn-Chattanooga,TX
1991Rob Carpenter,CarpRo00,1991,4,109,CIN,Rob Carpenter,No,WR,WR,23,0,0,60,0,1,0,0,0,1,2,0,51,607,1,0,0,0,Syracuse,OH
1991Kevin Harris,0,1991,4,110,DAL,Kevin Harris,No,DE,DE,0,0,0,0,0,0,0,0,0,0,0,0,0,0,0,0,0,0,Texas Southern,TX
1991Clarence Jones,JoneCl20,1991,4,111,NYG,Clarence Jones,No,T,T,23,0,0,111,0,0,0,0,0,0,0,0,0,0,0,0,0,0,Maryland,NY
1991Jon Vaughn,VaugJo00,1991,5,112,NWE,Jon Vaughn,No,RB,RB,21,0,0,61,1,2,13,1,0,207,846,4,23,178,1,0,0,0,Michigan,MA
1991Bryan Cox,CoxxBr00,1991,5,113,MIA,Bryan Cox,No,LB,LB,23,1,3,165,0,0,0,0,0,0,0,0,1,7,0,51.5,4,0,West. Illinois,FL
1991James Goode,0,1991,5,114,ATL,James Goode,No,LB,LB,0,0,0,0,0,0,0,0,0,0,0,0,0,0,0,0,0,0,Oklahoma,GA
1991Greg Lewis,LewiGr00,1991,5,115,DEN,Greg Lewis,No,RB,RB,22,0,0,32,0,1,0,0,0,172,644,8,6,39,0,0,0,0,Washington,CO
1991Robert Young,YounRo20,1991,5,116,RAM,Robert Young,No,DE,DE,22,0,0,78,0,0,0,0,0,0,0,0,0,0,0,20.5,0,0,Mississippi St.,CA
1991Vance Hammond,0,1991,5,117,PHO,Vance Hammond,No,DT,DT,0,0,0,0,0,0,0,0,0,0,0,0,0,0,0,0,0,0,Clemson,AZ
1991Scott Conover,ConoSc20,1991,5,118,DET,Scott Conover,No,T,T,23,0,0,67,0,0,0,0,0,0,0,0,1,1,1,0,0,0,Purdue,MI
1991Chris Thome,ThomCh22,1991,5,119,MIN,Chris Thome,No,C,C,22,0,0,11,0,0,0,0,0,0,0,0,0,0,0,0,0,0,Minnesota,MN
1991Terry Bagsby,0,1991,5,120,TAM,Terry Bagsby,No,LB,LB,0,0,0,0,0,0,0,0,0,0,0,0,0,0,0,0,0,0,Texas A&M-Commerce,FL
1991Gene Williams,WillGe20,1991,5,121,MIA,Gene Williams,No,G,G,22,0,0,114,0,0,0,0,0,0,0,0,0,0,0,0,0,0,Iowa St.,FL
1991Merton Hanks,HankMe00,1991,5,122,SFO,Merton Hanks,No,DB,DB,23,1,4,137,0,0,0,0,0,0,0,0,0,0,0,33,3,0,Iowa,CA
1991Duane Young,YounDu00,1991,5,123,SDG,Duane Young,No,TE,TE,23,0,0,73,0,0,0,0,0,0,0,0,38,405,3,0,0,0,Michigan St.,CA
1991Ben Coates,CoatBe00,1991,5,124,NWE,Ben Coates,No,TE,TE,22,2,5,158,0,0,0,0,0,3,-4,0,499,5555,50,0,0,0,Livingstone,MA
1991Kerry Cash,CashKe01,1991,5,125,IND,Kerry Cash,No,TE,TE,22,0,0,71,0,0,0,0,0,0,0,0,132,1427,9,0,0,0,Texas,IN
1991Reggie Jones,JoneRe20,1991,5,126,NOR,Reggie Jones,No,DB,DB,22,0,0,41,0,0,0,0,0,0,0,0,0,0,0,6,1,0,Memphis,LA
1991Floyd Fields,FielFl20,1991,5,127,SDG,Floyd Fields,No,DB,DB,22,0,0,30,0,0,0,0,0,0,0,0,0,0,0,1,0,0,Arizona St.,CA
1991Harlan Davis,0,1991,5,128,SEA,Harlan Davis,No,DB,DB,0,0,0,0,0,0,0,0,0,0,0,0,0,0,0,0,0,0,Tennessee,WA
1991Gary Wellman,WellGa00,1991,5,129,HOU,Gary Wellman,No,WR,WR,24,0,0,28,0,0,0,0,0,3,3,0,41,542,1,0,0,0,USC,TX
1991Mike Arthur,ArthMi20,1991,5,130,CIN,Mike Arthur,No,C,C,23,0,0,64,0,0,0,0,0,0,0,0,0,0,0,0,0,0,Texas A&M,OH
1991Craig Erickson,EricCr00,1991,5,131,PHI,Craig Erickson,No,QB,QB,22,0,0,52,591,1092,7625,41,38,77,201,1,0,0,0,0,0,0,Miami (FL),PA
1991Darrick Brownlow,BrowDa24,1991,5,132,DAL,Darrick Brownlow,No,LB,LB,22,0,0,95,0,0,0,0,0,0,0,0,0,0,0,0,0,0,Illinois,TX
1991Charles Mincy,MincCh20,1991,5,133,KAN,Charles Mincy,No,DB,DB,21,0,0,114,0,0,0,0,0,0,0,0,0,0,0,23,0,0,Washington,MO
1991Anthony Morgan,MorgAn00,1991,5,134,CHI,Anthony Morgan,No,WR,WR,23,0,0,64,0,0,0,0,0,6,86,0,87,1283,12,0,0,0,Tennessee,IL
1991Jeff Fite,0,1991,5,135,GNB,Jeff Fite,No,P,P,0,0,0,0,0,0,0,0,0,0,0,0,0,0,0,0,0,0,Memphis,WI
1991Tim Ryan,RyanTi21,1991,5,136,TAM,Tim Ryan,No,G,G,23,0,0,37,0,0,0,0,0,0,0,0,0,0,0,0,0,0,Notre Dame,FL
1991Harry Boatswain,BoatHa20,1991,5,137,SFO,Harry Boatswain,No,G,G,22,0,0,74,0,0,0,0,0,0,0,0,0,0,0,0,0,0,New Haven,CA
1991Shawn Wilbourn,0,1991,5,138,BUF,Shawn Wilbourn,No,DB,DB,0,0,0,0,0,0,0,0,0,0,0,0,0,0,0,0,0,0,Long Beach St.,NY
1991Anthony Moss,0,1991,5,139,NYG,Anthony Moss,No,LB,LB,0,0,0,0,0,0,0,0,0,0,0,0,0,0,0,0,0,0,Florida St.,NY
1991David Key,KeyxDa20,1991,6,140,NWE,David Key,No,DB,DB,23,0,0,3,0,0,0,0,0,0,0,0,0,0,0,0,0,0,Michigan,MA
1991Michael Jackson,JackMi00,1991,6,141,CLE,Michael Jackson,No,WR,WR,22,0,0,114,1,4,25,0,1,2,22,0,353,5393,46,0,0,0,Southern Miss,OH
1991Nick Subis,SubiNi20,1991,6,142,DEN,Nick Subis,No,T,T,23,0,0,16,0,0,0,0,0,0,0,0,0,0,0,0,0,0,San Diego St.,CO
1991Neal Fort,0,1991,6,143,RAM,Neal Fort,No,T,T,0,0,0,0,0,0,0,0,0,0,0,0,0,0,0,0,0,0,BYU,CA
1991Eduardo Vega,0,1991,6,144,PHO,Eduardo Vega,No,T,T,0,0,0,0,0,0,0,0,0,0,0,0,0,0,0,0,0,0,Memphis,AZ
1991Erric Pegram,PegrEr00,1991,6,145,ATL,Erric Pegram,No,RB,RB,22,0,0,103,0,0,0,0,0,855,3398,13,116,833,1,0,0,0,North Texas,GA
1991Nolan Harrison,HarrNo20,1991,6,146,RAI,Nolan Harrison,No,DE,DE,22,0,0,128,0,0,0,0,0,0,0,0,0,0,0,22,0,0,Indiana,CA
1991Rhett Hall,HallRh20,1991,6,147,TAM,Rhett Hall,No,DT,DT,22,0,0,68,0,0,0,0,0,0,0,0,0,0,0,18.5,1,0,California,FL
1991Blaise Bryant,0,1991,6,148,NYJ,Blaise Bryant,No,RB,RB,0,0,0,0,0,0,0,0,0,0,0,0,0,0,0,0,0,0,Iowa St.,NY
1991Walter Dean,DeanWa20,1991,6,149,GNB,Walter Dean,No,RB,RB,23,0,0,9,0,0,0,0,0,0,0,0,0,0,0,0,0,0,Grambling St.,WI
1991Jimmy Laister,0,1991,6,150,SDG,Jimmy Laister,No,T,T,0,0,0,0,0,0,0,0,0,0,0,0,0,0,0,0,0,0,Oregon Tech,CA
1991Richie Andrews,0,1991,6,151,DET,Richie Andrews,No,K,K,0,0,0,0,0,0,0,0,0,0,0,0,0,0,0,0,0,0,Florida St.,MI
1991Mel Agee,AgeeMe20,1991,6,152,IND,Mel Agee,No,DE,DE,22,0,0,54,0,0,0,0,0,0,0,0,0,0,0,2.5,0,0,Illinois,IN
1991Mike Sullivan,SullMi20,1991,6,153,DAL,Mike Sullivan,No,G,G,23,0,0,48,0,0,0,0,0,0,0,0,0,0,0,0,0,0,Miami (FL),TX
1991Fred McAfee,McAfFr00,1991,6,154,NOR,Fred McAfee,No,RB,RB,23,0,1,194,0,0,0,0,0,304,1273,8,35,211,0,0,0,0,Mississippi Col.,LA
1991Michael Sinclair,SincMi00,1991,6,155,SEA,Michael Sinclair,No,DE,DE,23,0,3,148,0,0,0,0,0,0,0,0,0,0,0,73.5,0,0,East. New Mexico,WA
1991Andy Harmon,HarmAn20,1991,6,156,PHI,Andy Harmon,No,DT,DT,22,0,0,86,0,0,0,0,0,0,0,0,0,0,0,39.5,1,0,Kent St.,PA
1991Richard Fain,FainRi20,1991,6,157,CIN,Richard Fain,No,DB,DB,23,0,0,24,0,0,0,0,0,0,0,0,0,0,0,1,0,0,Florida,OH
1991Leroy Thompson,ThomLe00,1991,6,158,PIT,Leroy Thompson,No,RB,RB,22,0,0,80,0,0,0,0,0,404,1390,6,153,1193,5,0,0,0,Penn St.,PA
1991Dennis Ransom,0,1991,6,159,WAS,Dennis Ransom,No,TE,TE,0,0,0,0,0,0,0,0,0,0,0,0,0,0,0,0,0,0,Texas A&M,DC
1991Mike Riley,0,1991,6,160,NYJ,Mike Riley,No,DB,DB,0,0,0,0,0,0,0,0,0,0,0,0,0,0,0,0,0,0,Tulane,NY
1991Darren Lewis,LewiDa00,1991,6,161,CHI,Darren Lewis,No,RB,RB,22,0,0,33,0,0,0,0,0,112,431,4,22,201,0,0,0,0,Texas A&M,IL
1991Darrell Malone,MaloDa20,1991,6,162,KAN,Darrell Malone,No,DB,DB,23,0,0,29,0,0,0,0,0,0,0,0,0,0,0,1,0,0,Jacksonville St.,MO
1991Todd Scott,ScotTo01,1991,6,163,MIN,Todd Scott,No,DB,DB,23,0,1,83,0,0,0,0,0,0,0,0,0,0,0,7,1,0,La-Lafayette,MN
1991Joe Garten,0,1991,6,164,GNB,Joe Garten,No,C,C,0,0,0,0,0,0,0,0,0,0,0,0,0,0,0,0,0,0,Colorado,WI
1991Scott Bowles,0,1991,6,165,SFO,Scott Bowles,No,T,T,0,0,0,0,0,0,0,0,0,0,0,0,0,0,0,0,0,0,North Texas,CA
1991Millard Hamilton,0,1991,6,166,BUF,Millard Hamilton,No,WR,WR,0,0,0,0,0,0,0,0,0,0,0,0,0,0,0,0,0,0,,NY
1991Corey Miller,MillCo20,1991,6,167,NYG,Corey Miller,No,LB,LB,22,0,0,110,0,0,0,0,0,0,0,0,0,0,0,14,7,0,South Carolina,NY
1991Blake Miller,MillBl21,1991,7,168,NWE,Blake Miller,No,C,C,23,0,0,14,0,0,0,0,0,0,0,0,0,0,0,0,0,0,LSU,MA
1991Frank Blevins,0,1991,7,169,GNB,Frank Blevins,No,LB,LB,0,0,0,0,0,0,0,0,0,0,0,0,0,0,0,0,0,0,Oklahoma,WI
1991Tyrone Shelton,0,1991,7,170,RAM,Tyrone Shelton,No,RB,RB,0,0,0,0,0,0,0,0,0,0,0,0,0,0,0,0,0,0,William & Mary,CA
1991Ivory Lee Brown,BrowIv00,1991,7,171,PHO,Ivory Lee Brown,No,RB,RB,22,0,0,7,0,0,0,0,0,68,194,2,7,54,0,0,0,0,Ark-Pine Bluff,AZ
1991Brian Mitchell,MitcBr21,1991,7,172,ATL,Brian Mitchell,No,DB,DB,22,0,0,36,0,0,0,0,0,0,0,0,0,0,0,2,1,0,BYU,GA
1991Leon Lett,LettLe00,1991,7,173,DAL,Leon Lett,No,DT,DT,22,0,2,121,0,0,0,0,0,0,0,0,0,0,0,22.5,0,0,Emporia St.,TX
1991Calvin Tiggle,TiggCa20,1991,7,174,TAM,Calvin Tiggle,No,LB,LB,22,0,0,24,0,0,0,0,0,0,0,0,0,0,0,1,0,0,Georgia Tech,FL
1991Doug Parrish,0,1991,7,175,NYJ,Doug Parrish,No,DB,DB,0,0,0,0,0,0,0,0,0,0,0,0,0,0,0,0,0,0,San Francisco St.,NY
1991Reggie Burnette,BurnRe20,1991,7,176,GNB,Reggie Burnette,No,LB,LB,22,0,0,23,0,0,0,0,0,0,0,0,0,0,0,0,0,0,Houston,WI
1991David Jones,JoneDa24,1991,7,177,SDG,David Jones,No,TE,TE,22,0,0,16,0,0,0,0,0,0,0,0,2,29,0,0,0,0,Delaware St.,CA
1991Franklin Thomas,0,1991,7,178,DET,Franklin Thomas,No,TE,TE,0,0,0,0,0,0,0,0,0,0,0,0,0,0,0,0,0,0,Grambling St.,MI
1991Scotty Reagan,0,1991,7,179,MIN,Scotty Reagan,No,DT,DT,0,0,0,0,0,0,0,0,0,0,0,0,0,0,0,0,0,0,Humboldt St.,MN
1991Tripp Welborne,WelbTr20,1991,7,180,MIN,Tripp Welborne,No,DB,DB,22,0,0,2,0,0,0,0,0,0,0,0,0,0,0,0,0,0,Michigan,MN
1991James Bradley,0,1991,7,181,IND,James Bradley,No,WR,WR,0,0,0,0,0,0,0,0,0,0,0,0,0,0,0,0,0,0,Michigan St.,IN
1991Hayward Haynes,0,1991,7,182,NOR,Hayward Haynes,No,G,G,0,0,0,0,0,0,0,0,0,0,0,0,0,0,0,0,0,0,Florida St.,LA
1991Kyle Freeman,0,1991,7,183,HOU,Kyle Freeman,No,LB,LB,0,0,0,0,0,0,0,0,0,0,0,0,0,0,0,0,0,0,Angelo St.,TX
1991Fernandus Vinson,VinsFe20,1991,7,184,CIN,Fernandus Vinson,No,DB,DB,22,0,0,58,0,0,0,0,0,0,0,0,0,0,0,1,0,0,North Carolina St.,OH
1991Andre Jones,JoneAn20,1991,7,185,PIT,Andre Jones,No,LB,LB,22,0,0,6,0,0,0,0,0,0,0,0,0,0,0,0,0,0,Notre Dame,PA
1991Mark Tucker,TuckMa20,1991,7,186,ATL,Mark Tucker,No,G,G,23,0,0,16,0,0,0,0,0,0,0,0,0,0,0,0,0,0,USC,GA
1991James Joseph,JoseJa00,1991,7,187,PHI,James Joseph,No,RB,RB,23,0,0,78,0,0,0,0,0,250,823,4,102,817,3,0,0,0,Auburn,PA
1991Keith Cash,CashKe00,1991,7,188,WAS,Keith Cash,No,TE,TE,22,0,0,64,0,0,0,0,0,1,0,0,118,1136,10,0,0,0,Texas,DC
1991Bernard Ellison,0,1991,7,189,KAN,Bernard Ellison,No,DB,DB,0,0,0,0,0,0,0,0,0,0,0,0,0,0,0,0,0,0,Nevada,MO
1991Paul Justin,JustPa00,1991,7,190,CHI,Paul Justin,No,QB,QB,23,0,0,34,220,380,2614,8,10,17,11,0,0,0,0,0,0,0,Arizona St.,IL
1991Chris Green,GreeCh20,1991,7,191,MIA,Chris Green,No,DB,DB,23,0,0,66,0,0,0,0,0,0,0,0,0,0,0,2,0,0,Illinois,FL
1991Terry Beauford,0,1991,7,192,SDG,Terry Beauford,No,G,G,0,0,0,0,0,0,0,0,0,0,0,0,0,0,0,0,0,0,Florida A&M,CA
1991Sheldon Canley,CanlSh20,1991,7,193,SFO,Sheldon Canley,No,RB,RB,23,0,0,1,0,0,0,0,0,4,9,0,0,0,0,0,0,0,San Jose St.,CA
1991Amir Rasul,0,1991,7,194,BUF,Amir Rasul,No,RB,RB,0,0,0,0,0,0,0,0,0,0,0,0,0,0,0,0,0,0,Florida A&M,NY
1991Simmie Carter,0,1991,7,195,NYG,Simmie Carter,No,DB,DB,0,0,0,0,0,0,0,0,0,0,0,0,0,0,0,0,0,0,Southern Miss,NY
1991Harry Colon,ColoHa20,1991,8,196,NWE,Harry Colon,No,DB,DB,22,0,0,87,0,0,0,0,0,0,0,0,0,0,0,6,1,0,Missouri,MA
1991Frank Conover,ConoFr20,1991,8,197,CLE,Frank Conover,No,DT,DT,23,0,0,4,0,0,0,0,0,0,0,0,0,0,0,1,0,0,Syracuse,OH
1991Greg Amsler,0,1991,8,198,PHO,Greg Amsler,No,RB,RB,0,0,0,0,0,0,0,0,0,0,0,0,0,0,0,0,0,0,Tennessee,AZ
1991Randy Austin,0,1991,8,199,ATL,Randy Austin,No,TE,TE,0,0,0,0,0,0,0,0,0,0,0,0,0,0,0,0,0,0,UCLA,GA
1991Kenny Walker,WalkKe20,1991,8,200,DEN,Kenny Walker,No,DE,DE,24,0,0,31,0,0,0,0,0,0,0,0,0,0,0,4.5,0,0,Nebraska,CO
1991Pat Tyrance,0,1991,8,201,RAM,Pat Tyrance,No,LB,LB,0,0,0,0,0,0,0,0,0,0,0,0,0,0,0,0,0,0,Nebraska,CA
1991Tim James,0,1991,8,202,NYJ,Tim James,No,DB,DB,0,0,0,0,0,0,0,0,0,0,0,0,0,0,0,0,0,0,Colorado,NY
1991Johnny Walker,0,1991,8,203,GNB,Johnny Walker,No,WR,WR,0,0,0,0,0,0,0,0,0,0,0,0,0,0,0,0,0,0,Texas,WI
1991Jerry Evans,EvanJe00,1991,8,204,PHO,Jerry Evans,No,TE,TE,23,0,0,43,0,0,0,0,0,0,0,0,25,251,3,0,0,0,Toledo,AZ
1991Cedric Jackson,JackCe20,1991,8,205,DET,Cedric Jackson,No,RB,RB,23,0,0,8,0,0,0,0,0,17,55,0,1,-2,0,0,0,0,TCU,MI
1991Reggie Johnson,0,1991,8,206,MIN,Reggie Johnson,No,DE,DE,0,0,0,0,0,0,0,0,0,0,0,0,0,0,0,0,0,0,Arizona,MN
1991Marty Carter,CartMa20,1991,8,207,TAM,Marty Carter,No,DB,DB,21,0,0,161,0,0,0,0,0,0,0,0,1,21,0,13,6,0,Middle Tenn. St.,FL
1991Tim Bruton,0,1991,8,208,IND,Tim Bruton,No,TE,TE,0,0,0,0,0,0,0,0,0,0,0,0,0,0,0,0,0,0,Missouri,IN
1991Scott Evans,EvanSc20,1991,8,209,PHO,Scott Evans,No,DE,DE,23,0,0,1,0,0,0,0,0,0,0,0,0,0,0,0,0,0,Oklahoma,AZ
1991Frank Wainright,WainFr00,1991,8,210,NOR,Frank Wainright,No,TE,TE,23,0,0,121,0,0,0,0,0,0,0,0,11,148,1,0,0,0,Northern Colorado,LA
1991Mike Dingle,DingMi00,1991,8,211,CIN,Mike Dingle,No,RB,RB,22,0,0,8,0,0,0,0,0,21,91,0,5,23,1,0,0,0,South Carolina,OH
1991Dean Dingman,0,1991,8,212,PIT,Dean Dingman,No,G,G,0,0,0,0,0,0,0,0,0,0,0,0,0,0,0,0,0,0,Michigan,PA
1991Brian Jones,JoneBr20,1991,8,213,RAI,Brian Jones,No,LB,LB,23,0,0,44,0,0,0,0,0,0,0,0,0,0,0,1,0,0,Texas,CA
1991Gary Brown,BrowGa00,1991,8,214,HOU,Gary Brown,No,RB,RB,22,0,0,99,0,0,0,0,0,1032,4300,21,84,631,3,0,0,0,Penn St.,TX
1991Jimmy Spencer,SpenJi21,1991,8,215,WAS,Jimmy Spencer,No,DB,DB,22,0,0,177,0,0,0,0,0,0,0,0,0,0,0,26,1,0,Florida,DC
1991Scott Kowalkowski,KowaSc20,1991,8,216,PHI,Scott Kowalkowski,No,LB,LB,23,0,0,158,0,0,0,0,0,0,0,0,0,0,0,1,1,0,Notre Dame,PA
1991Larry Horton,0,1991,8,217,CHI,Larry Horton,No,DB,DB,0,0,0,0,0,0,0,0,0,0,0,0,0,0,0,0,0,0,Texas A&M,IL
1991Tom Dohring,DohrTo20,1991,8,218,KAN,Tom Dohring,No,T,T,23,0,0,3,0,0,0,0,0,0,0,0,0,0,0,0,0,0,Michigan,MO
1991Todd Woulard,0,1991,8,219,RAI,Todd Woulard,No,LB,LB,0,0,0,0,0,0,0,0,0,0,0,0,0,0,0,0,0,0,Alabama A&M,CA
1991Roland Smith,0,1991,8,220,MIA,Roland Smith,No,DB,DB,0,0,0,0,0,0,0,0,0,0,0,0,0,0,0,0,0,0,Miami (FL),FL
1991Tony Hargain,HargTo00,1991,8,221,SFO,Tony Hargain,No,WR,WR,23,0,0,12,0,0,0,0,0,0,0,0,17,205,0,0,0,0,Oregon,CA
1991Brad Lamb,LambBr00,1991,8,222,BUF,Brad Lamb,No,WR,WR,23,0,0,8,0,0,0,0,0,0,0,0,7,139,0,0,0,0,Anderson (IN),NY
1991Lamar McGriggs,McGrLa21,1991,8,223,NYG,Lamar McGriggs,No,DB,DB,23,0,0,57,0,0,0,0,0,0,0,0,0,0,0,2,0,0,West. Illinois,NY
1991O'Neil Glenn,0,1991,9,224,NWE,O'Neil Glenn,No,G,G,0,0,0,0,0,0,0,0,0,0,0,0,0,0,0,0,0,0,Maryland,MA
1991Raymond Irvin,0,1991,9,225,CLE,Raymond Irvin,No,DB,DB,0,0,0,0,0,0,0,0,0,0,0,0,0,0,0,0,0,0,Central Florida,OH
1991Ernie Logan,LogaEr20,1991,9,226,ATL,Ernie Logan,No,NT,DT,23,0,0,119,0,0,0,0,0,0,0,0,0,0,0,11,0,0,East Carolina,GA
1991Don Gibson,0,1991,9,227,DEN,Don Gibson,No,DT,DT,0,0,0,0,0,0,0,0,0,0,0,0,0,0,0,0,0,0,USC,CO
1991Jeff Fields,FielJe20,1991,9,228,RAM,Jeff Fields,No,DT,DT,24,0,0,2,0,0,0,0,0,0,0,0,0,0,0,0,0,0,Arkansas St.,CA
1991Dean Witkowski,0,1991,9,229,GNB,Dean Witkowski,No,LB,LB,0,0,0,0,0,0,0,0,0,0,0,0,0,0,0,0,0,0,North Dakota,WI
1991Andy Katoa,0,1991,9,230,SDG,Andy Katoa,No,LB,LB,0,0,0,0,0,0,0,0,0,0,0,0,0,0,0,0,0,0,Southern Oregon,CA
1991Darryl Milburn,MilbDa20,1991,9,231,DET,Darryl Milburn,No,DE,DE,22,0,0,2,0,0,0,0,0,0,0,0,0,0,0,0,0,0,Grambling St.,MI
1991Gerald Hudson,0,1991,9,232,MIN,Gerald Hudson,No,RB,RB,0,0,0,0,0,0,0,0,0,0,0,0,0,0,0,0,0,0,Oklahoma St.,MN
1991Treamelle Taylor,0,1991,9,233,TAM,Treamelle Taylor,No,WR,WR,0,0,0,0,0,0,0,0,0,0,0,0,0,0,0,0,0,0,Nevada,FL
1991Paul Glonek,0,1991,9,234,NYJ,Paul Glonek,No,DT,DT,0,0,0,0,0,0,0,0,0,0,0,0,0,0,0,0,0,0,Arizona,NY
1991Damon Mays,MaysDa20,1991,9,235,DAL,Damon Mays,No,WR,WR,23,0,0,2,0,0,0,0,0,0,0,0,0,0,0,0,0,0,Missouri,TX
1991Howard Griffith,GrifHo00,1991,9,236,IND,Howard Griffith,No,RB,RB,23,0,0,121,0,0,0,0,0,121,351,3,122,844,9,0,0,0,Illinois,IN
1991Anthony Wallace,0,1991,9,237,NOR,Anthony Wallace,No,RB,RB,0,0,0,0,0,0,0,0,0,0,0,0,0,0,0,0,0,0,California,LA
1991Bruce McGonnigal,McGoBr20,1991,9,238,PIT,Bruce McGonnigal,No,TE,TE,23,0,0,2,0,0,0,0,0,0,0,0,0,0,0,0,0,0,Virginia,PA
1991Shawn Wiggins,0,1991,9,239,CLE,Shawn Wiggins,No,WR,WR,0,0,0,0,0,0,0,0,0,0,0,0,0,0,0,0,0,0,Wyoming,OH
1991Shawn Jefferson,JeffSh00,1991,9,240,HOU,Shawn Jefferson,No,WR,WR,22,0,0,195,0,0,0,0,0,15,146,0,470,7023,29,0,0,0,Central Florida,TX
1991Shane Garrett,GarrSh20,1991,9,241,CIN,Shane Garrett,No,WR,WR,23,0,0,4,0,0,0,0,0,0,0,0,3,32,0,0,0,0,Texas A&M,OH
1991Chuck Weatherspoon,WeatCh20,1991,9,242,PHI,Chuck Weatherspoon,No,RB,RB,23,0,0,4,0,0,0,0,0,0,0,0,0,0,0,0,0,0,Houston,PA
1991Charles Bell,0,1991,9,243,WAS,Charles Bell,No,DB,DB,0,0,0,0,0,0,0,0,0,0,0,0,0,0,0,0,0,0,Baylor,DC
1991Robbie Keen,0,1991,9,244,KAN,Robbie Keen,No,K,K,0,0,0,0,0,0,0,0,0,0,0,0,0,0,0,0,0,0,California,MO
1991Mike Stonebreaker,StonMi21,1991,9,245,CHI,Mike Stonebreaker,No,LB,LB,24,0,0,18,0,0,0,0,0,0,0,0,0,0,0,0,0,0,Notre Dame,IL
1991Scott Miller,MillSc00,1991,9,246,MIA,Scott Miller,No,WR,WR,22,0,0,55,0,0,0,0,0,0,0,0,21,274,1,0,0,0,UCLA,FL
1991Tahaun Lewis,LewiTa20,1991,9,247,RAI,Tahaun Lewis,No,DB,DB,23,0,0,9,0,0,0,0,0,0,0,0,0,0,0,0,0,0,Nebraska,CA
1991Louis Riddick,RiddLo20,1991,9,248,SFO,Louis Riddick,No,DB,DB,22,0,0,94,0,0,0,0,0,0,0,0,1,25,0,2,0,0,Pittsburgh,CA
1991Mark Maddox,MaddMa20,1991,9,249,BUF,Mark Maddox,No,LB,LB,23,0,0,111,0,0,0,0,0,0,0,0,0,0,0,2.5,2,0,Northern Michigan,NY
1991Jerry Bouldin,0,1991,9,250,NYG,Jerry Bouldin,No,WR,WR,0,0,0,0,0,0,0,0,0,0,0,0,0,0,0,0,0,0,Mississippi St.,NY
1991Randy Bethel,0,1991,10,251,NWE,Randy Bethel,No,TE,TE,0,0,0,0,0,0,0,0,0,0,0,0,0,0,0,0,0,0,Miami (FL),MA
1991Brian Greenfield,0,1991,10,252,CLE,Brian Greenfield,No,P,P,0,0,0,0,0,0,0,0,0,0,0,0,0,0,0,0,0,0,Pittsburgh,OH
1991Curtis Mayfield,0,1991,10,253,DEN,Curtis Mayfield,No,WR,WR,0,0,0,0,0,0,0,0,0,0,0,0,0,0,0,0,0,0,Oklahoma St.,CO
1991Ronald Poles,0,1991,10,254,SDG,Ronald Poles,No,RB,RB,0,0,0,0,0,0,0,0,0,0,0,0,0,0,0,0,0,0,Tennessee,CA
1991Herbie Anderson,AndeHe20,1991,10,255,PHO,Herbie Anderson,No,DB,DB,22,0,0,1,0,0,0,0,0,0,0,0,0,0,0,0,0,0,Texas A&M-Kingsville,AZ
1991Walter Sutton,0,1991,10,256,ATL,Walter Sutton,No,WR,WR,0,0,0,0,0,0,0,0,0,0,0,0,0,0,0,0,0,0,SW Minnesota,GA
1991Mike Heldt,0,1991,10,257,SDG,Mike Heldt,No,C,C,0,0,0,0,0,0,0,0,0,0,0,0,0,0,0,0,0,0,Notre Dame,CA
1991Pete Lucas,0,1991,10,258,ATL,Pete Lucas,No,T,T,0,0,0,0,0,0,0,0,0,0,0,0,0,0,0,0,0,0,Wisc-Stevens Point,GA
1991Brady Pierce,0,1991,10,259,MIN,Brady Pierce,No,T,T,0,0,0,0,0,0,0,0,0,0,0,0,0,0,0,0,0,0,Wisconsin,MN
1991Pat O'Hara,0,1991,10,260,TAM,Pat O'Hara,No,QB,QB,0,0,0,0,0,0,0,0,0,0,0,0,0,0,0,0,0,0,USC,FL
1991Al Baker,0,1991,10,261,NYJ,Al Baker,No,RB,RB,0,0,0,0,0,0,0,0,0,0,0,0,0,0,0,0,0,0,Kentucky,NY
1991Rapier Porter,0,1991,10,262,GNB,Rapier Porter,No,TE,TE,0,0,0,0,0,0,0,0,0,0,0,0,0,0,0,0,0,0,Ark-Pine Bluff,WI
1991Frank Giannetti,GianFr20,1991,10,263,IND,Frank Giannetti,No,NT,DT,23,0,0,3,0,0,0,0,0,0,0,0,0,0,0,0,0,0,Penn St.,IN
1991Sean Love,LoveSe20,1991,10,264,DAL,Sean Love,No,G,G,23,0,0,19,0,0,0,0,0,0,0,0,0,0,0,0,0,0,Penn St.,TX
1991Hyland Hickson,0,1991,10,265,TAM,Hyland Hickson,No,RB,RB,0,0,0,0,0,0,0,0,0,0,0,0,0,0,0,0,0,0,Michigan St.,FL
1991Erik Ringoen,0,1991,10,266,SEA,Erik Ringoen,No,LB,LB,0,0,0,0,0,0,0,0,0,0,0,0,0,0,0,0,0,0,Hofstra,WA
1991Curtis Moore,0,1991,10,267,HOU,Curtis Moore,No,LB,LB,0,0,0,0,0,0,0,0,0,0,0,0,0,0,0,0,0,0,Kansas,TX
1991Jim Lavin,0,1991,10,268,CIN,Jim Lavin,No,G,G,0,0,0,0,0,0,0,0,0,0,0,0,0,0,0,0,0,0,Georgia Tech,OH
1991Ariel Solomon,SoloAr20,1991,10,269,PIT,Ariel Solomon,No,C,C,23,0,0,61,0,0,0,0,0,0,0,0,0,0,0,0,0,0,Colorado,PA
1991Cris Shale,0,1991,10,270,WAS,Cris Shale,No,P,P,0,0,0,0,0,0,0,0,0,0,0,0,0,0,0,0,0,0,Bowling Green,DC
1991Eric Harmon,0,1991,10,271,PHI,Eric Harmon,No,G,G,0,0,0,0,0,0,0,0,0,0,0,0,0,0,0,0,0,0,Clemson,PA
1991Tom Backes,0,1991,10,272,CHI,Tom Backes,No,DE,DE,0,0,0,0,0,0,0,0,0,0,0,0,0,0,0,0,0,0,Oklahoma,IL
1991Eric Ramsey,0,1991,10,273,KAN,Eric Ramsey,No,DB,DB,0,0,0,0,0,0,0,0,0,0,0,0,0,0,0,0,0,0,Auburn,MO
1991Andrew Glover,GlovAn00,1991,10,274,RAI,Andrew Glover,No,TE,TE,24,0,0,154,0,0,0,0,0,0,0,0,208,2478,24,0,0,0,Grambling St.,CA
1991Michael Titley,0,1991,10,275,MIA,Michael Titley,No,TE,TE,0,0,0,0,0,0,0,0,0,0,0,0,0,0,0,0,0,0,Iowa,FL
1991Byron Holdbrooks,0,1991,10,276,SFO,Byron Holdbrooks,No,DT,DT,0,0,0,0,0,0,0,0,0,0,0,0,0,0,0,0,0,0,Alabama,CA
1991Tony De Lorenzo,0,1991,10,277,BUF,Tony De Lorenzo,No,G,G,0,0,0,0,0,0,0,0,0,0,0,0,0,0,0,0,0,0,New Mexico St.,NY
1991Luis Cristobal,0,1991,10,278,NYG,Luis Cristobal,No,G,G,0,0,0,0,0,0,0,0,0,0,0,0,0,0,0,0,0,0,Miami (FL),NY
1991Vince Moore,0,1991,11,279,NWE,Vince Moore,No,WR,WR,0,0,0,0,0,0,0,0,0,0,0,0,0,0,0,0,0,0,Tennessee,MA
1991Todd Jones,JoneTo20,1991,11,280,CLE,Todd Jones,No,T,T,24,0,0,4,0,0,0,0,0,0,0,0,0,0,0,0,0,0,Henderson St.,OH
1991Terry Crews,CrewTe20,1991,11,281,RAM,Terry Crews,No,LB,LB,23,0,0,32,0,0,0,0,0,0,0,0,0,0,0,0,0,0,West. Michigan,CA
1991Nathan LaDuke,0,1991,11,282,PHO,Nathan LaDuke,No,DB,DB,0,0,0,0,0,0,0,0,0,0,0,0,0,0,0,0,0,0,Arizona St.,AZ
1991Joe Sims,SimsJo20,1991,11,283,ATL,Joe Sims,No,T,T,22,0,0,53,0,0,0,0,0,0,0,0,0,0,0,0,0,0,Nebraska,GA
1991Shawn Moore,MoorSh00,1991,11,284,DEN,Shawn Moore,No,QB,QB,23,0,0,3,17,34,232,0,3,8,39,0,0,0,0,0,0,0,Virginia,CO
1991Slip Watkins,0,1991,11,285,DET,Slip Watkins,No,KR,WR,0,0,0,0,0,0,0,0,0,0,0,0,0,0,0,0,0,0,LSU,MI
1991Ivan Caesar,CaesIv20,1991,11,286,MIN,Ivan Caesar,No,LB,LB,24,0,0,14,0,0,0,0,0,0,0,0,0,0,0,0,0,0,Boston Col.,MN
1991Mike Sunvold,0,1991,11,287,TAM,Mike Sunvold,No,DT,DT,0,0,0,0,0,0,0,0,0,0,0,0,0,0,0,0,0,0,Minnesota,FL
1991Rocen Keeton,0,1991,11,288,NYJ,Rocen Keeton,No,LB,LB,0,0,0,0,0,0,0,0,0,0,0,0,0,0,0,0,0,0,UCLA,NY
1991J.J. Wierenga,0,1991,11,289,GNB,J.J. Wierenga,No,DE,DE,0,0,0,0,0,0,0,0,0,0,0,0,0,0,0,0,0,0,Central Michigan,WI
1991Joachim Weinberg,0,1991,11,290,SDG,Joachim Weinberg,No,WR,WR,0,0,0,0,0,0,0,0,0,0,0,0,0,0,0,0,0,0,Johnson C. Smith,CA
1991Tony Boles,0,1991,11,291,DAL,Tony Boles,No,RB,RB,0,0,0,0,0,0,0,0,0,0,0,0,0,0,0,0,0,0,Michigan,TX
1991Jerry Crafts,CrafJe20,1991,11,292,IND,Jerry Crafts,No,T,T,23,0,0,54,0,0,0,0,0,0,0,0,0,0,0,0,0,0,Louisville,IN
1991Scott Ross,RossSc20,1991,11,293,NOR,Scott Ross,No,LB,LB,22,0,0,4,0,0,0,0,0,0,0,0,0,0,0,0,0,0,USC,LA
1991James Smith,0,1991,11,294,HOU,James Smith,No,DB,DB,0,0,0,0,0,0,0,0,0,0,0,0,0,0,0,0,0,0,Richmond,TX
1991Chris Smith,0,1991,11,295,CIN,Chris Smith,No,TE,TE,0,0,0,0,0,0,0,0,0,0,0,0,0,0,0,0,0,0,BYU,OH
1991Efrum Thomas,0,1991,11,296,PIT,Efrum Thomas,No,DB,DB,0,0,0,0,0,0,0,0,0,0,0,0,0,0,0,0,0,0,Alabama,PA
1991Tony Stewart,0,1991,11,297,SEA,Tony Stewart,No,RB,RB,0,0,0,0,0,0,0,0,0,0,0,0,0,0,0,0,0,0,Iowa,WA
1991Mike Flores,FlorMi20,1991,11,298,PHI,Mike Flores,No,DE,DE,24,0,0,61,0,0,0,0,0,0,0,0,0,0,0,7,0,0,Louisville,PA
1991David Gulledge,GullDa20,1991,11,299,WAS,David Gulledge,No,DB,DB,23,0,0,4,0,0,0,0,0,0,0,0,0,0,0,0,0,0,Jacksonville St.,DC
1991Bobby Olive,OlivBo20,1991,11,300,KAN,Bobby Olive,No,WR,WR,22,0,0,2,0,0,0,0,0,0,0,0,0,0,0,0,0,0,Ohio St.,MO
1991Stacy Long,0,1991,11,301,CHI,Stacy Long,No,G,G,0,0,0,0,0,0,0,0,0,0,0,0,0,0,0,0,0,0,Clemson,IL
1991Ernie Rogers,0,1991,11,302,MIA,Ernie Rogers,No,G,G,0,0,0,0,0,0,0,0,0,0,0,0,0,0,0,0,0,0,California,FL
1991Paul Alsbury,0,1991,11,303,NWE,Paul Alsbury,No,P,P,0,0,0,0,0,0,0,0,0,0,0,0,0,0,0,0,0,0,Texas St.,MA
1991Bobby Slaughter,0,1991,11,304,SFO,Bobby Slaughter,No,WR,WR,0,0,0,0,0,0,0,0,0,0,0,0,0,0,0,0,0,0,Louisiana Tech,CA
1991Dean Kirkland,0,1991,11,305,BUF,Dean Kirkland,No,G,G,0,0,0,0,0,0,0,0,0,0,0,0,0,0,0,0,0,0,Washington,NY
1991Ted Popson,PopsTe00,1991,11,306,NYG,Ted Popson,No,TE,TE,25,0,0,68,0,0,0,0,0,0,0,0,103,980,8,0,0,0,Portland,NY
1991Tim Edwards,EdwaTi20,1991,12,307,NWE,Tim Edwards,No,DT,DT,23,0,0,14,0,0,0,0,0,0,0,0,0,0,0,1,0,0,Delta St.,MA
1991Elijah Austin,0,1991,12,308,CLE,Elijah Austin,No,DT,DT,0,0,0,0,0,0,0,0,0,0,0,0,0,0,0,0,0,0,North Carolina St.,OH
1991Jeff Bridewell,0,1991,12,309,PHO,Jeff Bridewell,No,QB,QB,0,0,0,0,0,0,0,0,0,0,0,0,0,0,0,0,0,0,California-Davis,AZ
1991Bob Christian,ChriBo00,1991,12,310,ATL,Bob Christian,No,RB,RB,22,0,0,135,0,0,0,0,0,193,831,12,230,2048,7,0,0,0,Northwestern,GA
1991Jeff Pahukoa,PahuJe20,1991,12,311,RAM,Jeff Pahukoa,No,G,G,22,0,0,59,0,0,0,0,0,0,0,0,0,0,0,0,0,0,Washington,CA
1991Ernie Thompson,ThomEr00,1991,12,312,RAM,Ernie Thompson,No,RB,RB,21,0,0,20,0,0,0,0,0,13,37,0,6,68,1,0,0,0,Indiana,CA
1991Darren Hughes,0,1991,12,313,MIN,Darren Hughes,No,WR,WR,0,0,0,0,0,0,0,0,0,0,0,0,0,0,0,0,0,0,Carson-Newman,MN
1991Al Chamblee,ChamAl20,1991,12,314,TAM,Al Chamblee,No,LB,LB,22,0,0,22,0,0,0,0,0,0,0,0,0,0,0,2,0,0,Virginia Tech,FL
1991Mark Hayes,0,1991,12,315,NYJ,Mark Hayes,No,T,T,0,0,0,0,0,0,0,0,0,0,0,0,0,0,0,0,0,0,Arizona St.,NY
1991Linzy Collins,0,1991,12,316,GNB,Linzy Collins,No,WR,WR,0,0,0,0,0,0,0,0,0,0,0,0,0,0,0,0,0,0,Missouri,WI
1991Chris Samuels,SamuCh20,1991,12,317,SDG,Chris Samuels,No,RB,RB,22,0,0,3,0,0,0,0,0,2,10,0,2,33,0,0,0,0,Texas,CA
1991Zeno Alexander,0,1991,12,318,DET,Zeno Alexander,No,LB,LB,0,0,0,0,0,0,0,0,0,0,0,0,0,0,0,0,0,0,Arizona,MI
1991Rob Luedeke,0,1991,12,319,IND,Rob Luedeke,No,C,C,0,0,0,0,0,0,0,0,0,0,0,0,0,0,0,0,0,0,Penn St.,IN
1991Larry Brown,BrowLa22,1991,12,320,DAL,Larry Brown,No,DB,DB,21,0,0,95,0,0,0,0,0,0,0,0,0,0,0,14,0,0,TCU,TX
1991Mark Drabczak,0,1991,12,321,NOR,Mark Drabczak,No,G,G,0,0,0,0,0,0,0,0,0,0,0,0,0,0,0,0,0,0,Minnesota,LA
1991Antoine Bennett,BennAn20,1991,12,322,CIN,Antoine Bennett,No,DB,DB,23,0,0,14,0,0,0,0,0,0,0,0,0,0,0,0,0,0,Florida A&M,OH
1991Jeff Brady,BradJe20,1991,12,323,PIT,Jeff Brady,No,LB,LB,22,0,0,115,0,0,0,0,0,0,0,0,0,0,0,9,8.5,0,Kentucky,PA
1991Ike Harris,0,1991,12,324,SEA,Ike Harris,No,G,G,0,0,0,0,0,0,0,0,0,0,0,0,0,0,0,0,0,0,South Carolina,WA
1991Alex Johnson,JohnAl24,1991,12,325,HOU,Alex Johnson,No,WR,WR,23,0,0,5,0,0,0,0,0,0,0,0,0,0,0,0,0,0,Miami (FL),TX
1991Keenan McCardell,McCaKe00,1991,12,326,WAS,Keenan McCardell,No,WR,WR,21,0,2,209,0,1,0,0,0,5,20,0,883,11373,63,0,0,0,UNLV,DC
1991Darrell Beavers,0,1991,12,327,PHI,Darrell Beavers,No,DB,DB,0,0,0,0,0,0,0,0,0,0,0,0,0,0,0,0,0,0,Morehead St.,PA
1991John Cook,0,1991,12,328,CHI,John Cook,No,DT,DT,0,0,0,0,0,0,0,0,0,0,0,0,0,0,0,0,0,0,Washington,IL
1991Ron Shipley,0,1991,12,329,KAN,Ron Shipley,No,G,G,0,0,0,0,0,0,0,0,0,0,0,0,0,0,0,0,0,0,New Mexico,MO
1991Dennis Johnson,0,1991,12,330,RAI,Dennis Johnson,No,WR,WR,0,0,0,0,0,0,0,0,0,0,0,0,0,0,0,0,0,0,Winston-Salem St.,CA
1991Joe Brunson,0,1991,12,331,MIA,Joe Brunson,No,DT,DT,0,0,0,0,0,0,0,0,0,0,0,0,0,0,0,0,0,0,Tenn-Chattanooga,FL
1991Cliff Confer,0,1991,12,332,SFO,Cliff Confer,No,DE,DE,0,0,0,0,0,0,0,0,0,0,0,0,0,0,0,0,0,0,Michigan St.,CA
1991Stephen Clark,0,1991,12,333,BUF,Stephen Clark,No,TE,TE,0,0,0,0,0,0,0,0,0,0,0,0,0,0,0,0,0,0,Texas,NY
1991Larry Wanke,0,1991,12,334,NYG,Larry Wanke,No,QB,QB,0,0,0,0,0,0,0,0,0,0,0,0,0,0,0,0,0,0,John Carroll,NY
1990Jeff George,GeorJe00,1990,1,1,IND,Jeff George,No,QB,QB,22,0,0,131,2298,3967,27602,154,113,168,307,2,0,0,0,0,0,0,Illinois,IN
1990Blair Thomas,ThomBl00,1990,1,2,NYJ,Blair Thomas,No,RB,RB,22,0,0,64,1,1,16,1,0,533,2236,7,71,513,2,0,0,0,Penn St.,NY
1990Cortez Kennedy,KennCo00,1990,1,3,SEA,Cortez Kennedy,No,DT,DT,22,3,8,167,0,0,0,0,0,0,0,0,0,0,0,58,3,0,Miami (FL),WA
1990Keith McCants,McCaKe21,1990,1,4,TAM,Keith McCants,No,DE,DE,22,0,0,88,0,0,0,0,0,0,0,0,0,0,0,13.5,1,0,Alabama,FL
1990Junior Seau,SeauJu00,1990,1,5,SDG,Junior Seau,No,LB,LB,21,6,12,268,0,0,0,0,0,0,0,0,2,8,0,56.5,18,0,USC,CA
1990Mark Carrier,CarrMa01,1990,1,6,CHI,Mark Carrier,No,DB,DB,22,0,3,168,0,0,0,0,0,0,0,0,0,0,0,32,0,0,USC,IL
1990Andre Ware,WareAn00,1990,1,7,DET,Andre Ware,No,QB,QB,22,0,0,14,83,161,1112,5,8,38,217,0,0,0,0,0,0,0,Houston,MI
1990Chris Singleton,SingCh20,1990,1,8,NWE,Chris Singleton,No,LB,LB,23,0,0,90,0,0,0,0,0,0,0,0,0,0,0,7,2,0,Arizona,MA
1990Richmond Webb,WebbRi00,1990,1,9,MIA,Richmond Webb,No,T,T,23,2,7,184,0,0,0,0,0,0,0,0,0,0,0,0,0,0,Texas A&M,FL
1990Ray Agnew,AgneRa20,1990,1,10,NWE,Ray Agnew,No,DT,DT,22,0,0,157,0,0,0,0,0,0,0,0,0,0,0,22.5,2,0,North Carolina St.,MA
1990Anthony Smith,SmitAn20,1990,1,11,RAI,Anthony Smith,No,DE,DE,23,0,0,98,0,0,0,0,0,0,0,0,0,0,0,57.5,0,0,Arizona,CA
1990James Francis,FranJa20,1990,1,12,CIN,James Francis,No,LB,LB,22,0,0,143,0,0,0,0,0,0,0,0,0,0,0,33.5,11,0,Baylor,OH
1990Percy Snow,SnowPe20,1990,1,13,KAN,Percy Snow,No,LB,LB,22,0,0,40,0,0,0,0,0,0,0,0,0,0,0,2,1,0,Michigan St.,MO
1990Renaldo Turnbull,TurnRe00,1990,1,14,NOR,Renaldo Turnbull,No,DE,DE,24,1,1,120,0,0,0,0,0,0,0,0,0,0,0,45.5,1,0,West Virginia,LA
1990Lamar Lathon,LathLa00,1990,1,15,HOU,Lamar Lathon,No,LB,LB,22,0,1,115,0,0,0,0,0,0,0,0,0,0,0,37.5,4,0,Houston,TX
1990James Williams,WillJa23,1990,1,16,BUF,James Williams,No,DB,DB,23,0,0,70,0,0,0,0,0,0,0,0,0,0,0,11,0,0,Fresno St.,NY
1990Emmitt Smith,SmitEm00,1990,1,17,DAL,Emmitt Smith,No,RB,RB,21,4,8,226,1,1,21,1,0,4409,18355,164,515,3224,11,0,0,0,Florida,TX
1990Tony Bennett,BennTo21,1990,1,18,GNB,Tony Bennett,No,DE,DE,23,0,0,108,0,0,0,0,0,0,0,0,0,0,0,64.5,0,0,Mississippi,WI
1990Darrell Thompson,ThomDa01,1990,1,19,GNB,Darrell Thompson,No,RB,RB,22,0,0,60,0,0,0,0,0,464,1641,7,41,330,1,0,0,0,Minnesota,WI
1990Steve Broussard,BrouSt00,1990,1,20,ATL,Steve Broussard,No,RB,RB,23,0,0,121,0,1,0,0,0,578,2625,19,126,882,3,0,0,0,Washington St.,GA
1990Eric Green,GreeEr00,1990,1,21,PIT,Eric Green,No,TE,TE,23,0,2,120,0,0,0,0,0,0,0,0,362,4390,36,0,0,0,Liberty,PA
1990Ben Smith,SmitBe21,1990,1,22,PHI,Ben Smith,No,DB,DB,23,0,0,57,0,0,0,0,0,0,0,0,0,0,0,6,1,0,Georgia,PA
1990Bern Brostek,BrosBe20,1990,1,23,RAM,Bern Brostek,No,C,C,24,0,0,105,0,0,0,0,0,0,0,0,0,0,0,0,0,0,Washington,CA
1990Rodney Hampton,HampRo00,1990,1,24,NYG,Rodney Hampton,No,RB,RB,21,0,2,104,0,0,0,0,0,1824,6897,49,174,1309,2,0,0,0,Georgia,NY
1990Dexter Carter,CartDe00,1990,1,25,SFO,Dexter Carter,No,RB,RB,23,0,0,100,0,0,0,0,0,247,1042,5,61,656,2,0,0,0,Florida St.,CA
1990Alexander Wright,WrigAl00,1990,2,26,DAL,Alexander Wright,No,WR,WR,23,0,0,86,0,0,0,0,0,6,42,0,101,1597,10,0,0,0,Auburn,TX
1990Darion Conner,ConnDa20,1990,2,27,ATL,Darion Conner,No,LB,LB,23,0,0,114,0,0,0,0,0,0,0,0,0,0,0,33,1,0,Jackson St.,GA
1990Reggie Rembert,RembRe00,1990,2,28,NYJ,Reggie Rembert,No,WR,WR,23,0,0,28,0,0,0,0,0,0,0,0,36,437,1,0,0,0,West Virginia,NY
1990Terry Wooden,WoodTe20,1990,2,29,SEA,Terry Wooden,No,LB,LB,23,0,0,120,0,0,0,0,0,0,0,0,0,0,0,10,7,0,Syracuse,WA
1990Reggie Cobb,CobbRe00,1990,2,30,TAM,Reggie Cobb,No,RB,RB,22,0,0,92,0,0,0,0,0,1065,3743,25,123,949,2,0,0,0,Tennessee,FL
1990Anthony Thompson,ThomAn00,1990,2,31,PHO,Anthony Thompson,No,RB,RB,23,0,0,37,0,1,0,0,0,251,831,6,14,74,0,0,0,0,Indiana,AZ
1990Fred Washington,WashFr21,1990,2,32,CHI,Fred Washington,No,DT,DT,23,0,0,11,0,0,0,0,0,0,0,0,0,0,0,0,0,0,TCU,IL
1990Ron Cox,CoxxRo20,1990,2,33,CHI,Ron Cox,No,LB,LB,22,0,0,113,0,0,0,0,0,0,0,0,0,0,0,8,1,0,Fresno St.,IL
1990Robert Blackmon,BlacRo20,1990,2,34,SEA,Robert Blackmon,No,DB,DB,23,0,0,135,0,0,0,0,0,0,0,0,0,0,0,17,10.5,0,Baylor,WA
1990Dan Owens,OwenDa20,1990,2,35,DET,Dan Owens,No,DE,DE,23,0,0,145,0,0,0,0,0,0,0,0,0,0,0,33.5,2,0,USC,MI
1990Anthony Johnson,JohnAn00,1990,2,36,IND,Anthony Johnson,No,RB,RB,22,0,0,159,0,2,0,0,1,816,2966,9,284,2422,7,0,0,0,Notre Dame,IN
1990Aaron Wallace,WallAa20,1990,2,37,RAI,Aaron Wallace,No,LB,LB,23,0,0,102,0,0,0,0,0,0,0,0,0,0,0,21,0,0,Texas A&M,CA
1990Harold Green,GreeHa00,1990,2,38,CIN,Harold Green,No,RB,RB,22,0,1,124,0,0,0,0,0,1151,4365,13,213,1644,4,0,0,0,South Carolina,OH
1990Keith Sims,SimsKe00,1990,2,39,MIA,Keith Sims,No,G,G,23,0,3,142,0,0,0,0,0,0,0,0,1,9,0,0,0,0,Iowa St.,FL
1990Tim Grunhard,GrunTi20,1990,2,40,KAN,Tim Grunhard,No,C,C,22,0,1,169,0,0,0,0,0,0,0,0,0,0,0,0,0,0,Notre Dame,MO
1990Jeff Alm,AlmxJe20,1990,2,41,HOU,Jeff Alm,No,DT,DT,22,0,0,44,0,0,0,0,0,0,0,0,0,0,0,2.5,0,0,Notre Dame,TX
1990Carwell Gardner,GardCa00,1990,2,42,BUF,Carwell Gardner,No,FB,FB,23,0,0,101,0,0,0,0,0,211,749,10,36,281,1,0,0,0,Louisville,NY
1990Kenny Davidson,DaviKe20,1990,2,43,PIT,Kenny Davidson,No,DE,DE,23,0,0,93,0,0,0,0,0,0,0,0,0,0,0,16,2,0,LSU,PA
1990Vince Buck,BuckVi20,1990,2,44,NOR,Vince Buck,No,DB,DB,22,0,0,84,0,0,0,0,0,0,0,0,0,0,0,10,4.5,0,Central State (OH),LA
1990Leroy Hoard,HoarLe00,1990,2,45,CLE,Leroy Hoard,No,RB,RB,22,0,1,144,0,1,0,0,0,1008,3964,36,238,2430,15,0,0,0,Michigan,OH
1990Andre Collins,CollAn20,1990,2,46,WAS,Andre Collins,No,LB,LB,22,0,0,144,0,0,0,0,0,0,0,0,0,0,0,25.5,13,0,Penn St.,DC
1990Dennis Brown,BrowDe23,1990,2,47,SFO,Dennis Brown,No,DE,DE,22,0,0,110,0,0,0,0,0,0,0,0,0,0,0,24.5,2,0,Washington,CA
1990LeRoy Butler,ButlLe00,1990,2,48,GNB,LeRoy Butler,No,DB,DB,22,4,4,181,0,0,0,0,0,0,0,0,0,0,0,38,20.5,0,Florida St.,WI
1990Pat Terrell,TerrPa20,1990,2,49,RAM,Pat Terrell,No,DB,DB,22,0,0,139,0,0,0,0,0,0,0,0,0,0,0,11,1,0,Notre Dame,CA
1990Mike Bellamy,BellMi21,1990,2,50,PHI,Mike Bellamy,No,WR,WR,24,0,0,6,0,0,0,0,0,0,0,0,0,0,0,0,0,0,Illinois,PA
1990Mike Fox,FoxxMi20,1990,2,51,NYG,Mike Fox,No,DE,DE,23,0,0,133,0,0,0,0,0,0,0,0,0,0,0,17,0,0,West Virginia,NY
1990Alton Montgomery,MontAl20,1990,2,52,DEN,Alton Montgomery,No,DB,DB,22,0,0,68,0,0,0,0,0,0,0,0,0,0,0,3,3,0,Houston,CO
1990Eric Davis,DaviEr00,1990,2,53,SFO,Eric Davis,No,DB,DB,22,1,2,188,0,0,0,0,0,0,0,0,0,0,0,38,2,0,Jacksonville St.,CA
1990Mike Jones,JoneMi01,1990,3,54,MIN,Mike Jones,No,TE,TE,23,0,0,31,0,0,0,0,0,0,0,0,5,26,2,0,0,0,Texas A&M,MN
1990Oliver Barnett,BarnOl20,1990,3,55,ATL,Oliver Barnett,No,DE,DE,24,0,0,85,0,0,0,0,0,0,0,0,0,0,0,5,0,0,Kentucky,GA
1990Tony Stargell,StarTo20,1990,3,56,NYJ,Tony Stargell,No,DB,DB,24,0,0,94,0,0,0,0,0,0,0,0,0,0,0,6,1,0,Tennessee St.,NY
1990Jeff Mills,MillJe20,1990,3,57,SDG,Jeff Mills,No,LB,LB,21,0,0,46,0,0,0,0,0,0,0,0,0,0,0,5,0,0,Nebraska,CA
1990Ricky Proehl,ProeRi00,1990,3,58,PHO,Ricky Proehl,No,WR,WR,22,0,0,244,0,3,0,0,1,19,115,0,669,8878,54,0,0,0,Wake Forest,AZ
1990Tom Hodson,HodsTo00,1990,3,59,NWE,Tom Hodson,No,QB,QB,23,0,0,36,174,320,1823,7,11,21,90,0,1,-6,0,0,0,0,LSU,MA
1990Leo Goeas,GoeaLe20,1990,3,60,SDG,Leo Goeas,No,G,G,24,0,0,111,0,0,0,0,0,0,0,0,0,0,0,0,0,0,Hawaii,CA
1990Tim Ryan,RyanTi20,1990,3,61,CHI,Tim Ryan,No,DE,DE,23,0,0,58,0,0,0,0,0,0,0,0,0,0,0,4.5,0,0,USC,IL
1990Marc Spindler,SpinMa20,1990,3,62,DET,Marc Spindler,No,DE,DE,20,0,0,107,0,0,0,0,0,0,0,0,0,0,0,9.5,1,0,Pittsburgh,MI
1990Peter Tom Willis,WillPe00,1990,3,63,CHI,Peter Tom Willis,No,QB,QB,23,0,0,21,104,183,1261,6,15,5,14,0,0,0,0,0,0,0,Florida St.,IL
1990Jimmie Jones,JoneJi22,1990,3,64,DAL,Jimmie Jones,No,DT,DT,24,0,0,121,0,0,0,0,0,0,0,0,0,0,0,32,0,0,Miami (FL),TX
1990Bernard Clark,ClarBe20,1990,3,65,CIN,Bernard Clark,No,LB,LB,23,0,0,28,0,0,0,0,0,0,0,0,0,0,0,0,0,0,Miami (FL),OH
1990Alfred Oglesby,OgleAl20,1990,3,66,MIA,Alfred Oglesby,No,NT,DT,23,0,0,59,0,0,0,0,0,0,0,0,0,0,0,4,0,0,Houston,FL
1990Walter Wilson,WilsWa01,1990,3,67,SDG,Walter Wilson,No,TE,TE,23,0,0,14,0,0,0,0,0,1,0,0,10,87,0,0,0,0,East Carolina,CA
1990Ron Lewis,LewiRo01,1990,3,68,SFO,Ron Lewis,No,WR,WR,22,0,0,34,0,0,0,0,0,0,0,0,27,325,0,0,0,0,Florida St.,CA
1990Glenn Parker,ParkGl20,1990,3,69,BUF,Glenn Parker,No,G,G,24,0,0,174,0,0,0,0,0,0,0,0,0,0,0,0,0,0,Arizona,NY
1990Neil O'Donnell,ODonNe00,1990,3,70,PIT,Neil O'Donnell,No,QB,QB,24,0,1,125,1865,3229,21690,120,68,215,446,4,0,0,0,0,0,0,Maryland,PA
1990Joel Smeenge,SmeeJo20,1990,3,71,NOR,Joel Smeenge,No,DE,DE,22,0,0,156,0,0,0,0,0,0,0,0,0,0,0,35.5,1,0,West. Michigan,LA
1990Willis Peguese,PeguWi20,1990,3,72,HOU,Willis Peguese,No,DE,DE,23,0,0,35,0,0,0,0,0,0,0,0,0,0,0,2,0,0,Miami (FL),TX
1990Anthony Pleasant,PleaAn20,1990,3,73,CLE,Anthony Pleasant,No,DE,DE,22,0,0,202,0,0,0,0,0,0,0,0,0,0,0,58,2,0,Tennessee St.,OH
1990Marion Hobby,HobbMa20,1990,3,74,MIN,Marion Hobby,No,DE,DE,23,0,0,42,0,0,0,0,0,0,0,0,0,0,0,5,0,0,Tennessee,MN
1990Bobby Houston,HousBo20,1990,3,75,GNB,Bobby Houston,No,LB,LB,22,0,0,109,0,0,0,0,0,0,0,0,0,0,0,14.5,4,0,North Carolina St.,WI
1990Mohammed Elewonibi,ElewMo20,1990,3,76,WAS,Mohammed Elewonibi,No,T,T,24,0,0,26,0,0,0,0,0,0,0,0,0,0,0,0,0,0,BYU,DC
1990Fred Barnett,BarnFr00,1990,3,77,PHI,Fred Barnett,No,WR,WR,24,0,1,96,0,0,0,0,0,4,-2,0,361,5362,32,0,0,0,Arkansas St.,PA
1990Latin Berry,BerrLa20,1990,3,78,RAM,Latin Berry,No,DB,DB,23,0,0,32,0,0,0,0,0,0,0,0,0,0,0,0,0,0,Oregon,CA
1990Greg Mark,MarkGr20,1990,3,79,NYG,Greg Mark,No,DE,DE,23,0,0,6,0,0,0,0,0,0,0,0,0,0,0,0,0,0,Miami (FL),NY
1990Greg McMurtry,McMuGr00,1990,3,80,NWE,Greg McMurtry,No,WR,WR,22,0,0,67,0,1,0,0,0,2,3,0,128,1631,5,0,0,0,Michigan,MA
1990Craig Veasey,VeasCr20,1990,3,81,PIT,Craig Veasey,No,DT,DT,23,0,0,69,0,0,0,0,0,0,0,0,0,0,0,6.5,1,0,Houston,PA
1990Jeroy Robinson,RobiJe20,1990,4,82,DEN,Jeroy Robinson,No,LB,LB,22,0,0,6,0,0,0,0,0,0,0,0,0,0,0,0,0,0,Texas A&M,CO
1990Stacey Simmons,SimmSt20,1990,4,83,IND,Stacey Simmons,No,WR,WR,22,0,0,14,0,0,0,0,0,0,0,0,4,33,0,0,0,0,Florida,IN
1990Troy Taylor,TaylTr00,1990,4,84,NYJ,Troy Taylor,No,QB,QB,22,0,0,7,12,20,125,2,1,9,43,1,0,0,0,0,0,0,California,NY
1990Travis Davis,DaviTr21,1990,4,85,PHO,Travis Davis,No,NT,DT,24,0,0,18,0,0,0,0,0,0,0,0,0,0,0,0,0,0,Michigan St.,AZ
1990Cary Conklin,ConkCa00,1990,4,86,WAS,Cary Conklin,No,QB,QB,22,0,0,7,52,101,560,5,3,5,-6,0,0,0,0,0,0,0,Washington,DC
1990Jesse Anderson,AndeJe00,1990,4,87,TAM,Jesse Anderson,No,TE,TE,24,0,0,35,0,0,0,0,0,0,0,0,11,150,2,0,0,0,Mississippi St.,FL
1990Tony Moss,0,1990,4,88,CHI,Tony Moss,No,WR,WR,0,0,0,0,0,0,0,0,0,0,0,0,0,0,0,0,0,0,LSU,IL
1990Chris Warren,WarrCh00,1990,4,89,SEA,Chris Warren,No,RB,RB,22,0,3,162,0,0,0,0,0,1791,7696,52,273,1935,5,0,0,0,Ferrum,WA
1990Rob Hinckley,0,1990,4,90,DET,Rob Hinckley,No,LB,LB,0,0,0,0,0,0,0,0,0,0,0,0,0,0,0,0,0,0,Stanford,MI
1990Mike Brennan,BrenMi20,1990,4,91,CIN,Mike Brennan,No,T,T,23,0,0,19,0,0,0,0,0,0,0,0,0,0,0,0,0,0,Notre Dame,OH
1990Dean Caliguire,CaliDe20,1990,4,92,SFO,Dean Caliguire,No,G,G,23,0,0,9,0,0,0,0,0,0,0,0,0,0,0,0,0,0,Pittsburgh,CA
1990Scott Mitchell,MitcSc00,1990,4,93,MIA,Scott Mitchell,No,QB,QB,22,0,0,99,1301,2346,15692,95,81,172,485,11,0,0,0,0,0,0,Utah,FL
1990William Schultz,SchuWi20,1990,4,94,IND,William Schultz,No,G,G,23,0,0,56,0,0,0,0,0,0,0,0,1,3,1,0,0,0,USC,IN
1990Torin Dorn,DornTo20,1990,4,95,RAI,Torin Dorn,No,DB,DB,22,0,0,83,0,0,0,0,0,0,0,0,0,0,0,3,0,0,North Carolina,CA
1990Fred Jones,JoneFr01,1990,4,96,KAN,Fred Jones,No,WR,WR,23,0,0,41,0,0,0,0,0,6,33,0,36,466,0,0,0,0,Grambling St.,MO
1990Chris Calloway,CallCh00,1990,4,97,PIT,Chris Calloway,No,WR,WR,22,0,0,158,0,0,0,0,0,12,69,0,386,5497,30,0,0,0,Michigan,PA
1990DeMond Winston,WinsDe20,1990,4,98,NOR,DeMond Winston,No,LB,LB,22,0,0,51,0,0,0,0,0,0,0,0,0,0,0,0,0,0,Vanderbilt,LA
1990Eric Still,0,1990,4,99,HOU,Eric Still,No,G,G,0,0,0,0,0,0,0,0,0,0,0,0,0,0,0,0,0,0,Tennessee,TX
1990Eddie Fuller,FullEd20,1990,4,100,BUF,Eddie Fuller,No,RB,RB,22,0,0,20,0,0,0,0,0,6,39,0,2,17,0,0,0,0,LSU,NY
1990Harlon Barnett,BarnHa20,1990,4,101,CLE,Harlon Barnett,No,DB,DB,23,0,0,99,0,0,0,0,0,0,0,0,0,0,0,4,2,0,Michigan St.,OH
1990Jackie Harris,HarrJa00,1990,4,102,GNB,Jackie Harris,No,TE,TE,22,0,0,167,0,0,0,0,0,1,1,0,393,4410,25,0,0,0,La-Monroe,WI
1990Alan Grant,GranAl20,1990,4,103,IND,Alan Grant,No,DB,DB,23,0,0,72,0,0,0,0,0,0,0,0,0,0,0,3,0,0,Stanford,IN
1990Alonzo Hampton,HampAl20,1990,4,104,MIN,Alonzo Hampton,No,DB,DB,23,0,0,25,0,0,0,0,0,0,0,0,0,0,0,1,0,0,Pittsburgh,MN
1990Chris Oldham,OldhCh20,1990,4,105,DET,Chris Oldham,No,DB,DB,21,0,0,155,0,0,0,0,0,0,0,0,0,0,0,15,10,0,Oregon,MI
1990Rick Cunningham,CunnRi20,1990,4,106,IND,Rick Cunningham,No,T,T,23,0,0,80,0,0,0,0,0,0,0,0,1,3,1,0,0,0,Texas A&M,IN
1990Dave Whitmore,WhitDa22,1990,4,107,NYG,Dave Whitmore,No,DB,DB,23,0,0,64,0,0,0,0,0,0,0,0,0,0,0,2,1,0,S.F. Austin,NY
1990Tony Mayberry,MaybTo00,1990,4,108,TAM,Tony Mayberry,No,C,C,22,0,3,160,0,0,0,0,0,0,0,0,0,0,0,0,0,0,Wake Forest,FL
1990Rico Labbe,0,1990,4,109,WAS,Rico Labbe,No,DB,DB,0,0,0,0,0,0,0,0,0,0,0,0,0,0,0,0,0,0,Boston Col.,DC
1990Junior Robinson,RobiJu20,1990,5,110,NWE,Junior Robinson,No,DB,DB,22,0,0,26,0,0,0,0,0,0,0,0,0,0,0,0,0,0,East Carolina,MA
1990Jeff Davidson,DaviJe20,1990,5,111,DEN,Jeff Davidson,No,G,G,22,0,0,44,0,0,0,0,0,0,0,0,0,0,0,0,0,0,Ohio St.,CO
1990Tony Savage,SavaTo20,1990,5,112,NYJ,Tony Savage,No,NT,DT,23,0,0,5,0,0,0,0,0,0,0,0,0,0,0,0,0,0,Washington St.,NY
1990Jon Melander,MelaJo20,1990,5,113,NWE,Jon Melander,No,G,G,23,0,0,54,0,0,0,0,0,0,0,0,0,0,0,0,0,0,Minnesota,MA
1990Ian Beckles,BeckIa20,1990,5,114,TAM,Ian Beckles,No,G,G,23,0,0,126,0,0,0,0,0,0,0,0,0,0,0,0,0,0,Indiana,FL
1990Larry Centers,CentLa00,1990,5,115,PHO,Larry Centers,No,FB,FB,22,0,3,198,0,1,0,0,1,615,2188,14,827,6797,28,0,0,0,S.F. Austin,AZ
1990Reggie Thornton,ThorRe20,1990,5,116,MIN,Reggie Thornton,No,WR,WR,23,0,0,6,0,0,0,0,0,0,0,0,1,38,0,0,0,0,Bowling Green,MN
1990Pat Chaffey,ChafPa00,1990,5,117,CHI,Pat Chaffey,No,RB,RB,23,0,0,31,0,0,0,0,0,61,330,2,11,111,1,0,0,0,Oregon St.,IL
1990Jeff Campbell,CampJe00,1990,5,118,DET,Jeff Campbell,No,WR,WR,22,0,0,68,0,0,0,0,0,2,6,0,37,517,4,0,0,0,Colorado,MI
1990Eric Hayes,HayeEr20,1990,5,119,SEA,Eric Hayes,No,DT,DT,22,0,0,24,0,0,0,0,0,0,0,0,0,0,0,0,0,0,Florida St.,WA
1990James Gray,0,1990,5,120,NWE,James Gray,No,RB,RB,0,0,0,0,0,0,0,0,0,0,0,0,0,0,0,0,0,0,Texas Tech,MA
1990Reggie Redding,ReddRe20,1990,5,121,ATL,Reggie Redding,No,G,G,22,0,0,27,0,0,0,0,0,0,0,0,0,0,0,0,0,0,Cal State-Fullerton,GA
1990Lynn James,JameLy00,1990,5,122,CIN,Lynn James,No,WR,WR,25,0,0,25,0,1,0,0,0,1,11,0,10,139,1,0,0,0,Arizona St.,OH
1990Stan Smagala,SmagSt20,1990,5,123,DAL,Stan Smagala,No,DB,DB,22,0,0,11,0,0,0,0,0,0,0,0,0,0,0,0,0,0,Notre Dame,TX
1990Derrick Graham,GrahDe21,1990,5,124,KAN,Derrick Graham,No,G,G,23,0,0,99,0,0,0,0,0,0,0,0,0,0,0,0,0,0,Appalachian St.,MO
1990Charles Arbuckle,ArbuCh00,1990,5,125,NOR,Charles Arbuckle,No,TE,TE,22,0,0,42,0,0,0,0,0,0,0,0,33,282,1,0,0,0,UCLA,LA
1990Richard Newbill,NewbRi20,1990,5,126,HOU,Richard Newbill,No,LB,LB,22,0,0,11,0,0,0,0,0,0,0,0,0,0,0,0,0,0,Miami (FL),TX
1990Ken Hackemack,0,1990,5,127,KAN,Ken Hackemack,No,T,T,0,0,0,0,0,0,0,0,0,0,0,0,0,0,0,0,0,0,Texas,MO
1990Barry Foster,FostBa00,1990,5,128,PIT,Barry Foster,No,RB,RB,21,1,2,62,0,1,0,0,0,915,3943,26,93,804,2,0,0,0,Arkansas,PA
1990Rob Burnett,BurnRo00,1990,5,129,CLE,Rob Burnett,No,DE,DE,23,0,1,202,0,0,0,0,0,0,0,0,0,0,0,73,1,0,Syracuse,OH
1990Brian Mitchell,MitcBr00,1990,5,130,WAS,Brian Mitchell,No,RB,RB,22,1,1,223,7,18,168,1,2,388,1967,12,255,2336,4,0,0,0,La-Lafayette,DC
1990Cedric Smith,SmitCe00,1990,5,131,MIN,Cedric Smith,No,FB,FB,22,0,0,72,0,0,0,0,0,40,100,2,20,141,2,0,0,0,Florida,MN
1990Charles Wilson,WilsCh00,1990,5,132,GNB,Charles Wilson,No,WR,WR,22,0,0,76,0,0,0,0,0,7,25,0,113,1750,11,0,0,0,Memphis,WI
1990Calvin Williams,WillCa00,1990,5,133,PHI,Calvin Williams,No,WR,WR,23,0,0,100,0,0,0,0,0,5,29,0,308,3925,35,0,0,0,Purdue,PA
1990Robert McWright,0,1990,5,134,NYJ,Robert McWright,No,DB,DB,0,0,0,0,0,0,0,0,0,0,0,0,0,0,0,0,0,0,TCU,NY
1990Craig Kupp,KuppCr20,1990,5,135,NYG,Craig Kupp,No,QB,QB,23,0,0,1,3,7,23,0,0,1,5,0,0,0,0,0,0,0,Pacific Lutheran,NY
1990Le-Lo Lang,LangLe20,1990,5,136,DEN,Le-Lo Lang,No,DB,DB,23,0,0,54,0,0,0,0,0,0,0,0,0,0,0,5,1,0,Washington,CO
1990Leroy Holt,0,1990,5,137,MIA,Leroy Holt,No,RB,RB,0,0,0,0,0,0,0,0,0,0,0,0,0,0,0,0,0,0,USC,FL
1990John Friesz,FrieJo00,1990,6,138,SDG,John Friesz,No,QB,QB,23,0,0,69,745,1364,8699,45,42,53,29,0,0,0,0,0,0,0,Idaho,CA
1990Mike Pringle,PrinMi20,1990,6,139,ATL,Mike Pringle,No,RB,RB,22,0,0,3,0,0,0,0,0,2,9,0,0,0,0,0,0,0,Cal State-Fullerton,GA
1990Terance Mathis,MathTe00,1990,6,140,NYJ,Terance Mathis,No,WR,WR,23,0,1,206,0,0,0,0,0,14,97,2,689,8809,63,0,0,0,New Mexico,NY
1990Derrick Douglas,DougDe20,1990,6,141,TAM,Derrick Douglas,No,RB,RB,22,0,0,2,0,0,0,0,0,0,0,0,0,0,0,0,0,0,Louisiana Tech,FL
1990Tyrone Shavers,ShavTy20,1990,6,142,PHO,Tyrone Shavers,No,WR,WR,22,0,0,1,0,0,0,0,0,0,0,0,0,0,0,0,0,0,Lamar,AZ
1990Frank Cornish,CornFr21,1990,6,143,SDG,Frank Cornish,No,C,C,23,0,0,69,0,0,0,0,0,0,0,0,0,0,0,0,0,0,UCLA,CA
1990John Mangum,MangJo21,1990,6,144,CHI,John Mangum,No,DB,DB,23,0,0,105,0,0,0,0,0,0,0,0,0,0,0,5,4.5,0,Alabama,IL
1990David Pool,PoolDa20,1990,6,145,SDG,David Pool,No,DB,DB,23,0,0,43,0,0,0,0,0,0,0,0,0,0,0,3,0,0,Carson-Newman,CA
1990Ned Bolcar,BolcNe20,1990,6,146,SEA,Ned Bolcar,No,LB,LB,23,0,0,13,0,0,0,0,0,0,0,0,0,0,0,1,0,0,Notre Dame,WA
1990Maurice Henry,HenrMa20,1990,6,147,DET,Maurice Henry,No,LB,LB,23,0,0,7,0,0,0,0,0,0,0,0,0,0,0,0,0,0,Kansas St.,MI
1990Tony Walker,WalkTo20,1990,6,148,IND,Tony Walker,No,LB,LB,22,0,0,43,0,0,0,0,0,0,0,0,0,0,0,1,0,0,SE Missouri St.,IN
1990Marcus Wilson,WilsMa20,1990,6,149,RAI,Marcus Wilson,No,RB,RB,22,0,0,49,0,0,0,0,0,12,24,0,2,18,0,0,0,0,Virginia,CA
1990Don Odegard,OdegDo20,1990,6,150,CIN,Don Odegard,No,DB,DB,23,0,0,30,0,0,0,0,0,0,0,0,0,0,0,0,0,0,UNLV,OH
1990Sean Vanhorse,VanhSe20,1990,6,151,MIA,Sean Vanhorse,No,DB,DB,22,0,0,70,0,0,0,0,0,0,0,0,0,0,0,6,0,0,Howard,FL
1990Tom Sims,SimsTo20,1990,6,152,KAN,Tom Sims,No,DT,DT,23,0,0,47,0,0,0,0,0,0,0,0,0,0,0,4,0,0,Pittsburgh,MO
1990Tony Jones,JoneTo00,1990,6,153,HOU,Tony Jones,No,WR,WR,24,0,0,43,0,0,0,0,0,1,-2,0,63,798,9,0,0,0,Texas,TX
1990John Nies,NiesJo20,1990,6,154,BUF,John Nies,No,P,P,23,0,0,4,0,0,0,0,0,0,0,0,0,0,0,0,0,0,Arizona,NY
1990Ronald Heard,0,1990,6,155,PIT,Ronald Heard,No,WR,WR,0,0,0,0,0,0,0,0,0,0,0,0,0,0,0,0,0,0,Bowling Green,PA
1990Mike Buck,BuckMi00,1990,6,156,NOR,Mike Buck,No,QB,QB,23,0,0,12,55,92,790,5,4,5,-4,0,0,0,0,0,0,0,Maine,LA
1990Randy Hilliard,HillRa23,1990,6,157,CLE,Randy Hilliard,No,DB,DB,23,0,0,120,0,0,0,0,0,0,0,0,0,0,0,5,3,0,NW State (LA),OH
1990James Williams,WillJa24,1990,6,158,NOR,James Williams,No,LB,LB,21,0,0,137,0,0,0,0,0,0,0,0,0,0,0,4,3,0,Mississippi St.,LA
1990Bryce Paup,PaupBr00,1990,6,159,GNB,Bryce Paup,No,LB,LB,22,1,4,148,0,0,0,0,0,0,0,0,0,0,0,75,6,0,Northern Iowa,WI
1990Kent Wells,WellKe20,1990,6,160,WAS,Kent Wells,No,DT,DT,23,0,0,6,0,0,0,0,0,0,0,0,0,0,0,0,0,0,Nebraska,DC
1990Tim Stallworth,StalTi20,1990,6,161,RAM,Tim Stallworth,No,WR,WR,24,0,0,1,0,0,0,0,0,0,0,0,0,0,0,0,0,0,Washington St.,CA
1990Kevin Thompson,0,1990,6,162,PHI,Kevin Thompson,No,DB,DB,0,0,0,0,0,0,0,0,0,0,0,0,0,0,0,0,0,0,Oklahoma,PA
1990Derrick Walker,WalkDe00,1990,6,163,SDG,Derrick Walker,No,TE,TE,23,0,0,129,0,0,0,0,0,0,0,0,180,1770,9,0,0,0,Michigan,CA
1990Ronnie Haliburton,HaliRo20,1990,6,164,DEN,Ronnie Haliburton,No,TE,TE,22,0,0,17,0,0,0,0,0,0,0,0,0,0,0,0,0,0,LSU,CO
1990Frank Pollack,PollFr20,1990,6,165,SFO,Frank Pollack,No,T,T,22,0,0,90,0,0,0,0,0,0,0,0,0,0,0,0,0,0,Northern Arizona,CA
1990Brent Griffith,0,1990,7,166,BUF,Brent Griffith,No,G,G,0,0,0,0,0,0,0,0,0,0,0,0,0,0,0,0,0,0,Minnesota-Duluth,NY
1990Dwayne White,WhitDw20,1990,7,167,NYJ,Dwayne White,No,G,G,23,0,0,105,0,0,0,0,0,0,0,0,0,0,0,0,0,0,Alcorn St.,NY
1990Basil Proctor,0,1990,7,168,NYJ,Basil Proctor,No,LB,LB,0,0,0,0,0,0,0,0,0,0,0,0,0,0,0,0,0,0,West Virginia,NY
1990Johnny Johnson,JohnJo00,1990,7,169,PHO,Johnny Johnson,No,RB,RB,22,0,1,72,0,1,0,0,1,1046,4078,21,177,1513,5,0,0,0,San Jose St.,AZ
1990Brent Collins,0,1990,7,170,BUF,Brent Collins,No,LB,LB,0,0,0,0,0,0,0,0,0,0,0,0,0,0,0,0,0,0,Carson-Newman,NY
1990Donnie Gardner,GardDo20,1990,7,171,TAM,Donnie Gardner,No,DE,DE,22,0,0,10,0,0,0,0,0,0,0,0,0,0,0,1,0,0,Kentucky,FL
1990Jeff Novak,NovaJe20,1990,7,172,SDG,Jeff Novak,No,G,G,23,0,0,38,0,0,0,0,0,0,0,0,0,0,0,0,0,0,Texas St.,CA
1990Garry Lewis,LewiGa20,1990,7,173,RAI,Garry Lewis,No,DB,DB,23,0,0,45,0,0,0,0,0,0,0,0,0,0,0,1,0,0,Alcorn St.,CA
1990Tracy Hayworth,HaywTr20,1990,7,174,DET,Tracy Hayworth,No,LB,LB,22,0,0,72,0,0,0,0,0,0,0,0,0,0,0,10,1,0,Tennessee,MI
1990Bob Kula,0,1990,7,175,SEA,Bob Kula,No,T,T,0,0,0,0,0,0,0,0,0,0,0,0,0,0,0,0,0,0,Michigan St.,WA
1990Bill Anderson,0,1990,7,176,CHI,Bill Anderson,No,C,C,0,0,0,0,0,0,0,0,0,0,0,0,0,0,0,0,0,0,Iowa,IL
1990Craig Ogletree,OgleCr20,1990,7,177,CIN,Craig Ogletree,No,LB,LB,22,0,0,11,0,0,0,0,0,0,0,0,0,0,0,0,0,0,Auburn,OH
1990Scott Galbraith,GalbSc00,1990,7,178,CLE,Scott Galbraith,No,TE,TE,23,0,0,118,0,0,0,0,0,0,0,0,60,670,6,0,0,0,USC,OH
1990James Singletary,0,1990,7,179,IND,James Singletary,No,LB,LB,0,0,0,0,0,0,0,0,0,0,0,0,0,0,0,0,0,0,East Carolina,IN
1990Dave Szott,SzotDa20,1990,7,180,KAN,Dave Szott,No,G,G,22,1,0,177,0,0,0,0,0,0,0,0,0,0,0,0,0,0,Penn St.,MO
1990Fred DeRiggi,DeRiFr20,1990,7,181,BUF,Fred DeRiggi,No,NT,DT,23,0,0,2,0,0,0,0,0,0,0,0,0,0,0,0,0,0,Syracuse,NY
1990Dan Grayson,0,1990,7,182,PIT,Dan Grayson,No,LB,LB,0,0,0,0,0,0,0,0,0,0,0,0,0,0,0,0,0,0,Washington St.,PA
1990Scott Hough,0,1990,7,183,NOR,Scott Hough,No,G,G,0,0,0,0,0,0,0,0,0,0,0,0,0,0,0,0,0,0,Maine,LA
1990Andy Murray,0,1990,7,184,HOU,Andy Murray,No,RB,RB,0,0,0,0,0,0,0,0,0,0,0,0,0,0,0,0,0,0,Kentucky,TX
1990Joe Staysniak,StayJo20,1990,7,185,SDG,Joe Staysniak,No,G,G,23,0,0,63,0,0,0,0,0,0,0,0,0,0,0,0,0,0,Ohio St.,CA
1990Lester Archambeau,ArchLe20,1990,7,186,GNB,Lester Archambeau,No,DE,DE,23,0,0,147,0,0,0,0,0,0,0,0,0,0,0,36.5,1,0,Stanford,WI
1990Nate Lewis,LewiNa00,1990,7,187,SDG,Nate Lewis,No,WR,WR,23,0,0,82,0,0,0,0,0,12,44,1,130,1802,13,0,0,0,Oregon Tech,CA
1990John Levelis,0,1990,7,188,MIN,John Levelis,No,LB,LB,0,0,0,0,0,0,0,0,0,0,0,0,0,0,0,0,0,0,C.W. Post,MN
1990Terry Strouf,0,1990,7,189,PHI,Terry Strouf,No,T,T,0,0,0,0,0,0,0,0,0,0,0,0,0,0,0,0,0,0,Wisc-LaCrosse,PA
1990Kent Elmore,0,1990,7,190,RAM,Kent Elmore,No,P,P,0,0,0,0,0,0,0,0,0,0,0,0,0,0,0,0,0,0,Tennessee,CA
1990Aaron Emanuel,0,1990,7,191,NYG,Aaron Emanuel,No,RB,RB,0,0,0,0,0,0,0,0,0,0,0,0,0,0,0,0,0,0,USC,NY
1990Shannon Sharpe,SharSh00,1990,7,192,DEN,Shannon Sharpe,No,TE,TE,22,4,8,204,0,0,0,0,0,3,9,0,815,10060,62,0,0,0,Savannah St.,CO
1990Keith Collins,0,1990,7,193,SDG,Keith Collins,No,DB,DB,0,0,0,0,0,0,0,0,0,0,0,0,0,0,0,0,0,0,Appalachian St.,CA
1990Willie Green,GreeWi00,1990,8,194,DET,Willie Green,No,WR,WR,24,0,0,114,0,0,0,0,0,1,1,0,237,3720,26,0,0,0,Mississippi,MI
1990Tory Epps,EppsTo20,1990,8,195,ATL,Tory Epps,No,NT,DT,23,0,0,70,0,0,0,0,0,0,0,0,0,0,0,5.5,0,0,Memphis,GA
1990Roger Duffy,DuffRo20,1990,8,196,NYJ,Roger Duffy,No,G,G,23,0,0,176,0,0,0,0,0,0,0,0,0,0,0,0,0,0,Penn St.,NY
1990A.J. Jimerson,JimeA.20,1990,8,197,RAI,A.J. Jimerson,No,LB,LB,22,0,0,17,0,0,0,0,0,0,0,0,0,0,0,0,0,0,Norfolk St.,CA
1990Ray Savage,0,1990,8,198,RAM,Ray Savage,No,LB,LB,0,0,0,0,0,0,0,0,0,0,0,0,0,0,0,0,0,0,Virginia,CA
1990Mickey Washington,WashMi20,1990,8,199,PHO,Mickey Washington,No,DB,DB,22,0,0,108,0,0,0,0,0,0,0,0,0,0,0,10,1,0,Texas A&M,AZ
1990James Rouse,RousJa20,1990,8,200,CHI,James Rouse,No,RB,RB,23,0,0,30,0,0,0,0,0,43,130,0,15,93,0,0,0,0,Arkansas,IL
1990J.J. Flannigan,0,1990,8,201,SDG,J.J. Flannigan,No,RB,RB,0,0,0,0,0,0,0,0,0,0,0,0,0,0,0,0,0,0,Colorado,CA
1990Bill Hitchcock,HitcBi20,1990,8,202,SEA,Bill Hitchcock,No,T,T,25,0,0,51,0,0,0,0,0,0,0,0,0,0,0,0,0,0,Purdue,WA
1990Roman Fortin,FortRo20,1990,8,203,DET,Roman Fortin,No,C,C,23,0,0,147,0,0,0,0,0,0,0,0,1,4,0,0,0,0,San Diego St.,MI
1990Doug Wellsandt,WellDo21,1990,8,204,CIN,Doug Wellsandt,No,TE,TE,23,0,0,16,0,0,0,0,0,1,-3,0,5,57,0,0,0,0,Washington St.,OH
1990Thomas Woods,0,1990,8,205,MIA,Thomas Woods,No,WR,WR,0,0,0,0,0,0,0,0,0,0,0,0,0,0,0,0,0,0,Tennessee,FL
1990Ken Clark,ClarKe00,1990,8,206,IND,Ken Clark,No,TE,TE,24,0,0,34,0,0,0,0,0,161,510,0,43,314,0,0,0,0,Nebraska,IN
1990Gerry Gdowski,0,1990,8,207,NOR,Gerry Gdowski,No,QB,QB,0,0,0,0,0,0,0,0,0,0,0,0,0,0,0,0,0,0,Nebraska,LA
1990Marvcus Patton,PattMa21,1990,8,208,BUF,Marvcus Patton,No,LB,LB,23,0,0,208,0,0,0,0,0,0,0,0,0,0,0,27.5,17,0,UCLA,NY
1990Karl Dunbar,DunbKa20,1990,8,209,PIT,Karl Dunbar,No,DE,DE,23,0,0,21,0,0,0,0,0,0,0,0,0,0,0,0,0,0,LSU,PA
1990Derrick Carr,0,1990,8,210,NOR,Derrick Carr,No,DE,DE,0,0,0,0,0,0,0,0,0,0,0,0,0,0,0,0,0,0,Bowling Green,LA
1990Brett Tucker,0,1990,8,211,HOU,Brett Tucker,No,DB,DB,0,0,0,0,0,0,0,0,0,0,0,0,0,0,0,0,0,0,Northern Illinois,TX
1990Jock Jones,JoneJo20,1990,8,212,CLE,Jock Jones,No,LB,LB,22,0,0,46,0,0,0,0,0,0,0,0,0,0,0,1,1,0,Virginia Tech,OH
1990Harvey Wilson,0,1990,8,213,IND,Harvey Wilson,No,DB,DB,0,0,0,0,0,0,0,0,0,0,0,0,0,0,0,0,0,0,Southern,IN
1990Craig Schlichting,0,1990,8,214,MIN,Craig Schlichting,No,DE,DE,0,0,0,0,0,0,0,0,0,0,0,0,0,0,0,0,0,0,Wyoming,MN
1990Roger Brown,BrowRo21,1990,8,215,GNB,Roger Brown,No,DB,DB,23,0,0,37,0,0,0,0,0,0,0,0,0,0,0,0,0,0,Virginia Tech,WI
1990Elbert Crawford,CrawEl20,1990,8,216,RAM,Elbert Crawford,No,G,G,24,0,0,30,0,0,0,0,0,0,0,0,0,0,0,0,0,0,Arkansas,CA
1990Curt Dykes,0,1990,8,217,PHI,Curt Dykes,No,T,T,0,0,0,0,0,0,0,0,0,0,0,0,0,0,0,0,0,0,Oregon,PA
1990Barry Voorhees,0,1990,8,218,NYG,Barry Voorhees,No,T,T,0,0,0,0,0,0,0,0,0,0,0,0,0,0,0,0,0,0,Cal State-Northridge,NY
1990Brad Leggett,LeggBr20,1990,8,219,DEN,Brad Leggett,No,C,C,24,0,0,4,0,0,0,0,0,0,0,0,0,0,0,0,0,0,USC,CO
1990Dwight Pickens,0,1990,8,220,SFO,Dwight Pickens,No,WR,WR,0,0,0,0,0,0,0,0,0,0,0,0,0,0,0,0,0,0,Fresno St.,CA
1990Kenneth Gant,GantKe20,1990,9,221,DAL,Kenneth Gant,No,DB,DB,23,0,0,113,0,0,0,0,0,0,0,0,0,0,0,7,3,0,Albany State (GA),TX
1990Darrell Jordan,0,1990,9,222,ATL,Darrell Jordan,No,LB,LB,0,0,0,0,0,0,0,0,0,0,0,0,0,0,0,0,0,0,Northern Arizona,GA
1990Dale Dawkins,DawkDa00,1990,9,223,NYJ,Dale Dawkins,No,WR,WR,23,0,0,36,0,0,0,0,0,0,0,0,8,106,0,0,0,0,Miami (FL),NY
1990Terry Cook,0,1990,9,224,TAM,Terry Cook,No,DE,DE,0,0,0,0,0,0,0,0,0,0,0,0,0,0,0,0,0,0,Fresno St.,FL
1990David Bavaro,BavaDa20,1990,9,225,PHO,David Bavaro,No,LB,LB,23,0,0,42,0,0,0,0,0,0,0,0,0,0,0,0,0,0,Syracuse,AZ
1990Shawn Bouwens,BouwSh20,1990,9,226,NWE,Shawn Bouwens,No,G,G,22,0,0,73,0,0,0,0,0,0,0,0,0,0,0,0,0,0,Nebraska Wesleyan,MA
1990Chris Goetz,0,1990,9,227,SDG,Chris Goetz,No,G,G,0,0,0,0,0,0,0,0,0,0,0,0,0,0,0,0,0,0,Pittsburgh,CA
1990Johnny Bailey,BailJo00,1990,9,228,CHI,Johnny Bailey,No,RB,RB,23,0,1,81,1,1,22,0,0,189,832,6,161,1355,1,0,0,0,Texas A&M-Kingsville,IL
1990Jack Linn,LinnJa20,1990,9,229,DET,Jack Linn,No,T,T,23,0,0,11,0,0,0,0,0,0,0,0,0,0,0,0,0,0,West Virginia,MI
1990Leon Perry,0,1990,9,230,RAI,Leon Perry,No,RB,RB,0,0,0,0,0,0,0,0,0,0,0,0,0,0,0,0,0,0,Oklahoma,CA
1990Phil Ross,0,1990,9,231,MIA,Phil Ross,No,TE,TE,0,0,0,0,0,0,0,0,0,0,0,0,0,0,0,0,0,0,Oregon St.,FL
1990Darvell Huffman,HuffDa20,1990,9,232,IND,Darvell Huffman,No,WR,WR,23,0,0,3,0,0,0,0,0,1,-8,0,3,14,0,0,0,0,Boston Univ.,IN
1990Broderick Graves,0,1990,9,233,NOR,Broderick Graves,No,RB,RB,0,0,0,0,0,0,0,0,0,0,0,0,0,0,0,0,0,0,Winston-Salem St.,LA
1990Mitchell Price,PricMi20,1990,9,234,CIN,Mitchell Price,No,DB,DB,23,0,0,41,0,0,0,0,0,0,0,0,0,0,0,2,0,0,Tulane,OH
1990Michael Owens,0,1990,9,235,KAN,Michael Owens,No,RB,RB,0,0,0,0,0,0,0,0,0,0,0,0,0,0,0,0,0,0,Syracuse,MO
1990Lonnie Brockman,0,1990,9,236,NOR,Lonnie Brockman,No,LB,LB,0,0,0,0,0,0,0,0,0,0,0,0,0,0,0,0,0,0,West Virginia,LA
1990Pat Coleman,ColePa00,1990,9,237,HOU,Pat Coleman,No,WR,WR,23,0,0,52,0,0,0,0,0,2,3,0,42,575,2,0,0,0,Mississippi,TX
1990Clarkston Hines,0,1990,9,238,BUF,Clarkston Hines,No,WR,WR,0,0,0,0,0,0,0,0,0,0,0,0,0,0,0,0,0,0,Duke,NY
1990Gary Jones,JoneGa20,1990,9,239,PIT,Gary Jones,No,DB,DB,22,0,0,78,0,0,0,0,0,0,0,0,0,0,0,6,0,0,Texas A&M,PA
1990Eugene Rowell,RoweEu20,1990,9,240,CLE,Eugene Rowell,No,WR,WR,22,0,0,3,0,0,0,0,0,0,0,0,0,0,0,0,0,0,Southern Miss,OH
1990Terry Allen,AlleTe00,1990,9,241,MIN,Terry Allen,No,RB,RB,22,0,1,130,0,0,0,0,0,2152,8614,73,204,1601,6,0,0,0,Clemson,MN
1990Kirk Baumgartner,0,1990,9,242,GNB,Kirk Baumgartner,No,QB,QB,0,0,0,0,0,0,0,0,0,0,0,0,0,0,0,0,0,0,Wisc-Stevens Point,WI
1990Tim Moxley,0,1990,9,243,WAS,Tim Moxley,No,G,G,0,0,0,0,0,0,0,0,0,0,0,0,0,0,0,0,0,0,Ohio St.,DC
1990Cecil Gray,GrayCe20,1990,9,244,PHI,Cecil Gray,No,DE,DE,22,0,0,45,0,0,0,0,0,0,0,0,0,0,0,0,0,0,North Carolina,PA
1990Tony Lomack,LomaTo20,1990,9,245,RAM,Tony Lomack,No,WR,WR,22,0,0,4,0,0,0,0,0,0,0,0,0,0,0,0,0,0,Florida,CA
1990Clint James,0,1990,9,246,NYG,Clint James,No,DE,DE,0,0,0,0,0,0,0,0,0,0,0,0,0,0,0,0,0,0,LSU,NY
1990Todd Ellis,0,1990,9,247,DEN,Todd Ellis,No,QB,QB,0,0,0,0,0,0,0,0,0,0,0,0,0,0,0,0,0,0,South Carolina,CO
1990Odell Haggins,HaggOd20,1990,9,248,SFO,Odell Haggins,No,NT,DT,23,0,0,5,0,0,0,0,0,0,0,0,0,0,0,0,0,0,Florida St.,CA
1990Pat Newman,NewmPa00,1990,10,249,MIN,Pat Newman,No,WR,WR,22,0,0,34,0,0,0,0,0,0,0,0,14,175,1,0,0,0,Utah St.,MN
1990Donnie Salum,0,1990,10,250,ATL,Donnie Salum,No,LB,LB,0,0,0,0,0,0,0,0,0,0,0,0,0,0,0,0,0,0,Arizona,GA
1990Brad Quast,0,1990,10,251,NYJ,Brad Quast,No,LB,LB,0,0,0,0,0,0,0,0,0,0,0,0,0,0,0,0,0,0,Iowa,NY
1990Dave Elle,0,1990,10,252,PHO,Dave Elle,No,TE,TE,0,0,0,0,0,0,0,0,0,0,0,0,0,0,0,0,0,0,South Dakota,AZ
1990Anthony Landry,0,1990,10,253,NWE,Anthony Landry,No,RB,RB,0,0,0,0,0,0,0,0,0,0,0,0,0,0,0,0,0,0,S.F. Austin,MA
1990Mike Busch,0,1990,10,254,TAM,Mike Busch,No,TE,TE,0,0,0,0,0,0,0,0,0,0,0,0,0,0,0,0,0,0,Iowa St.,FL
1990Terry Price,PricTe20,1990,10,255,CHI,Terry Price,No,DE,DE,22,0,0,2,0,0,0,0,0,0,0,0,0,0,0,0,0,0,Texas A&M,IL
1990Kenny Berry,0,1990,10,256,SDG,Kenny Berry,No,DB,DB,0,0,0,0,0,0,0,0,0,0,0,0,0,0,0,0,0,0,Miami (FL),CA
1990Robert Morris,0,1990,10,257,SEA,Robert Morris,No,DE,DE,0,0,0,0,0,0,0,0,0,0,0,0,0,0,0,0,0,0,Valdosta St.,WA
1990Bill Miller,0,1990,10,258,DET,Bill Miller,No,WR,WR,0,0,0,0,0,0,0,0,0,0,0,0,0,0,0,0,0,0,Illinois St.,MI
1990Jim Szymanski,SzymJi20,1990,10,259,DEN,Jim Szymanski,No,DE,DE,23,0,0,7,0,0,0,0,0,0,0,0,0,0,0,0,0,0,Michigan St.,CO
1990Gary Cooper,0,1990,10,260,NOR,Gary Cooper,No,WR,WR,0,0,0,0,0,0,0,0,0,0,0,0,0,0,0,0,0,0,Clemson,LA
1990Eric Crigler,0,1990,10,261,CIN,Eric Crigler,No,T,T,0,0,0,0,0,0,0,0,0,0,0,0,0,0,0,0,0,0,Murray St.,OH
1990D'Juan Francisco,0,1990,10,262,WAS,D'Juan Francisco,No,DB,DB,0,0,0,0,0,0,0,0,0,0,0,0,0,0,0,0,0,0,Notre Dame,DC
1990Craig Hudson,0,1990,10,263,KAN,Craig Hudson,No,TE,TE,0,0,0,0,0,0,0,0,0,0,0,0,0,0,0,0,0,0,Wisconsin,MO
1990Dee Thomas,ThomDe20,1990,10,264,HOU,Dee Thomas,No,DB,DB,22,0,0,6,0,0,0,0,0,0,0,0,0,0,0,0,0,0,Nicholls St.,TX
1990Mike Lodish,LodiMi20,1990,10,265,BUF,Mike Lodish,No,NT,DT,23,0,0,166,0,0,0,0,0,0,0,0,0,0,0,8.5,0,0,UCLA,NY
1990Eddie Miles,MileEd20,1990,10,266,PIT,Eddie Miles,No,LB,LB,22,0,0,1,0,0,0,0,0,0,0,0,0,0,0,0,0,0,Minnesota,PA
1990Ernest Spears,SpeaEr20,1990,10,267,NOR,Ernest Spears,No,DB,DB,22,0,0,16,0,0,0,0,0,0,0,0,0,0,0,0,0,0,USC,LA
1990Michael Wallace,0,1990,10,268,CLE,Michael Wallace,No,DB,DB,0,0,0,0,0,0,0,0,0,0,0,0,0,0,0,0,0,0,Jackson St.,OH
1990Jerome Martin,0,1990,10,269,GNB,Jerome Martin,No,DB,DB,0,0,0,0,0,0,0,0,0,0,0,0,0,0,0,0,0,0,West. Kentucky,WI
1990Thomas Rayam,RayaTh20,1990,10,270,WAS,Thomas Rayam,No,G,G,22,0,0,20,0,0,0,0,0,0,0,0,0,0,0,0,0,0,Alabama,DC
1990Donald Smith,SmitDo23,1990,10,271,MIN,Donald Smith,No,DB,DB,22,0,0,3,0,0,0,0,0,0,0,0,0,0,0,0,0,0,Liberty,MN
1990Steve Bates,0,1990,10,272,RAM,Steve Bates,No,DE,DE,0,0,0,0,0,0,0,0,0,0,0,0,0,0,0,0,0,0,James Madison,CA
1990Orlando Adams,0,1990,10,273,PHI,Orlando Adams,No,DT,DT,0,0,0,0,0,0,0,0,0,0,0,0,0,0,0,0,0,0,Jacksonville St.,PA
1990Otis Moore,0,1990,10,274,NYG,Otis Moore,No,DT,DT,0,0,0,0,0,0,0,0,0,0,0,0,0,0,0,0,0,0,Clemson,NY
1990Anthony Thompson,ThomAn21,1990,10,275,DEN,Anthony Thompson,No,LB,LB,23,0,0,10,0,0,0,0,0,0,0,0,0,0,0,0,0,0,East Carolina,CO
1990Martin Harrison,HarrMa23,1990,10,276,SFO,Martin Harrison,No,DE,DE,23,0,0,81,0,0,0,0,0,0,0,0,0,0,0,21,1,0,Washington,CA
1990Dave Harper,HarpDa20,1990,11,277,DAL,Dave Harper,No,LB,LB,24,0,0,6,0,0,0,0,0,0,0,0,0,0,0,0,0,0,Humboldt St.,TX
1990Chris Ellison,0,1990,11,278,ATL,Chris Ellison,No,DB,DB,0,0,0,0,0,0,0,0,0,0,0,0,0,0,0,0,0,0,Houston,GA
1990Derrick Kelson,0,1990,11,279,NYJ,Derrick Kelson,No,DB,DB,0,0,0,0,0,0,0,0,0,0,0,0,0,0,0,0,0,0,Purdue,NY
1990Sean Smith,SmitSe21,1990,11,280,NWE,Sean Smith,No,DE,DE,23,0,0,17,0,0,0,0,0,0,0,0,0,0,0,1.5,0,0,Georgia Tech,MA
1990Terry Anthony,AnthTe21,1990,11,281,TAM,Terry Anthony,No,WR,WR,22,0,0,10,0,0,0,0,0,0,0,0,4,51,0,0,0,0,Florida St.,FL
1990Dempsey Norman,0,1990,11,282,PHO,Dempsey Norman,No,WR,WR,0,0,0,0,0,0,0,0,0,0,0,0,0,0,0,0,0,0,St. Francis (IL),AZ
1990Tommie Stowers,StowTo20,1990,11,283,SDG,Tommie Stowers,No,TE,TE,23,0,0,17,0,0,0,0,0,0,0,0,4,23,0,0,0,0,Missouri,CA
1990Brent White,0,1990,11,284,CHI,Brent White,No,DE,DE,0,0,0,0,0,0,0,0,0,0,0,0,0,0,0,0,0,0,Michigan,IL
1990Reginald Warnsley,0,1990,11,285,DET,Reginald Warnsley,No,RB,RB,0,0,0,0,0,0,0,0,0,0,0,0,0,0,0,0,0,0,Southern Miss,MI
1990Daryl Reed,0,1990,11,286,SEA,Daryl Reed,No,DB,DB,0,0,0,0,0,0,0,0,0,0,0,0,0,0,0,0,0,0,Oregon,WA
1990Webbie Burnett,0,1990,11,287,NOR,Webbie Burnett,No,DT,DT,0,0,0,0,0,0,0,0,0,0,0,0,0,0,0,0,0,0,West. Kentucky,LA
1990Tim O'Connor,0,1990,11,288,CIN,Tim O'Connor,No,T,T,0,0,0,0,0,0,0,0,0,0,0,0,0,0,0,0,0,0,Virginia,OH
1990Anthony Shelton,ShelAn20,1990,11,289,SFO,Anthony Shelton,No,DB,DB,23,0,0,25,0,0,0,0,0,0,0,0,0,0,0,1,1,0,Tennessee St.,CA
1990Carnel Smith,0,1990,11,290,IND,Carnel Smith,No,DE,DE,0,0,0,0,0,0,0,0,0,0,0,0,0,0,0,0,0,0,Pittsburgh,IN
1990Ernest Thompson,0,1990,11,291,KAN,Ernest Thompson,No,RB,RB,0,0,0,0,0,0,0,0,0,0,0,0,0,0,0,0,0,0,Georgia Southern,MO
1990Al Edwards,EdwaAl00,1990,11,292,BUF,Al Edwards,No,WR,WR,23,0,0,37,0,0,0,0,0,2,25,0,26,264,1,0,0,0,NW State (LA),NY
1990Justin Strzelczyk,StrzJu20,1990,11,293,PIT,Justin Strzelczyk,No,T,T,22,0,0,133,0,0,0,0,0,0,0,0,0,0,0,0,0,0,Maine,PA
1990John Hudson,HudsJo20,1990,11,294,PHI,John Hudson,No,G,G,22,0,0,139,0,0,0,0,0,0,0,0,0,0,0,0,0,0,Auburn,PA
1990Joey Banes,BaneJo20,1990,11,295,HOU,Joey Banes,No,T,T,23,0,0,1,0,0,0,0,0,0,0,0,0,0,0,0,0,0,Houston,TX
1990Clemente Gordon,0,1990,11,296,CLE,Clemente Gordon,No,QB,QB,0,0,0,0,0,0,0,0,0,0,0,0,0,0,0,0,0,0,Grambling St.,OH
1990Jon Leverenz,0,1990,11,297,WAS,Jon Leverenz,No,LB,LB,0,0,0,0,0,0,0,0,0,0,0,0,0,0,0,0,0,0,Minnesota,DC
1990Roman Matusz,0,1990,11,298,CHI,Roman Matusz,No,T,T,0,0,0,0,0,0,0,0,0,0,0,0,0,0,0,0,0,0,Pittsburgh,IL
1990Harry Jackson,0,1990,11,299,GNB,Harry Jackson,No,RB,RB,0,0,0,0,0,0,0,0,0,0,0,0,0,0,0,0,0,0,St. Cloud St.,WI
1990Tyrone Watson,0,1990,11,300,PHI,Tyrone Watson,No,WR,WR,0,0,0,0,0,0,0,0,0,0,0,0,0,0,0,0,0,0,Tennessee St.,PA
1990Bill Goldberg,GoldBi20,1990,11,301,RAM,Bill Goldberg,No,NT,DT,23,0,0,14,0,0,0,0,0,0,0,0,0,0,0,0,0,0,Georgia,CA
1990Tim Downing,0,1990,11,302,NYG,Tim Downing,No,DE,DE,0,0,0,0,0,0,0,0,0,0,0,0,0,0,0,0,0,0,Washington St.,NY
1990Ron Lewis,0,1990,11,303,RAI,Ron Lewis,No,WR,WR,0,0,0,0,0,0,0,0,0,0,0,0,0,0,0,0,0,0,Jackson St.,CA
1990Myron Jones,0,1990,11,304,RAI,Myron Jones,No,DB,DB,0,0,0,0,0,0,0,0,0,0,0,0,0,0,0,0,0,0,Fresno St.,CA
1990Shawn McCarthy,McCaSh20,1990,12,305,ATL,Shawn McCarthy,No,P,P,22,0,0,29,1,1,11,0,0,3,-10,0,0,0,0,0,0,0,Purdue,GA
1990Darrell Davis,DaviDa20,1990,12,306,NYJ,Darrell Davis,No,DE,DE,24,0,0,28,0,0,0,0,0,0,0,0,0,0,0,6,0,0,TCU,NY
1990Todd Hammel,0,1990,12,307,TAM,Todd Hammel,No,QB,QB,0,0,0,0,0,0,0,0,0,0,0,0,0,0,0,0,0,0,S.F. Austin,FL
1990Donnie Riley,0,1990,12,308,PHO,Donnie Riley,No,RB,RB,0,0,0,0,0,0,0,0,0,0,0,0,0,0,0,0,0,0,Central Michigan,AZ
1990Ventson Donelson,0,1990,12,309,NWE,Ventson Donelson,No,DB,DB,0,0,0,0,0,0,0,0,0,0,0,0,0,0,0,0,0,0,Michigan St.,MA
1990Anthony Cooney,0,1990,12,310,CHI,Anthony Cooney,No,DB,DB,0,0,0,0,0,0,0,0,0,0,0,0,0,0,0,0,0,0,Arkansas,IL
1990Gene Benhart,0,1990,12,311,IND,Gene Benhart,No,QB,QB,0,0,0,0,0,0,0,0,0,0,0,0,0,0,0,0,0,0,West. Illinois,IN
1990John Gromos,0,1990,12,312,SEA,John Gromos,No,QB,QB,0,0,0,0,0,0,0,0,0,0,0,0,0,0,0,0,0,0,Vanderbilt,WA
1990Robert Claiborne,ClaiRo20,1990,12,313,DET,Robert Claiborne,No,WR,WR,23,0,0,14,0,0,0,0,0,0,0,0,6,76,0,0,0,0,San Diego St.,MI
1990Andre Riley,0,1990,12,314,CIN,Andre Riley,No,WR,WR,0,0,0,0,0,0,0,0,0,0,0,0,0,0,0,0,0,0,Washington,OH
1990Bobby Harden,HardBo20,1990,12,315,MIA,Bobby Harden,No,DB,DB,23,0,0,29,0,0,0,0,0,0,0,0,0,0,0,2,1,0,Miami (FL),FL
1990Dean Brown,0,1990,12,316,IND,Dean Brown,No,G,G,0,0,0,0,0,0,0,0,0,0,0,0,0,0,0,0,0,0,Notre Dame,IN
1990Major Harris,0,1990,12,317,RAI,Major Harris,No,QB,QB,0,0,0,0,0,0,0,0,0,0,0,0,0,0,0,0,0,0,West Virginia,CA
1990Tony Jeffery,0,1990,12,318,KAN,Tony Jeffery,No,WR,WR,0,0,0,0,0,0,0,0,0,0,0,0,0,0,0,0,0,0,San Jose St.,MO
1990Richard Bell,BellRi00,1990,12,319,PIT,Richard Bell,No,RB,RB,23,0,0,16,0,0,0,0,0,5,18,0,12,137,1,0,0,0,Nebraska,PA
1990Chris Port,PortCh20,1990,12,320,NOR,Chris Port,No,G,G,22,0,0,69,0,0,0,0,0,0,0,0,0,0,0,0,0,0,Duke,LA
1990Reggie Slack,0,1990,12,321,HOU,Reggie Slack,No,QB,QB,0,0,0,0,0,0,0,0,0,0,0,0,0,0,0,0,0,0,Auburn,TX
1990Blaine Rose,0,1990,12,322,NWE,Blaine Rose,No,G,G,0,0,0,0,0,0,0,0,0,0,0,0,0,0,0,0,0,0,Maryland,MA
1990Kerry Simien,0,1990,12,323,CLE,Kerry Simien,No,WR,WR,0,0,0,0,0,0,0,0,0,0,0,0,0,0,0,0,0,0,Texas A&M-Kingsville,OH
1990Ron Goetz,0,1990,12,324,MIN,Ron Goetz,No,LB,LB,0,0,0,0,0,0,0,0,0,0,0,0,0,0,0,0,0,0,Minnesota,MN
1990Kirk Maggio,0,1990,12,325,GNB,Kirk Maggio,No,P,P,0,0,0,0,0,0,0,0,0,0,0,0,0,0,0,0,0,0,UCLA,WI
1990Elliott Searcy,0,1990,12,326,SDG,Elliott Searcy,No,WR,WR,0,0,0,0,0,0,0,0,0,0,0,0,0,0,0,0,0,0,Southern,CA
1990Judd Garrett,0,1990,12,327,PHI,Judd Garrett,No,RB,RB,0,0,0,0,0,0,0,0,0,0,0,0,0,0,0,0,0,0,Princeton,PA
1990David Lang,LangDa00,1990,12,328,RAM,David Lang,No,RB,RB,22,0,0,67,0,0,0,0,0,49,273,5,30,388,1,0,0,0,Northern Arizona,CA
1990Matt Stover,stovemat01,1990,12,329,NYG,Matt Stover,No,K,K,22,1,1,297,0,1,0,0,1,0,0,0,0,0,0,0,0,0,Louisiana Tech,NY
1990Ken McMichel,0,1990,12,330,PHO,Ken McMichel,No,DB,DB,0,0,0,0,0,0,0,0,0,0,0,0,0,0,0,0,0,0,Oklahoma,AZ
1990Demetrius Davis,0,1990,12,331,RAI,Demetrius Davis,No,TE,TE,0,0,0,0,0,0,0,0,0,0,0,0,0,0,0,0,0,0,Nevada,CA
1989Troy Aikman,AikmTr00,1989,1,1,DAL,Troy Aikman,No,QB,QB,22,0,6,165,2898,4715,32942,165,141,327,1016,9,2,-19,0,0,0,0,UCLA,TX
1989Tony Mandarich,MandTo20,1989,1,2,GNB,Tony Mandarich,No,T,T,23,0,0,86,0,0,0,0,0,0,0,0,0,0,0,0,0,0,Michigan St.,WI
1989Barry Sanders,SandBa00,1989,1,3,DET,Barry Sanders,No,RB,RB,21,6,10,153,1,4,11,0,1,3062,15269,99,352,2921,10,0,0,0,Oklahoma St.,MI
1989Derrick Thomas,ThomDe01,1989,1,4,KAN,Derrick Thomas,No,LB,LB,22,2,9,169,0,0,0,0,0,0,0,0,0,0,0,126.5,1,0,Alabama,MO
1989Deion Sanders,SandDe00,1989,1,5,ATL,Deion Sanders,No,DB,DB,22,6,8,188,0,2,0,0,0,9,-14,0,60,784,3,53,1,0,Florida St.,GA
1989Broderick Thomas,ThomBr20,1989,1,6,TAM,Broderick Thomas,No,LB,LB,22,0,0,144,0,0,0,0,0,0,0,0,0,0,0,47.5,2,0,Nebraska,FL
1989Tim Worley,WorlTi00,1989,1,7,PIT,Tim Worley,No,RB,RB,23,0,0,48,0,0,0,0,0,455,1792,8,35,253,0,0,0,0,Georgia,PA
1989Burt Grossman,GrosBu20,1989,1,8,SDG,Burt Grossman,No,DE,DE,22,0,0,86,0,0,0,0,0,0,0,0,0,0,0,43.5,0,0,Pittsburgh,CA
1989Sammie Smith,SmitSa00,1989,1,9,MIA,Sammie Smith,No,RB,RB,22,0,0,44,0,0,0,0,0,532,1881,15,32,310,1,0,0,0,Florida St.,FL
1989Eric Hill,HillEr20,1989,1,10,PHO,Eric Hill,No,LB,LB,22,0,0,160,0,0,0,0,0,0,0,0,0,0,0,9,1,0,LSU,AZ
1989Donnell Woolford,WoolDo00,1989,1,11,CHI,Donnell Woolford,No,DB,DB,23,0,1,126,0,0,0,0,0,0,0,0,0,0,0,36,3,0,Clemson,IL
1989Trace Armstrong,ArmsTr00,1989,1,12,CHI,Trace Armstrong,No,DE,DE,23,0,1,211,0,0,0,0,0,0,0,0,0,0,0,106,1,0,Florida,IL
1989Eric Metcalf,MetcEr00,1989,1,13,CLE,Eric Metcalf,No,RB,RB,21,2,3,179,1,5,32,1,0,630,2392,12,541,5572,31,0,0,0,Texas,OH
1989Jeff Lageman,LageJe20,1989,1,14,NYJ,Jeff Lageman,No,DE,DE,22,0,0,122,0,0,0,0,0,1,-5,0,0,0,0,47,1,0,Virginia,NY
1989Andy Heck,HeckAn20,1989,1,15,SEA,Andy Heck,No,T,T,22,0,0,185,0,0,0,0,0,0,0,0,0,0,0,0,0,0,Notre Dame,WA
1989Hart Lee Dykes,DykeHa00,1989,1,16,NWE,Hart Lee Dykes,No,WR,WR,23,0,0,26,0,0,0,0,0,0,0,0,83,1344,7,0,0,0,Oklahoma St.,MA
1989Joe Wolf,WolfJo20,1989,1,17,PHO,Joe Wolf,No,T,T,22,0,0,94,0,0,0,0,0,0,0,0,0,0,0,0,0,0,Boston Col.,AZ
1989Brian Williams,WillBr25,1989,1,18,NYG,Brian Williams,No,C,C,23,0,0,129,0,0,0,0,0,0,0,0,0,0,0,0,0,0,Minnesota,NY
1989Wayne Martin,MartWa00,1989,1,19,NOR,Wayne Martin,No,DE,DE,23,0,1,171,0,0,0,0,0,0,0,0,0,0,0,82.5,1,0,Arkansas,LA
1989Steve Atwater,AtwaSt00,1989,1,20,DEN,Steve Atwater,No,DB,DB,22,2,8,167,0,0,0,0,0,0,0,0,0,0,0,24,5,0,Arkansas,CO
1989Bill Hawkins,HawkBi20,1989,1,21,RAM,Bill Hawkins,No,DE,DE,23,0,0,42,0,0,0,0,0,0,0,0,0,0,0,5,0,0,Miami (FL),CA
1989Andre Rison,RisoAn00,1989,1,22,IND,Andre Rison,No,WR,WR,22,1,5,186,0,0,0,0,0,9,23,0,743,10205,84,0,0,0,Michigan St.,IN
1989David Williams,WillDa23,1989,1,23,HOU,David Williams,No,T,T,23,0,0,128,0,0,0,0,0,0,0,0,0,0,0,0,0,0,Florida,TX
1989Tom Ricketts,RickTo20,1989,1,24,PIT,Tom Ricketts,No,G,G,23,0,0,53,0,0,0,0,0,0,0,0,0,0,0,0,0,0,Pittsburgh,PA
1989Louis Oliver,OlivLo20,1989,1,25,MIA,Louis Oliver,No,DB,DB,23,0,0,117,0,0,0,0,0,0,0,0,0,0,0,27,2,0,Florida,FL
1989Cleveland Gary,GaryCl00,1989,1,26,RAM,Cleveland Gary,No,RB,RB,23,0,0,68,1,1,8,0,0,674,2645,24,135,874,5,0,0,0,Miami (FL),CA
1989Shawn Collins,CollSh00,1989,1,27,ATL,Shawn Collins,No,WR,WR,22,0,0,49,0,0,0,0,0,0,0,0,98,1433,5,0,0,0,Northern Arizona,GA
1989Keith DeLong,DeLoKe20,1989,1,28,SFO,Keith DeLong,No,LB,LB,22,0,0,64,0,0,0,0,0,0,0,0,0,0,0,2,1,0,Tennessee,CA
1989Steve Wisniewski,WisnSt00,1989,2,29,DAL,Steve Wisniewski,No,G,G,22,2,8,206,0,0,0,0,0,0,0,0,0,0,0,0,0,0,Penn St.,TX
1989John Ford,FordJo20,1989,2,30,DET,John Ford,No,WR,WR,23,0,0,7,0,0,0,0,0,0,0,0,5,56,0,0,0,0,Virginia,MI
1989Lawyer Tillman,TillLa00,1989,2,31,CLE,Lawyer Tillman,No,WR,WR,23,0,0,37,0,0,0,0,0,2,15,0,38,658,3,0,0,0,Auburn,OH
1989Mike Elkins,ElkiMi00,1989,2,32,KAN,Mike Elkins,No,QB,QB,23,0,0,1,1,2,5,0,1,0,0,0,0,0,0,0,0,0,Wake Forest,MO
1989Danny Peebles,PeebDa00,1989,2,33,TAM,Danny Peebles,No,WR,WR,23,0,0,30,0,0,0,0,0,2,-6,0,17,230,1,0,0,0,North Carolina St.,FL
1989Carnell Lake,LakeCa00,1989,2,34,PIT,Carnell Lake,No,DB,DB,22,1,5,185,0,0,0,0,0,0,0,0,0,0,0,25,16,0,UCLA,PA
1989Eric Ball,BallEr00,1989,2,35,CIN,Eric Ball,No,RB,RB,23,0,0,97,0,0,0,0,0,158,586,8,22,216,3,0,0,0,UCLA,OH
1989John Roper,RopeJo20,1989,2,36,CHI,John Roper,No,LB,LB,23,0,0,68,0,0,0,0,0,0,0,0,0,0,0,18,2,0,Texas A&M,IL
1989Courtney Hall,HallCo22,1989,2,37,SDG,Courtney Hall,No,C,C,21,0,0,118,0,0,0,0,0,0,0,0,0,0,0,0,0,0,Rice,CA
1989Ralph Norwood,NorwRa20,1989,2,38,ATL,Ralph Norwood,No,T,T,23,0,0,11,0,0,0,0,0,0,0,0,0,0,0,0,0,0,LSU,GA
1989Daryl Johnston,JohnDa00,1989,2,39,DAL,Daryl Johnston,No,RB,RB,23,0,2,151,0,0,0,0,0,232,753,8,294,2227,14,0,0,0,Syracuse,TX
1989Walter Reeves,ReevWa00,1989,2,40,PHO,Walter Reeves,No,TE,TE,23,0,0,98,0,0,0,0,0,0,0,0,55,347,3,0,0,0,Auburn,AZ
1989Doug Widell,WideDo20,1989,2,41,DEN,Doug Widell,No,G,G,23,0,0,139,0,0,0,0,0,0,0,0,1,-7,0,0,0,0,Boston Col.,CO
1989Dennis Byrd,ByrdDe21,1989,2,42,NYJ,Dennis Byrd,No,DT,DT,22,0,0,57,0,0,0,0,0,0,0,0,0,0,0,28,0,0,Tulsa,NY
1989Eric Coleman,ColeEr20,1989,2,43,NWE,Eric Coleman,No,DB,DB,22,0,0,15,0,0,0,0,0,0,0,0,0,0,0,1,0,0,Wyoming,MA
1989Joe Tofflemire,ToffJo20,1989,2,44,SEA,Joe Tofflemire,No,C,C,24,0,0,33,0,0,0,0,0,0,0,0,0,0,0,0,0,0,Arizona,WA
1989Frank Stams,StamFr20,1989,2,45,RAM,Frank Stams,No,LB,LB,24,0,0,82,0,0,0,0,0,0,0,0,0,0,0,2,2,0,Notre Dame,CA
1989Robert Massey,MassRo00,1989,2,46,NOR,Robert Massey,No,DB,DB,22,0,1,133,0,0,0,0,0,0,0,0,0,0,0,14,0,0,North Carolina Central,LA
1989Warren Powers,PoweWa21,1989,2,47,DEN,Warren Powers,No,DE,DE,24,0,0,51,0,0,0,0,0,0,0,0,0,0,0,9,0,0,Maryland,CO
1989Brian Smith,SmitBr23,1989,2,48,RAM,Brian Smith,No,LB,LB,23,0,0,19,0,0,0,0,0,0,0,0,0,0,0,3,0,0,Auburn,CA
1989Jessie Small,SmalJe20,1989,2,49,PHI,Jessie Small,No,LB,LB,22,0,0,53,0,0,0,0,0,0,0,0,0,0,0,3.5,0,0,East. Kentucky,PA
1989Scott Kozak,KozaSc20,1989,2,50,HOU,Scott Kozak,No,LB,LB,23,0,0,80,0,0,0,0,0,0,0,0,0,0,0,0.5,0,0,Oregon,TX
1989Billy Joe Tolliver,TollBi00,1989,2,51,SDG,Billy Joe Tolliver,No,QB,QB,23,0,0,79,891,1707,10760,59,64,99,320,5,0,0,0,0,0,0,Texas Tech,CA
1989David Braxton,BraxDa20,1989,2,52,MIN,David Braxton,No,LB,LB,24,0,0,71,0,0,0,0,0,0,0,0,0,0,0,1,0,0,Wake Forest,MN
1989Darryl Henley,HenlDa20,1989,2,53,RAM,Darryl Henley,No,DB,DB,22,0,0,76,0,0,0,0,0,0,0,0,0,0,0,12,0,0,UCLA,CA
1989Dave Zawatson,ZawaDa20,1989,2,54,CHI,Dave Zawatson,No,G,G,23,0,0,22,0,0,0,0,0,0,0,0,0,0,0,0,0,0,California,IL
1989Freddie Childress,ChilFr20,1989,2,55,CIN,Freddie Childress,No,G,G,23,0,0,31,0,0,0,0,0,0,0,0,0,0,0,0,0,0,Arkansas,OH
1989Wesley Walls,WallWe00,1989,2,56,SFO,Wesley Walls,No,TE,TE,23,0,5,196,0,0,0,0,0,0,0,0,450,5291,54,0,0,0,Mississippi,CA
1989Mark Stepnoski,StepMa00,1989,3,57,DAL,Mark Stepnoski,No,C,C,22,0,5,194,0,0,0,0,0,1,0,0,0,0,0,0,0,0,Pittsburgh,TX
1989Matt Brock,BrocMa20,1989,3,58,GNB,Matt Brock,No,DE,DE,23,0,0,108,0,0,0,0,0,0,0,0,0,0,0,19.5,2,0,Oregon,WI
1989Mike Utley,UtleMi20,1989,3,59,DET,Mike Utley,No,G,G,23,0,0,32,0,0,0,0,0,0,0,0,0,0,0,0,0,0,Washington St.,MI
1989Naz Worthen,WortNa20,1989,3,60,KAN,Naz Worthen,No,WR,WR,23,0,0,19,0,0,0,0,0,0,0,0,5,69,0,0,0,0,North Carolina St.,MO
1989Derek Hill,HillDe00,1989,3,61,PIT,Derek Hill,No,WR,WR,21,0,0,32,0,0,0,0,0,0,0,0,53,846,1,0,0,0,Arizona,PA
1989Keith Jones,JoneKe01,1989,3,62,ATL,Keith Jones,No,RB,RB,23,0,0,50,1,3,37,0,0,215,791,6,72,651,0,0,0,0,Illinois,GA
1989Marv Cook,CookMa00,1989,3,63,NWE,Marv Cook,No,TE,TE,23,1,2,112,0,0,0,0,0,0,0,0,257,2190,13,0,0,0,Iowa,MA
1989Bob Kratch,KratBo20,1989,3,64,NYG,Bob Kratch,No,G,G,23,0,0,105,0,0,0,0,0,0,0,0,0,0,0,0,0,0,Iowa,NY
1989Jerry Fontenot,FontJe20,1989,3,65,CHI,Jerry Fontenot,No,C,C,22,0,0,239,0,0,0,0,0,0,0,0,0,0,0,0,0,0,Texas A&M,IL
1989Tracy Rocker,RockTr20,1989,3,66,WAS,Tracy Rocker,No,DT,DT,23,0,0,24,0,0,0,0,0,0,0,0,0,0,0,3,0,0,Auburn,DC
1989Mike Zandofsky,ZandMi20,1989,3,67,PHO,Mike Zandofsky,No,G,G,23,0,0,116,0,0,0,0,0,0,0,0,0,0,0,0,0,0,Washington,AZ
1989Rhondy Weston,WestRh20,1989,3,68,DAL,Rhondy Weston,No,DE,DE,23,0,0,12,0,0,0,0,0,0,0,0,0,0,0,2,0,0,Florida,TX
1989Darrell Hamilton,HamiDa20,1989,3,69,DEN,Darrell Hamilton,No,T,T,24,0,0,21,0,0,0,0,0,0,0,0,0,0,0,0,0,0,North Carolina,CO
1989Joe Mott,MottJo20,1989,3,70,NYJ,Joe Mott,No,LB,LB,23,0,0,34,0,0,0,0,0,0,0,0,0,0,0,0,0,0,Iowa,NY
1989Elroy Harris,HarrEl21,1989,3,71,SEA,Elroy Harris,No,RB,RB,23,0,0,14,0,0,0,0,0,8,23,0,3,26,0,0,0,0,East. Kentucky,WA
1989Mitchell Benson,BensMi20,1989,3,72,IND,Mitchell Benson,No,NT,DT,22,0,0,41,0,0,0,0,0,0,0,0,0,0,0,1,0,0,TCU,IN
1989Chris Gannon,GannCh20,1989,3,73,NWE,Chris Gannon,No,DE,DE,23,0,0,40,0,0,0,0,0,1,0,0,0,0,0,0.5,0,0,La-Lafayette,MA
1989Anthony Dilweg,DilwAn00,1989,3,74,GNB,Anthony Dilweg,No,QB,QB,24,0,0,10,102,193,1274,8,7,21,114,0,0,0,0,0,0,0,Duke,WI
1989Kevin Robbins,RobbKe20,1989,3,75,RAM,Kevin Robbins,No,T,T,22,0,0,8,0,0,0,0,0,0,0,0,0,0,0,0,0,0,Michigan St.,CA
1989Robert Drummond,DrumRo00,1989,3,76,PHI,Robert Drummond,No,RB,RB,22,0,0,36,0,0,0,0,0,52,187,3,22,219,1,0,0,0,Syracuse,PA
1989Bubba McDowell,McDoBu20,1989,3,77,HOU,Bubba McDowell,No,DB,DB,22,0,0,102,0,0,0,0,0,0,0,0,0,0,0,17,5,0,Miami (FL),TX
1989Greg Jackson,JackGr21,1989,3,78,NYG,Greg Jackson,No,DB,DB,23,0,0,168,0,0,0,0,0,0,0,0,0,0,0,32,4,0,LSU,NY
1989Kim Phillips,PhilKi20,1989,3,79,NOR,Kim Phillips,No,DB,DB,22,0,0,6,0,0,0,0,0,0,0,0,0,0,0,0,0,0,North Texas,LA
1989John Hunter,HuntJo21,1989,3,80,MIN,John Hunter,No,T,T,24,0,0,26,0,0,0,0,0,0,0,0,0,0,0,0,0,0,BYU,MN
1989Britt Hager,HageBr20,1989,3,81,PHI,Britt Hager,No,LB,LB,23,0,0,121,0,0,0,0,0,0,0,0,0,0,0,3,2,0,Texas,PA
1989Don Beebe,BeebDo00,1989,3,82,BUF,Don Beebe,No,WR,WR,24,0,0,116,0,0,0,0,0,4,28,0,219,3416,23,0,0,0,Chadron St.,NY
1989Erik Wilhelm,WilhEr00,1989,3,83,CIN,Erik Wilhelm,No,QB,QB,23,0,0,22,77,136,912,5,6,19,69,0,0,0,0,0,0,0,Oregon St.,OH
1989Keith Henderson,HendKe00,1989,3,84,SFO,Keith Henderson,No,RB,RB,23,0,0,37,1,1,36,1,0,194,755,4,42,532,0,0,0,0,Georgia,CA
1989Tony Tolbert,TolbTo00,1989,4,85,DAL,Tony Tolbert,No,DE,DE,21,0,1,144,0,0,0,0,0,0,0,0,0,0,0,59,1,0,Texas-El Paso,TX
1989Ray Crockett,CrocRa20,1989,4,86,DET,Ray Crockett,No,DB,DB,22,0,0,214,0,0,0,0,0,0,0,0,0,0,0,36,15.5,0,Baylor,MI
1989Jeff Graham,0,1989,4,87,GNB,Jeff Graham,No,QB,QB,0,0,0,0,0,0,0,0,0,0,0,0,0,0,0,0,0,0,Long Beach St.,WI
1989Stan Petry,PetrSt21,1989,4,88,KAN,Stan Petry,No,DB,DB,23,0,0,36,0,0,0,0,0,0,0,0,0,0,0,4,0.5,0,TCU,MO
1989Kerry Owens,0,1989,4,89,CIN,Kerry Owens,No,LB,LB,0,0,0,0,0,0,0,0,0,0,0,0,0,0,0,0,0,0,Arkansas,OH
1989Anthony Florence,FlorAn20,1989,4,90,TAM,Anthony Florence,No,DB,DB,22,0,0,6,0,0,0,0,0,0,0,0,0,0,0,0.5,0,0,Bethune-Cookman,FL
1989Jerrol Williams,WillJe22,1989,4,91,PIT,Jerrol Williams,No,LB,LB,22,0,0,85,0,0,0,0,0,0,0,0,0,0,0,21,1,0,Purdue,PA
1989David Holmes,0,1989,4,92,MIA,David Holmes,No,DB,DB,0,0,0,0,0,0,0,0,0,0,0,0,0,0,0,0,0,0,Syracuse,FL
1989Lewis Tillman,TillLe00,1989,4,93,NYG,Lewis Tillman,No,RB,RB,23,0,0,109,0,0,0,0,0,659,2383,12,43,315,0,0,0,0,Jackson St.,NY
1989Jim Wahler,WahlJi20,1989,4,94,PHO,Jim Wahler,No,NT,DT,23,0,0,62,0,0,0,0,0,0,0,0,0,0,0,4.5,1,0,UCLA,AZ
1989Markus Paul,PaulMa20,1989,4,95,CHI,Markus Paul,No,DB,DB,23,0,0,71,0,0,0,0,0,0,0,0,0,0,0,7,0,0,Syracuse,IL
1989Maurice Hurst,HursMa20,1989,4,96,NWE,Maurice Hurst,No,DB,DB,22,0,0,105,0,0,0,0,0,0,0,0,0,0,0,27,3,0,Saginaw Valley St.,MA
1989Jake McCullough,McCuJa20,1989,4,97,DEN,Jake McCullough,No,DE,DE,24,0,0,16,0,0,0,0,0,0,0,0,0,0,0,0,0,0,Clemson,CO
1989Ron Stallworth,StalRo21,1989,4,98,NYJ,Ron Stallworth,No,DE,DE,23,0,0,32,0,0,0,0,0,0,0,0,0,0,0,3,0,0,Auburn,NY
1989Pat Tomberlin,TombPa20,1989,4,99,IND,Pat Tomberlin,No,G,G,23,0,0,18,0,0,0,0,0,0,0,0,0,0,0,0,0,0,Florida St.,IN
1989Michael Timpson,TimpMi00,1989,4,100,NWE,Michael Timpson,No,WR,WR,22,0,0,116,0,0,0,0,0,9,59,1,300,4047,12,0,0,0,Penn St.,MA
1989Travis McNeal,McNeTr00,1989,4,101,SEA,Travis McNeal,No,TE,TE,22,0,0,76,0,0,0,0,0,1,2,0,48,652,2,0,0,0,Tenn-Chattanooga,WA
1989Jeff Carlson,CarlJe00,1989,4,102,RAM,Jeff Carlson,No,QB,QB,23,0,0,7,49,114,636,2,9,17,57,0,0,0,0,0,0,0,Weber St.,CA
1989James Henry,0,1989,4,103,SEA,James Henry,No,DB,DB,0,0,0,0,0,0,0,0,0,0,0,0,0,0,0,0,0,0,Southern Miss,WA
1989Rod Harris,HarrRo21,1989,4,104,HOU,Rod Harris,No,WR,WR,22,0,0,38,0,0,0,0,0,0,0,0,2,28,0,0,0,0,Texas A&M,TX
1989Brad Henke,HenkBr20,1989,4,105,NYG,Brad Henke,No,DE,DE,23,0,0,2,0,0,0,0,0,0,0,0,0,0,0,0,0,0,Arizona,NY
1989Michael Mayes,MayeMi20,1989,4,106,NOR,Michael Mayes,No,DB,DB,23,0,0,27,0,0,0,0,0,0,0,0,0,0,0,1,1,0,LSU,LA
1989Andrew Stewart,StewAn20,1989,4,107,CLE,Andrew Stewart,No,DE,DE,23,0,0,16,0,0,0,0,0,0,0,0,0,0,0,3,0,0,Cincinnati,OH
1989Darryl Ingram,IngrDa00,1989,4,108,MIN,Darryl Ingram,No,TE,TE,23,0,0,36,0,0,0,0,0,0,0,0,5,47,1,0,0,0,California,MN
1989John Kolesar,0,1989,4,109,BUF,John Kolesar,No,WR,WR,0,0,0,0,0,0,0,0,0,0,0,0,0,0,0,0,0,0,Michigan,NY
1989Erik Affholter,AffhEr00,1989,4,110,WAS,Erik Affholter,No,WR,WR,23,0,0,4,0,0,0,0,0,0,0,0,7,68,0,0,0,0,USC,DC
1989Rob Woods,WoodRo20,1989,4,111,CIN,Rob Woods,No,T,T,23,0,0,2,0,0,0,0,0,0,0,0,0,0,0,0,0,0,Arizona,OH
1989Michael Barber,BarbMi00,1989,4,112,SFO,Michael Barber,No,WR,WR,22,0,0,41,0,0,0,0,0,1,-13,0,38,483,2,0,0,0,Marshall,CA
1989Keith Jennings,JennKe00,1989,5,113,DAL,Keith Jennings,No,TE,TE,23,0,0,92,0,0,0,0,0,0,0,0,107,1082,10,0,0,0,Clemson,TX
1989Kyle Kramer,KramKy20,1989,5,114,CLE,Kyle Kramer,No,DB,DB,22,0,0,14,0,0,0,0,0,0,0,0,0,0,0,1,0,0,Bowling Green,OH
1989Lawrence Pete,PeteLa20,1989,5,115,DET,Lawrence Pete,No,NT,DT,23,0,0,61,0,0,0,0,0,0,0,0,0,0,0,3.5,0,0,Nebraska,MI
1989Vernon Joines,JoinVe20,1989,5,116,CLE,Vernon Joines,No,WR,WR,24,0,0,20,0,0,0,0,0,0,0,0,6,86,0,0,0,0,Maryland,OH
1989Jamie Lawson,LawsJa20,1989,5,117,TAM,Jamie Lawson,No,RB,RB,23,0,0,12,0,0,0,0,0,0,0,0,0,0,0,0,0,0,Nicholls St.,FL
1989David Arnold,ArnoDa20,1989,5,118,PIT,David Arnold,No,DB,DB,22,0,0,15,0,0,0,0,0,0,0,0,0,0,0,0,0,0,Michigan,PA
1989Willis Crockett,CrocWi20,1989,5,119,DAL,Willis Crockett,No,LB,LB,23,0,0,13,0,0,0,0,0,0,0,0,0,0,0,0,0,0,Georgia Tech,TX
1989Elliot Smith,SmitEl20,1989,5,120,SDG,Elliot Smith,No,DB,DB,22,0,0,11,0,0,0,0,0,0,0,0,0,0,0,0,0,0,Alcorn St.,CA
1989Jeff Uhlenhake,UhleJe20,1989,5,121,MIA,Jeff Uhlenhake,No,C,C,23,0,0,119,0,0,0,0,0,0,0,0,0,0,0,0,0,0,Ohio St.,FL
1989Johnnie Jackson,JackJo23,1989,5,122,SFO,Johnnie Jackson,No,DB,DB,22,0,0,54,0,0,0,0,0,0,0,0,0,0,0,3,2,0,Houston,CA
1989Richard Tardits,TardRi20,1989,5,123,PHO,Richard Tardits,No,LB,LB,24,0,0,27,0,0,0,0,0,0,0,0,0,0,0,0,0,0,Georgia,AZ
1989Jeff Query,QuerJe00,1989,5,124,GNB,Jeff Query,No,WR,WR,22,0,0,86,0,0,0,0,0,6,53,0,141,1865,11,0,0,0,Millikin,WI
1989Jeff Roth,0,1989,5,125,DAL,Jeff Roth,No,DT,DT,0,0,0,0,0,0,0,0,0,0,0,0,0,0,0,0,0,0,Florida,TX
1989Tony Martin,MartTo00,1989,5,126,NYJ,Tony Martin,No,WR,WR,24,0,1,177,0,4,0,0,1,6,-3,0,593,9065,56,0,0,0,Mesa,NY
1989Vince Workman,WorkVi00,1989,5,127,GNB,Vince Workman,No,RB,RB,21,0,0,106,0,1,0,0,0,467,1737,13,179,1294,7,0,0,0,Ohio St.,WI
1989David Edeen,0,1989,5,128,PHO,David Edeen,No,DE,DE,0,0,0,0,0,0,0,0,0,0,0,0,0,0,0,0,0,0,Wyoming,AZ
1989Tim Smiley,0,1989,5,129,WAS,Tim Smiley,No,DB,DB,0,0,0,0,0,0,0,0,0,0,0,0,0,0,0,0,0,0,Arkansas St.,DC
1989Mark Green,GreeMa00,1989,5,130,CHI,Mark Green,No,RB,RB,22,0,0,53,0,0,0,0,0,116,496,6,22,213,1,0,0,0,Notre Dame,IL
1989Glenn Montgomery,MontGl20,1989,5,131,HOU,Glenn Montgomery,No,DT,DT,22,0,0,114,0,0,0,0,0,0,0,0,0,0,0,13.5,0,0,Houston,TX
1989Dave Meggett,MeggDa00,1989,5,132,NYG,Dave Meggett,No,RB,RB,23,0,2,146,4,8,114,4,0,398,1684,8,336,3038,11,0,0,0,Towson,NY
1989Kevin Haverdink,HaveKe20,1989,5,133,NOR,Kevin Haverdink,No,T,T,23,0,0,41,0,0,0,0,0,0,0,0,0,0,0,0,0,0,West. Michigan,LA
1989Darren Carrington,CarrDa20,1989,5,134,DEN,Darren Carrington,No,DB,DB,22,0,0,112,0,0,0,0,0,0,0,0,0,0,0,22,1,0,Northern Arizona,CO
1989Alfred Jackson,JackAl22,1989,5,135,RAM,Alfred Jackson,No,WR,WR,22,0,0,45,0,0,0,0,0,0,0,0,0,0,0,5,0,0,San Diego St.,CA
1989Greg Gilbert,0,1989,5,136,CHI,Greg Gilbert,No,LB,LB,0,0,0,0,0,0,0,0,0,0,0,0,0,0,0,0,0,0,Alabama,IL
1989Michael Andrews,0,1989,5,137,BUF,Michael Andrews,No,DB,DB,0,0,0,0,0,0,0,0,0,0,0,0,0,0,0,0,0,0,Alcorn St.,NY
1989Natu Tuatagaloa,TuatNa20,1989,5,138,CIN,Natu Tuatagaloa,No,DE,DE,23,0,0,76,0,0,0,0,0,0,0,0,0,0,0,15.5,1,0,California,OH
1989Lybrant Robinson,RobiLy20,1989,5,139,WAS,Lybrant Robinson,No,DE,DE,25,0,0,5,0,0,0,0,0,0,0,0,0,0,0,0,0,0,Delaware St.,DC
1989Jeff Francis,FranJe20,1989,6,140,RAI,Jeff Francis,No,QB,QB,23,0,0,1,2,2,26,0,0,0,0,0,0,0,0,0,0,0,Tennessee,CA
1989Rodney Peete,PeetRo00,1989,6,141,DET,Rodney Peete,No,QB,QB,23,0,0,104,1344,2346,16338,76,92,270,1139,16,0,0,0,0,0,0,USC,MI
1989Chris Jacke,jackechr01,1989,6,142,GNB,Chris Jacke,No,K,K,23,1,0,147,0,0,0,0,0,0,0,0,0,0,0,0,0,0,Texas-El Paso,WI
1989Robb Thomas,ThomRo01,1989,6,143,KAN,Robb Thomas,No,WR,WR,23,0,0,136,0,0,0,0,0,1,-1,0,174,2229,11,0,0,0,Oregon St.,MO
1989Mark Stock,StocMa20,1989,6,144,PIT,Mark Stock,No,WR,WR,23,0,0,25,0,0,0,0,0,0,0,0,6,98,0,0,0,0,VMI,PA
1989Troy Sadowski,SadoTr00,1989,6,145,ATL,Troy Sadowski,No,TE,TE,23,0,0,100,0,0,0,0,0,0,0,0,23,152,0,0,0,0,Georgia,GA
1989Chris Mohr,MohrCh20,1989,6,146,TAM,Chris Mohr,No,P,P,23,0,0,239,7,10,128,0,1,4,2,0,0,0,0,0,0,0,Alabama,FL
1989Wes Pritchett,PritWe20,1989,6,147,MIA,Wes Pritchett,No,LB,LB,23,0,0,3,0,0,0,0,0,0,0,0,0,0,0,0,0,0,Notre Dame,FL
1989Thom Kaumeyer,KaumTh20,1989,6,148,RAM,Thom Kaumeyer,No,DB,DB,22,0,0,8,0,0,0,0,0,0,0,0,0,0,0,0,0,0,Oregon,CA
1989A.J. Johnson,JohnA.20,1989,6,149,WAS,A.J. Johnson,No,DB,DB,22,0,0,71,0,0,0,0,0,0,0,0,0,0,0,9,1,0,Texas St.,DC
1989Jay Taylor,TaylJa20,1989,6,150,PHO,Jay Taylor,No,DB,DB,21,0,0,79,0,0,0,0,0,0,0,0,0,0,0,5,0,0,San Jose St.,AZ
1989Marvin Washington,WashMa21,1989,6,151,NYJ,Marvin Washington,No,DE,DE,23,0,0,155,0,0,0,0,0,0,0,0,0,0,0,40.5,1,0,Idaho,NY
1989Anthony Stafford,0,1989,6,152,DEN,Anthony Stafford,No,WR,WR,0,0,0,0,0,0,0,0,0,0,0,0,0,0,0,0,0,0,Oklahoma,CO
1989Titus Dixon,DixoTi20,1989,6,153,NYJ,Titus Dixon,No,WR,WR,23,0,0,4,0,0,0,0,0,0,0,0,0,0,0,0,0,0,Troy,NY
1989Derrick Little,0,1989,6,154,TAM,Derrick Little,No,LB,LB,0,0,0,0,0,0,0,0,0,0,0,0,0,0,0,0,0,0,South Carolina,FL
1989Quintus McDonald,McDoQu20,1989,6,155,IND,Quintus McDonald,No,LB,LB,22,0,0,40,0,0,0,0,0,0,0,0,0,0,0,2,0,0,Penn St.,IN
1989Doug Lloyd,LloyDo20,1989,6,156,RAI,Doug Lloyd,No,RB,RB,24,0,0,1,0,0,0,0,0,0,0,0,0,0,0,0,0,0,North Dakota St.,CA
1989Bo Orlando,OrlaBo20,1989,6,157,HOU,Bo Orlando,No,DB,DB,23,0,0,129,0,0,0,0,0,0,0,0,0,0,0,10,2,0,West Virginia,TX
1989Howard Cross,CrosHo00,1989,6,158,NYG,Howard Cross,No,TE,TE,22,0,0,207,0,0,0,0,0,0,0,0,201,2194,17,0,0,0,Alabama,NY
1989Floyd Turner,TurnFl00,1989,6,159,NOR,Floyd Turner,No,WR,WR,23,0,0,114,0,0,0,0,0,7,17,0,281,3805,31,0,0,0,NW State (LA),LA
1989Gary Wilkerson,0,1989,6,160,CLE,Gary Wilkerson,No,DB,DB,0,0,0,0,0,0,0,0,0,0,0,0,0,0,0,0,0,0,Penn St.,OH
1989Mark Messner,MessMa20,1989,6,161,RAM,Mark Messner,No,LB,LB,23,0,0,4,0,0,0,0,0,0,0,0,0,0,0,0,0,0,Michigan,CA
1989Heath Sherman,SherHe00,1989,6,162,PHI,Heath Sherman,No,RB,RB,22,0,0,76,0,0,0,0,0,537,2130,10,75,608,4,0,0,0,Texas A&M-Kingsville,PA
1989Jeff Mickel,MickJe20,1989,6,163,MIN,Jeff Mickel,No,T,T,23,0,0,1,0,0,0,0,0,0,0,0,0,0,0,0,0,0,East. Washington,MN
1989Sean Doctor,0,1989,6,164,BUF,Sean Doctor,No,RB,RB,0,0,0,0,0,0,0,0,0,0,0,0,0,0,0,0,0,0,Marshall,NY
1989Eric Mitchel,0,1989,6,165,NWE,Eric Mitchel,No,RB,RB,0,0,0,0,0,0,0,0,0,0,0,0,0,0,0,0,0,0,Oklahoma,MA
1989Craig Taylor,TaylCr00,1989,6,166,CIN,Craig Taylor,No,RB,RB,23,0,0,36,0,0,0,0,0,114,480,7,28,188,3,0,0,0,West Virginia,OH
1989Steve Hendrickson,HendSt00,1989,6,167,SFO,Steve Hendrickson,No,LB,LB,23,0,0,100,0,0,0,0,0,3,6,1,5,48,1,1,0,0,California,CA
1989Kevin Peterson,0,1989,7,168,DAL,Kevin Peterson,No,LB,LB,0,0,0,0,0,0,0,0,0,0,0,0,0,0,0,0,0,0,Northwestern,TX
1989Mark Hall,HallMa20,1989,7,169,GNB,Mark Hall,No,DE,DE,24,0,0,10,0,0,0,0,0,0,0,0,0,0,0,1,0,0,La-Lafayette,WI
1989Jerry Woods,WoodJe20,1989,7,170,DET,Jerry Woods,No,DB,DB,23,0,0,18,0,0,0,0,0,0,0,0,0,0,0,0,0,0,Northern Michigan,MI
1989Ron Sancho,0,1989,7,171,KAN,Ron Sancho,No,LB,LB,0,0,0,0,0,0,0,0,0,0,0,0,0,0,0,0,0,0,LSU,MO
1989Undra Johnson,JohnUn20,1989,7,172,ATL,Undra Johnson,No,RB,RB,23,0,0,6,0,0,0,0,0,0,0,0,0,0,0,0,0,0,West Virginia,GA
1989Brian Jordan,JordBr20,1989,7,173,BUF,Brian Jordan,No,DB,DB,22,0,0,36,0,0,0,0,0,0,0,0,0,0,0,5,4,0,Richmond,NY
1989D.J. Johnson,JohnD.20,1989,7,174,PIT,D.J. Johnson,No,DB,DB,23,0,0,117,0,0,0,0,0,0,0,0,0,0,0,19,1,0,Kentucky,PA
1989Dave Popp,0,1989,7,175,NYG,Dave Popp,No,T,T,0,0,0,0,0,0,0,0,0,0,0,0,0,0,0,0,0,0,East. Illinois,NY
1989Jim Zdelar,0,1989,7,176,MIA,Jim Zdelar,No,T,T,0,0,0,0,0,0,0,0,0,0,0,0,0,0,0,0,0,0,Youngstown St.,FL
1989Ricky Royal,RoyaRi20,1989,7,177,PHO,Ricky Royal,No,DB,DB,23,0,0,1,0,0,0,0,0,0,0,0,0,0,0,0,0,0,Sam Houston St.,AZ
1989Eric Lindstrom,0,1989,7,178,NWE,Eric Lindstrom,No,LB,LB,0,0,0,0,0,0,0,0,0,0,0,0,0,0,0,0,0,0,Boston Col.,MA
1989Kevin Hendrix,0,1989,7,179,WAS,Kevin Hendrix,No,LB,LB,0,0,0,0,0,0,0,0,0,0,0,0,0,0,0,0,0,0,South Carolina,DC
1989Mel Bratton,BratMe00,1989,7,180,DEN,Mel Bratton,No,RB,RB,24,0,0,32,0,0,0,0,0,57,190,4,39,345,4,0,0,0,Miami (FL),CO
1989Stevon Moore,MoorSt21,1989,7,181,NYJ,Stevon Moore,No,DB,DB,22,0,0,122,0,0,0,0,0,0,0,0,0,0,0,10,3,0,Mississippi,NY
1989Ivy Joe Hunter,HuntIv00,1989,7,182,IND,Ivy Joe Hunter,No,RB,RB,22,0,0,45,0,0,0,0,0,31,100,0,11,97,0,0,0,0,Kentucky,IN
1989Marion Butts,ButtMa00,1989,7,183,SDG,Marion Butts,No,RB,RB,23,0,2,104,0,0,0,0,0,1345,5185,43,68,471,1,0,0,0,Florida St.,CA
1989Mike Nettles,0,1989,7,184,SEA,Mike Nettles,No,DB,DB,0,0,0,0,0,0,0,0,0,0,0,0,0,0,0,0,0,0,Memphis,WA
1989Charles Washington,WashCh20,1989,7,185,IND,Charles Washington,No,DB,DB,22,0,0,74,0,0,0,0,0,0,0,0,0,0,0,1,0,0,Cameron,IN
1989David Griggs,GrigDa20,1989,7,186,NOR,David Griggs,No,LB,LB,22,0,0,78,0,0,0,0,0,0,0,0,0,0,0,14.5,1,0,Virginia,LA
1989Mike Graybill,GrayMi20,1989,7,187,CLE,Mike Graybill,No,T,T,22,0,0,6,0,0,0,0,0,0,0,0,0,0,0,0,0,0,Boston Univ.,OH
1989George Bethune,BethGe20,1989,7,188,RAM,George Bethune,No,LB,LB,22,0,0,32,0,0,0,0,0,0,0,0,0,0,0,4,0,0,Alabama,CA
1989Richard Brothers,0,1989,7,189,CHI,Richard Brothers,No,DB,DB,0,0,0,0,0,0,0,0,0,0,0,0,0,0,0,0,0,0,Arkansas,IL
1989Tracy Rogers,RogeTr20,1989,7,190,HOU,Tracy Rogers,No,LB,LB,22,0,0,75,0,0,0,0,0,0,0,0,0,0,0,0,0,0,Fresno St.,TX
1989Benji Roland,RolaBe20,1989,7,191,MIN,Benji Roland,No,DE,DE,22,0,0,3,0,0,0,0,0,0,0,0,0,0,0,0,0,0,Auburn,MN
1989Brent Snyder,0,1989,7,192,CHI,Brent Snyder,No,QB,QB,0,0,0,0,0,0,0,0,0,0,0,0,0,0,0,0,0,0,Utah St.,IL
1989Chris Hale,HaleCh20,1989,7,193,BUF,Chris Hale,No,DB,DB,23,0,0,43,0,0,0,0,0,0,0,0,0,0,0,1,0,0,USC,NY
1989Kendal Smith,SmitKe00,1989,7,194,CIN,Kendal Smith,No,WR,WR,23,0,0,20,0,0,0,0,0,0,0,0,17,185,1,0,0,0,Utah St.,OH
1989Terrence Jones,0,1989,7,195,SDG,Terrence Jones,No,QB,QB,0,0,0,0,0,0,0,0,0,0,0,0,0,0,0,0,0,0,Tulane,CA
1989Charvez Foger,0,1989,8,196,DAL,Charvez Foger,No,RB,RB,0,0,0,0,0,0,0,0,0,0,0,0,0,0,0,0,0,0,Nevada,TX
1989Chris Parker,0,1989,8,197,DET,Chris Parker,No,DT,DT,0,0,0,0,0,0,0,0,0,0,0,0,0,0,0,0,0,0,West Virginia,MI
1989Thomas King,0,1989,8,198,GNB,Thomas King,No,DB,DB,0,0,0,0,0,0,0,0,0,0,0,0,0,0,0,0,0,0,La-Lafayette,WI
1989Bryan Tobey,0,1989,8,199,KAN,Bryan Tobey,No,RB,RB,0,0,0,0,0,0,0,0,0,0,0,0,0,0,0,0,0,0,Grambling St.,MO
1989Carl Bax,BaxxCa20,1989,8,200,TAM,Carl Bax,No,G,G,23,0,0,15,0,0,0,0,0,0,0,0,0,0,0,0,0,0,Missouri,FL
1989Chris Asbeck,0,1989,8,201,PIT,Chris Asbeck,No,DT,DT,0,0,0,0,0,0,0,0,0,0,0,0,0,0,0,0,0,0,Cincinnati,PA
1989Paul Singer,0,1989,8,202,ATL,Paul Singer,No,QB,QB,0,0,0,0,0,0,0,0,0,0,0,0,0,0,0,0,0,0,West. Illinois,GA
1989Pete Stoyanovich,stoyapet01,1989,8,203,MIA,Pete Stoyanovich,No,K,K,22,1,0,182,0,0,0,0,0,0,0,0,0,0,0,0,0,0,Indiana,FL
1989Dana Brinson,BrinDa00,1989,8,204,SDG,Dana Brinson,No,WR,WR,24,0,0,10,0,0,0,0,0,17,64,0,12,71,0,0,0,0,Nebraska,CA
1989Derrick Gainer,GainDe00,1989,8,205,RAI,Derrick Gainer,No,RB,RB,23,0,0,34,0,0,0,0,0,41,120,1,13,122,0,0,0,0,Florida A&M,CA
1989Brian Shulman,0,1989,8,206,GNB,Brian Shulman,No,P,P,0,0,0,0,0,0,0,0,0,0,0,0,0,0,0,0,0,0,Auburn,WI
1989John Burch,0,1989,8,207,PHO,John Burch,No,RB,RB,0,0,0,0,0,0,0,0,0,0,0,0,0,0,0,0,0,0,Tenn-Martin,AZ
1989Paul Green,GreePa00,1989,8,208,DEN,Paul Green,No,TE,TE,22,0,0,49,0,0,0,0,0,0,0,0,69,544,3,0,0,0,USC,CO
1989A.B. Brown,BrowAB00,1989,8,209,NYJ,A.B. Brown,No,RB,RB,23,0,0,33,0,0,0,0,0,40,117,1,8,40,0,0,0,0,West Virginia,NY
1989Rodney Rice,RiceRo20,1989,8,210,NWE,Rodney Rice,No,DB,DB,23,0,0,26,0,0,0,0,0,0,0,0,0,0,0,2,0,0,BYU,MA
1989Martin Williams,0,1989,8,211,SEA,Martin Williams,No,DE,DE,0,0,0,0,0,0,0,0,0,0,0,0,0,0,0,0,0,0,West. Illinois,WA
1989Kurt Larson,LarsKu20,1989,8,212,IND,Kurt Larson,No,LB,LB,23,0,0,42,0,0,0,0,0,0,0,0,0,0,0,1,0,0,Michigan St.,IN
1989Fred Hadley,0,1989,8,213,NOR,Fred Hadley,No,WR,WR,0,0,0,0,0,0,0,0,0,0,0,0,0,0,0,0,0,0,Mississippi St.,LA
1989Rick Aeilts,0,1989,8,214,CLE,Rick Aeilts,No,TE,TE,0,0,0,0,0,0,0,0,0,0,0,0,0,0,0,0,0,0,SE Missouri St.,OH
1989Warren Wheat,WheaWa20,1989,8,215,RAM,Warren Wheat,No,G,G,22,0,0,16,0,0,0,0,0,0,0,0,0,0,0,0,0,0,BYU,CA
1989Tony Woods,WoodTo21,1989,8,216,CHI,Tony Woods,No,DT,DT,23,0,0,15,0,0,0,0,0,0,0,0,0,0,0,1,0,0,Oklahoma,IL
1989Alvoid Mays,MaysAl20,1989,8,217,HOU,Alvoid Mays,No,DB,DB,23,0,0,74,0,0,0,0,0,0,0,0,0,0,0,5,1,0,West Virginia,TX
1989Myron Guyton,GuytMy20,1989,8,218,NYG,Myron Guyton,No,DB,DB,22,0,0,98,0,0,0,0,0,0,0,0,0,0,0,10,0,0,East. Kentucky,NY
1989Alex Stewart,0,1989,8,219,MIN,Alex Stewart,No,DE,DE,0,0,0,0,0,0,0,0,0,0,0,0,0,0,0,0,0,0,Cal State-Fullerton,MN
1989Todd McNair,McNaTo00,1989,8,220,KAN,Todd McNair,No,RB,RB,23,0,0,121,0,0,0,0,0,147,803,3,254,2435,7,0,0,0,Temple,MO
1989Chris Dyko,DykoCh20,1989,8,221,CHI,Chris Dyko,No,T,T,23,0,0,8,0,0,0,0,0,0,0,0,0,0,0,0,0,0,Washington St.,IL
1989Chris Chenault,0,1989,8,222,CIN,Chris Chenault,No,LB,LB,0,0,0,0,0,0,0,0,0,0,0,0,0,0,0,0,0,0,Kentucky,OH
1989Tony Zackery,ZackTo20,1989,8,223,NWE,Tony Zackery,No,DB,DB,22,0,0,19,0,0,0,0,0,0,0,0,0,0,0,1,0,0,Washington,MA
1989Tim Jackson,JackTi20,1989,9,224,DAL,Tim Jackson,No,DB,DB,23,0,0,1,0,0,0,0,0,0,0,0,0,0,0,0,0,0,Nebraska,TX
1989Scott Kirby,0,1989,9,225,GNB,Scott Kirby,No,T,T,0,0,0,0,0,0,0,0,0,0,0,0,0,0,0,0,0,0,Arizona St.,WI
1989Derek MacCready,0,1989,9,226,DET,Derek MacCready,No,DE,DE,0,0,0,0,0,0,0,0,0,0,0,0,0,0,0,0,0,0,Ohio St.,MI
1989Jack Phillips,0,1989,9,227,KAN,Jack Phillips,No,DB,DB,0,0,0,0,0,0,0,0,0,0,0,0,0,0,0,0,0,0,Alcorn St.,MO
1989A.J. Jenkins,JenkA.20,1989,9,228,PIT,A.J. Jenkins,No,LB,LB,23,0,0,21,0,0,0,0,0,0,0,0,0,0,0,2,0,0,Cal State-Fullerton,PA
1989Chris Dunn,0,1989,9,229,ATL,Chris Dunn,No,LB,LB,0,0,0,0,0,0,0,0,0,0,0,0,0,0,0,0,0,0,Cal Poly-San Luis Obispo,GA
1989Patrick Egu,EguxPa00,1989,9,230,TAM,Patrick Egu,No,RB,RB,22,0,0,7,0,0,0,0,0,3,20,1,0,0,0,0,0,0,Nevada,FL
1989Pat Davis,0,1989,9,231,SDG,Pat Davis,No,TE,TE,0,0,0,0,0,0,0,0,0,0,0,0,0,0,0,0,0,0,Syracuse,CA
1989Dana Batisite,0,1989,9,232,MIA,Dana Batisite,No,LB,LB,0,0,0,0,0,0,0,0,0,0,0,0,0,0,0,0,0,0,Texas A&M,FL
1989Charles Darrington,0,1989,9,233,WAS,Charles Darrington,No,TE,TE,0,0,0,0,0,0,0,0,0,0,0,0,0,0,0,0,0,0,Kentucky,DC
1989Kendall Trainor,0,1989,9,234,PHO,Kendall Trainor,No,K,K,0,0,0,0,0,0,0,0,0,0,0,0,0,0,0,0,0,0,Arkansas,AZ
1989Gary Gooden,0,1989,9,235,RAI,Gary Gooden,No,DB,DB,0,0,0,0,0,0,0,0,0,0,0,0,0,0,0,0,0,0,Indiana,CA
1989Monte Smith,SmitMo20,1989,9,236,DEN,Monte Smith,No,G,G,22,0,0,14,0,0,0,0,0,0,0,0,0,0,0,0,0,0,North Dakota,CO
1989Pat Marlatt,0,1989,9,237,NYJ,Pat Marlatt,No,DT,DT,0,0,0,0,0,0,0,0,0,0,0,0,0,0,0,0,0,0,West Virginia,NY
1989David Franks,0,1989,9,238,SEA,David Franks,No,G,G,0,0,0,0,0,0,0,0,0,0,0,0,0,0,0,0,0,0,Connecticut,WA
1989William Mackall,0,1989,9,239,IND,William Mackall,No,WR,WR,0,0,0,0,0,0,0,0,0,0,0,0,0,0,0,0,0,0,Tenn-Martin,IN
1989Darron Norris,0,1989,9,240,NWE,Darron Norris,No,RB,RB,0,0,0,0,0,0,0,0,0,0,0,0,0,0,0,0,0,0,Texas,MA
1989Wayne Williams,0,1989,9,241,DEN,Wayne Williams,No,RB,RB,0,0,0,0,0,0,0,0,0,0,0,0,0,0,0,0,0,0,Florida,CO
1989Vernon Kirk,0,1989,9,242,RAM,Vernon Kirk,No,TE,TE,0,0,0,0,0,0,0,0,0,0,0,0,0,0,0,0,0,0,Pittsburgh,CA
1989LaSalle Harper,HarpLa20,1989,9,243,CHI,LaSalle Harper,No,LB,LB,22,0,0,4,0,0,0,0,0,0,0,0,0,0,0,0,0,0,Arkansas,IL
1989Bob Mrosko,MrosBo00,1989,9,244,HOU,Bob Mrosko,No,TE,TE,23,0,0,42,0,0,0,0,0,0,0,0,14,145,1,0,0,0,Penn St.,TX
1989A.J. Greene,GreeA.20,1989,9,245,NYG,A.J. Greene,No,DB,DB,23,0,0,2,0,0,0,0,0,0,0,0,0,0,0,0,0,0,Wake Forest,NY
1989Jerry Leggett,0,1989,9,246,NOR,Jerry Leggett,No,LB,LB,0,0,0,0,0,0,0,0,0,0,0,0,0,0,0,0,0,0,Cal State-Fullerton,LA
1989Curtis Wilson,0,1989,9,247,NWE,Curtis Wilson,No,C,C,0,0,0,0,0,0,0,0,0,0,0,0,0,0,0,0,0,0,Missouri,MA
1989Byron Sanders,0,1989,9,248,CHI,Byron Sanders,No,RB,RB,0,0,0,0,0,0,0,0,0,0,0,0,0,0,0,0,0,0,Northwestern,IL
1989Pat Rabold,0,1989,9,249,BUF,Pat Rabold,No,DT,DT,0,0,0,0,0,0,0,0,0,0,0,0,0,0,0,0,0,0,Wyoming,NY
1989Richard Stephens,StepRi20,1989,9,250,CIN,Richard Stephens,No,G,G,24,0,0,29,0,0,0,0,0,0,0,0,0,0,0,0,0,0,Tulsa,OH
1989Rudy Harmon,0,1989,9,251,SFO,Rudy Harmon,No,LB,LB,0,0,0,0,0,0,0,0,0,0,0,0,0,0,0,0,0,0,LSU,CA
1989Rod Carter,0,1989,10,252,DAL,Rod Carter,No,LB,LB,0,0,0,0,0,0,0,0,0,0,0,0,0,0,0,0,0,0,Miami (FL),TX
1989Jason Phillips,PhilJa00,1989,10,253,DET,Jason Phillips,No,WR,WR,22,0,0,58,0,0,0,0,0,0,0,0,49,578,2,0,0,0,Houston,MI
1989Ben Jessie,0,1989,10,254,GNB,Ben Jessie,No,DB,DB,0,0,0,0,0,0,0,0,0,0,0,0,0,0,0,0,0,0,Texas St.,WI
1989Rob McGovern,McGoRo20,1989,10,255,KAN,Rob McGovern,No,LB,LB,22,0,0,46,0,0,0,0,0,0,0,0,0,0,0,0,0,0,Holy Cross,MO
1989Cornell Holloway,HollCo21,1989,10,256,CIN,Cornell Holloway,No,DB,DB,23,0,0,32,0,0,0,0,0,0,0,0,0,0,0,1,1,0,Pittsburgh,OH
1989Ty Granger,0,1989,10,257,TAM,Ty Granger,No,T,T,0,0,0,0,0,0,0,0,0,0,0,0,0,0,0,0,0,0,Clemson,FL
1989Jerry Olsavsky,OlsaJe20,1989,10,258,PIT,Jerry Olsavsky,No,LB,LB,22,0,0,117,0,0,0,0,0,0,0,0,0,0,0,2.5,1,0,Pittsburgh,PA
1989Deval Glover,0,1989,10,259,MIA,Deval Glover,No,WR,WR,0,0,0,0,0,0,0,0,0,0,0,0,0,0,0,0,0,0,Syracuse,FL
1989Ricky Andrews,AndrRi20,1989,10,260,SDG,Ricky Andrews,No,LB,LB,23,0,0,15,0,0,0,0,0,0,0,0,0,0,0,0,0,0,Washington,CA
1989Chris Becker,0,1989,10,261,PHO,Chris Becker,No,P,P,0,0,0,0,0,0,0,0,0,0,0,0,0,0,0,0,0,0,TCU,AZ
1989Charles Jackson,0,1989,10,262,RAI,Charles Jackson,No,DT,DT,0,0,0,0,0,0,0,0,0,0,0,0,0,0,0,0,0,0,Jackson St.,CA
1989Mark Schlereth,SchlMa00,1989,10,263,WAS,Mark Schlereth,No,G,G,23,0,2,156,0,0,0,0,0,0,0,0,0,0,0,0,0,0,Idaho,DC
1989Anthony Butts,0,1989,10,264,DEN,Anthony Butts,No,DT,DT,0,0,0,0,0,0,0,0,0,0,0,0,0,0,0,0,0,0,Mississippi St.,CO
1989Adam Bob,BobxAd20,1989,10,265,NYJ,Adam Bob,No,LB,LB,21,0,0,5,0,0,0,0,0,0,0,0,0,0,0,0,0,0,Texas A&M,NY
1989Jim Thompson,0,1989,10,266,IND,Jim Thompson,No,T,T,0,0,0,0,0,0,0,0,0,0,0,0,0,0,0,0,0,0,Auburn,IN
1989Emanuel McNeil,McNeEm20,1989,10,267,NWE,Emanuel McNeil,No,NT,DT,22,0,0,3,0,0,0,0,0,0,0,0,0,0,0,0,0,0,Tenn-Martin,MA
1989Derrick Fenner,FennDe00,1989,10,268,SEA,Derrick Fenner,No,RB,RB,22,0,0,120,0,0,0,0,0,804,2996,32,202,1578,10,0,0,0,North Carolina,WA
1989Mike Williams,WillMi00,1989,10,269,RAM,Mike Williams,No,WR,WR,22,0,0,59,0,0,0,0,0,0,0,0,21,292,0,0,0,0,Northeastern,CA
1989Todd Millikan,0,1989,10,270,CHI,Todd Millikan,No,TE,TE,0,0,0,0,0,0,0,0,0,0,0,0,0,0,0,0,0,0,Nebraska,IL
1989Tracy Johnson,JohnTr00,1989,10,271,HOU,Tracy Johnson,No,RB,RB,22,0,0,121,0,0,0,0,0,60,228,6,28,218,2,0,0,0,Clemson,TX
1989Rodney Lowe,0,1989,10,272,NYG,Rodney Lowe,No,DE,DE,0,0,0,0,0,0,0,0,0,0,0,0,0,0,0,0,0,0,Mississippi,NY
1989Joe Henderson,0,1989,10,273,NOR,Joe Henderson,No,RB,RB,0,0,0,0,0,0,0,0,0,0,0,0,0,0,0,0,0,0,Iowa St.,LA
1989John Buddenberg,0,1989,10,274,CLE,John Buddenberg,No,T,T,0,0,0,0,0,0,0,0,0,0,0,0,0,0,0,0,0,0,Akron,OH
1989Greg Ross,0,1989,10,275,MIA,Greg Ross,No,DT,DT,0,0,0,0,0,0,0,0,0,0,0,0,0,0,0,0,0,0,Memphis,FL
1989Carlo Cheattom,0,1989,10,276,BUF,Carlo Cheattom,No,DB,DB,0,0,0,0,0,0,0,0,0,0,0,0,0,0,0,0,0,0,Auburn,NY
1989John Simpson,0,1989,10,277,CHI,John Simpson,No,WR,WR,0,0,0,0,0,0,0,0,0,0,0,0,0,0,0,0,0,0,Baylor,IL
1989Bob Jean,0,1989,10,278,CIN,Bob Jean,No,QB,QB,0,0,0,0,0,0,0,0,0,0,0,0,0,0,0,0,0,0,New Hampshire,OH
1989Andy Sinclair,0,1989,10,279,SFO,Andy Sinclair,No,C,C,0,0,0,0,0,0,0,0,0,0,0,0,0,0,0,0,0,0,Stanford,CA
1989Randy Shannon,ShanRa20,1989,11,280,DAL,Randy Shannon,No,LB,LB,23,0,0,17,0,0,0,0,0,0,0,0,0,0,0,0,0,0,Miami (FL),TX
1989Cedric Stallworth,0,1989,11,281,GNB,Cedric Stallworth,No,DB,DB,0,0,0,0,0,0,0,0,0,0,0,0,0,0,0,0,0,0,Georgia Tech,WI
1989Keith Karpinski,KarpKe20,1989,11,282,DET,Keith Karpinski,No,LB,LB,22,0,0,16,0,0,0,0,0,0,0,0,0,0,0,0,0,0,Penn St.,MI
1989Marcus Turner,TurnMa20,1989,11,283,KAN,Marcus Turner,No,DB,DB,23,0,0,86,0,0,0,0,0,0,0,0,0,0,0,8,1,0,UCLA,MO
1989Rod Mounts,0,1989,11,284,TAM,Rod Mounts,No,G,G,0,0,0,0,0,0,0,0,0,0,0,0,0,0,0,0,0,0,Texas A&M-Kingsville,FL
1989Brian Slater,0,1989,11,285,PIT,Brian Slater,No,WR,WR,0,0,0,0,0,0,0,0,0,0,0,0,0,0,0,0,0,0,Washington,PA
1989Greg Paterra,PateGr20,1989,11,286,ATL,Greg Paterra,No,RB,RB,22,0,0,10,0,0,0,0,0,9,32,0,5,42,0,0,0,0,Slippery Rock,GA
1989Victor Floyd,FloyVi20,1989,11,287,SDG,Victor Floyd,No,RB,RB,23,0,0,6,0,0,0,0,0,8,15,0,1,6,0,0,0,0,Florida St.,CA
1989Bert Weidner,WeidBe20,1989,11,288,MIA,Bert Weidner,No,G,G,23,0,0,81,0,0,0,0,0,0,0,0,0,0,0,0,0,0,Kent St.,FL
1989Jim Bell,0,1989,11,289,SFO,Jim Bell,No,RB,RB,0,0,0,0,0,0,0,0,0,0,0,0,0,0,0,0,0,0,Boston Col.,CA
1989Willie Griffin,0,1989,11,290,TAM,Willie Griffin,No,DE,DE,0,0,0,0,0,0,0,0,0,0,0,0,0,0,0,0,0,0,Nebraska,FL
1989Jeff Hunter,HuntJe20,1989,11,291,PHO,Jeff Hunter,No,DE,DE,23,0,0,43,0,0,0,0,0,0,0,0,0,0,0,12,0,0,Albany State (GA),AZ
1989Richard Shelton,ShelRi20,1989,11,292,DEN,Richard Shelton,No,DB,DB,23,0,0,44,0,0,0,0,0,0,0,0,0,0,0,3,0,0,Liberty,CO
1989Artie Holmes,0,1989,11,293,NYJ,Artie Holmes,No,DB,DB,0,0,0,0,0,0,0,0,0,0,0,0,0,0,0,0,0,0,Washington St.,NY
1989Tony Hinz,0,1989,11,294,NWE,Tony Hinz,No,RB,RB,0,0,0,0,0,0,0,0,0,0,0,0,0,0,0,0,0,0,Harvard,MA
1989Mike Baum,0,1989,11,295,SEA,Mike Baum,No,DE,DE,0,0,0,0,0,0,0,0,0,0,0,0,0,0,0,0,0,0,Northwestern,WA
1989Wayne Johnson,0,1989,11,296,IND,Wayne Johnson,No,QB,QB,0,0,0,0,0,0,0,0,0,0,0,0,0,0,0,0,0,0,Georgia,IN
1989Joe Nelms,0,1989,11,297,CHI,Joe Nelms,No,DT,DT,0,0,0,0,0,0,0,0,0,0,0,0,0,0,0,0,0,0,California,IL
1989Brian Smider,0,1989,11,298,HOU,Brian Smider,No,T,T,0,0,0,0,0,0,0,0,0,0,0,0,0,0,0,0,0,0,West Virginia,TX
1989Jerome Rinehart,0,1989,11,299,NYG,Jerome Rinehart,No,LB,LB,0,0,0,0,0,0,0,0,0,0,0,0,0,0,0,0,0,0,Tenn-Martin,NY
1989Calvin Nicholson,NichCa21,1989,11,300,NOR,Calvin Nicholson,No,DB,DB,22,0,0,9,0,0,0,0,0,0,0,0,0,0,0,0,0,0,Oregon St.,LA
1989Dan Plocki,0,1989,11,301,CLE,Dan Plocki,No,K,K,0,0,0,0,0,0,0,0,0,0,0,0,0,0,0,0,0,0,Maryland,OH
1989Herb Duncan,0,1989,11,302,TAM,Herb Duncan,No,WR,WR,0,0,0,0,0,0,0,0,0,0,0,0,0,0,0,0,0,0,Northern Arizona,FL
1989Brad Baxter,BaxtBr00,1989,11,303,MIN,Brad Baxter,No,RB,RB,22,0,0,94,0,0,0,0,0,779,2928,35,80,587,0,0,0,0,Alabama St.,MN
1989George Streeter,StreGe20,1989,11,304,CHI,George Streeter,No,DB,DB,22,0,0,8,0,0,0,0,0,0,0,0,0,0,0,0,0,0,Notre Dame,IL
1989Richard Harvey,HarvRi21,1989,11,305,BUF,Richard Harvey,No,LB,LB,23,0,0,143,0,0,0,0,0,0,0,0,0,0,0,13,2,0,Tulane,NY
1989Dana Wells,WellDa20,1989,11,306,CIN,Dana Wells,No,NT,DT,23,0,0,1,0,0,0,0,0,0,0,0,0,0,0,0,0,0,Arizona,OH
1989Norm McGee,0,1989,11,307,SFO,Norm McGee,No,WR,WR,0,0,0,0,0,0,0,0,0,0,0,0,0,0,0,0,0,0,North Dakota,CA
1989Scott Ankrom,AnkrSc20,1989,12,308,DAL,Scott Ankrom,No,WR,WR,23,0,0,10,0,0,0,0,0,0,0,0,0,0,0,0,0,0,TCU,TX
1989James Cribbs,CribJa20,1989,12,309,DET,James Cribbs,No,DE,DE,23,0,0,7,0,0,0,0,0,0,0,0,0,0,0,0,0,0,Memphis,MI
1989Stan Shiver,0,1989,12,310,GNB,Stan Shiver,No,DB,DB,0,0,0,0,0,0,0,0,0,0,0,0,0,0,0,0,0,0,Florida St.,WI
1989Bill Jones,JoneBi00,1989,12,311,KAN,Bill Jones,No,RB,RB,23,0,0,38,0,0,0,0,0,10,47,0,35,240,6,0,0,0,Texas St.,MO
1989Carlton Haselrig,HaseCa00,1989,12,312,PIT,Carlton Haselrig,No,G,G,23,0,1,68,0,0,0,0,0,0,0,0,0,0,0,0,0,0,Pittsburgh-Johnstown,PA
1989Tony Bowick,BowiTo20,1989,12,313,ATL,Tony Bowick,No,NT,DT,22,0,0,12,0,0,0,0,0,0,0,0,0,0,0,0,0,0,Tenn-Chattanooga,GA
1989William DuBose,0,1989,12,314,IND,William DuBose,No,RB,RB,0,0,0,0,0,0,0,0,0,0,0,0,0,0,0,0,0,0,South Carolina St.,IN
1989J.B. Brown,BrowJ.20,1989,12,315,MIA,J.B. Brown,No,DB,DB,22,0,0,166,0,0,0,0,0,0,0,0,0,0,0,16,1,0,Maryland,FL
1989Jimmie Johnson,JohnJi00,1989,12,316,WAS,Jimmie Johnson,No,TE,TE,22,0,0,118,0,0,0,0,0,0,0,0,61,723,5,0,0,0,Howard,DC
1989Joe Mickles,MickJo21,1989,12,317,WAS,Joe Mickles,No,RB,RB,23,0,0,10,0,0,0,0,0,0,0,0,0,0,0,0,0,0,Mississippi,DC
1989Todd Nelson,0,1989,12,318,PHO,Todd Nelson,No,G,G,0,0,0,0,0,0,0,0,0,0,0,0,0,0,0,0,0,0,Wisconsin,AZ
1989Antonio Goss,GossAn20,1989,12,319,SFO,Antonio Goss,No,LB,LB,23,0,0,92,0,0,0,0,0,0,0,0,0,0,0,1,0,0,North Carolina,CA
1989John Javis,0,1989,12,320,DEN,John Javis,No,WR,WR,0,0,0,0,0,0,0,0,0,0,0,0,0,0,0,0,0,0,Howard,CO
1989Willie Snead,0,1989,12,321,NYJ,Willie Snead,No,WR,WR,0,0,0,0,0,0,0,0,0,0,0,0,0,0,0,0,0,0,Florida,NY
1989R.J. Kors,KorsR.20,1989,12,322,SEA,R.J. Kors,No,DB,DB,23,0,0,37,0,0,0,0,0,0,0,0,0,0,0,2,0,0,Long Beach St.,WA
1989Steve Taylor,0,1989,12,323,IND,Steve Taylor,No,QB,QB,0,0,0,0,0,0,0,0,0,0,0,0,0,0,0,0,0,0,Nebraska,IN
1989Aaron Chubb,0,1989,12,324,NWE,Aaron Chubb,No,LB,LB,0,0,0,0,0,0,0,0,0,0,0,0,0,0,0,0,0,0,Georgia,MA
1989Chuck Hartlieb,0,1989,12,325,HOU,Chuck Hartlieb,No,QB,QB,0,0,0,0,0,0,0,0,0,0,0,0,0,0,0,0,0,0,Iowa,TX
1989Eric Smith,0,1989,12,326,NYG,Eric Smith,No,LB,LB,0,0,0,0,0,0,0,0,0,0,0,0,0,0,0,0,0,0,UCLA,NY
1989Mike Cadore,0,1989,12,327,NOR,Mike Cadore,No,WR,WR,0,0,0,0,0,0,0,0,0,0,0,0,0,0,0,0,0,0,East. Kentucky,LA
1989Marlon Brown,0,1989,12,328,CLE,Marlon Brown,No,LB,LB,0,0,0,0,0,0,0,0,0,0,0,0,0,0,0,0,0,0,Memphis,OH
1989Terry Young,0,1989,12,329,TAM,Terry Young,No,DB,DB,0,0,0,0,0,0,0,0,0,0,0,0,0,0,0,0,0,0,Georgia Southern,FL
1989Freddy Weygand,0,1989,12,330,CHI,Freddy Weygand,No,WR,WR,0,0,0,0,0,0,0,0,0,0,0,0,0,0,0,0,0,0,Auburn,IL
1989Shawn Woodson,0,1989,12,331,MIN,Shawn Woodson,No,LB,LB,0,0,0,0,0,0,0,0,0,0,0,0,0,0,0,0,0,0,James Madison,MN
1989Derrell Marshall,0,1989,12,332,BUF,Derrell Marshall,No,T,T,0,0,0,0,0,0,0,0,0,0,0,0,0,0,0,0,0,0,USC,NY
1989Anthony Phillips,0,1989,12,333,CHI,Anthony Phillips,No,G,G,0,0,0,0,0,0,0,0,0,0,0,0,0,0,0,0,0,0,Oklahoma,IL
1989Scott Jones,JoneSc20,1989,12,334,CIN,Scott Jones,No,T,T,23,0,0,22,0,0,0,0,0,0,0,0,0,0,0,0,0,0,Washington,OH
1989Everett Ross,0,1989,12,335,MIN,Everett Ross,No,WR,WR,0,0,0,0,0,0,0,0,0,0,0,0,0,0,0,0,0,0,Ohio St.,MN
1988Aundray Bruce,BrucAu20,1988,1,1,ATL,Aundray Bruce,No,LB,LB,22,0,0,151,0,0,0,0,0,0,0,0,1,11,0,32,4,0,Auburn,GA
1988Neil Smith,SmitNe00,1988,1,2,KAN,Neil Smith,No,DE,DE,22,1,6,191,0,0,0,0,0,0,0,0,0,0,0,104.5,4,0,Nebraska,MO
1988Bennie Blades,BladBe00,1988,1,3,DET,Bennie Blades,No,DB,DB,22,0,1,136,0,0,0,0,0,0,0,0,0,0,0,14,5,0,Miami (FL),MI
1988Paul Gruber,GrubPa20,1988,1,4,TAM,Paul Gruber,No,T,T,23,0,0,183,0,0,0,0,0,0,0,0,0,0,0,0,0,0,Wisconsin,FL
1988Rickey Dixon,DixoRi21,1988,1,5,CIN,Rickey Dixon,No,DB,DB,21,0,0,82,0,0,0,0,0,0,0,0,0,0,0,6,0,0,Oklahoma,OH
1988Tim Brown,BrowTi00,1988,1,6,RAI,Tim Brown,No,WR,WR,22,0,9,255,0,0,0,0,0,50,190,1,1094,14934,100,0,0,0,Notre Dame,CA
1988Sterling Sharpe,SharSt00,1988,1,7,GNB,Sterling Sharpe,No,WR,WR,23,3,5,112,1,1,1,0,0,23,72,0,595,8134,65,0,0,0,South Carolina,WI
1988Dave Cadigan,CadiDa20,1988,1,8,NYJ,Dave Cadigan,No,G,G,23,0,0,82,0,0,0,0,0,0,0,0,0,0,0,0,0,0,USC,NY
1988Terry McDaniel,McDaTe00,1988,1,9,RAI,Terry McDaniel,No,DB,DB,23,0,5,152,0,0,0,0,0,0,0,0,0,0,0,35,3,0,Tennessee,CA
1988Eric Moore,MoorEr20,1988,1,10,NYG,Eric Moore,No,G,G,23,0,0,84,0,0,0,0,0,0,0,0,0,0,0,0,0,0,Indiana,NY
1988Michael Irvin,IrviMi00,1988,1,11,DAL,Michael Irvin,No,WR,WR,22,1,5,159,0,0,0,0,0,6,6,0,750,11904,65,0,0,0,Miami (FL),TX
1988Ken Harvey,HarvKe00,1988,1,12,PHO,Ken Harvey,No,LB,LB,23,0,4,164,0,0,0,0,0,0,0,0,0,0,0,89,1,0,California,AZ
1988Keith Jackson,JackKe00,1988,1,13,PHI,Keith Jackson,No,TE,TE,23,3,5,129,0,0,0,0,0,0,0,0,441,5283,49,0,0,0,Oklahoma,PA
1988Gaston Green,GreeGa00,1988,1,14,RAM,Gaston Green,No,RB,RB,22,0,1,58,0,0,0,0,0,551,2136,6,32,232,1,0,0,0,UCLA,CA
1988Anthony Miller,MillAn00,1988,1,15,SDG,Anthony Miller,No,WR,WR,23,0,5,155,0,0,0,0,0,22,131,1,595,9148,63,0,0,0,Tennessee,CA
1988Eric Kumerow,KumeEr20,1988,1,16,MIA,Eric Kumerow,No,DE,DE,23,0,0,42,0,0,0,0,0,0,0,0,0,0,0,5,1,0,Ohio St.,FL
1988John Stephens,StepJo00,1988,1,17,NWE,John Stephens,No,RB,RB,22,0,1,88,0,1,0,0,1,945,3440,18,105,812,1,0,0,0,NW State (LA),MA
1988Aaron Jones,JoneAa20,1988,1,18,PIT,Aaron Jones,No,DE,DE,21,0,0,112,0,0,0,0,0,0,0,0,0,0,0,18,1,0,East. Kentucky,PA
1988Randall McDaniel,McDaRa00,1988,1,19,MIN,Randall McDaniel,No,G,G,23,7,12,222,0,0,0,0,0,2,1,0,1,2,1,0,0,0,Arizona St.,MN
1988Aaron Cox,CoxxAa00,1988,1,20,RAM,Aaron Cox,No,WR,WR,23,0,0,82,0,0,0,0,0,0,0,0,102,1732,8,0,0,0,Arizona St.,CA
1988Clifford Charlton,CharCl20,1988,1,21,CLE,Clifford Charlton,No,LB,LB,23,0,0,31,0,0,0,0,0,0,0,0,0,0,0,1,0,0,Florida,OH
1988Lorenzo White,WhitLo00,1988,1,22,HOU,Lorenzo White,No,RB,RB,22,0,1,107,0,0,0,0,0,1062,4242,30,192,1738,6,0,0,0,Michigan St.,TX
1988Brad Muster,MustBr00,1988,1,23,CHI,Brad Muster,No,RB,RB,23,0,0,95,0,1,0,0,1,520,2231,24,202,1906,7,0,0,0,Stanford,IL
1988Craig Heyward,HeywCr00,1988,1,24,NOR,Craig Heyward,No,RB,RB,22,0,1,149,1,2,44,0,1,1031,4301,30,177,1559,4,0,0,0,Pittsburgh,LA
1988Scott Davis,DaviSc20,1988,1,25,RAI,Scott Davis,No,DT,DT,23,0,0,75,0,0,0,0,0,0,0,0,0,0,0,27.5,0,0,Illinois,CA
1988Ted Gregory,GregTe20,1988,1,26,DEN,Ted Gregory,No,NT,DT,23,0,0,3,0,0,0,0,0,0,0,0,0,0,0,1,0,0,Syracuse,CO
1988Wendell Davis,DaviWe00,1988,1,27,CHI,Wendell Davis,No,WR,WR,22,0,0,81,0,0,0,0,0,5,45,0,207,3000,14,0,0,0,LSU,IL
1988Marcus Cotton,CottMa20,1988,2,28,ATL,Marcus Cotton,No,LB,LB,22,0,0,44,0,0,0,0,0,0,0,0,0,0,0,14,0,0,USC,GA
1988Chris Spielman,SpieCh00,1988,2,29,DET,Chris Spielman,No,LB,LB,22,1,4,148,0,0,0,0,0,0,0,0,0,0,0,10.5,6,0,Ohio St.,MI
1988Eric Allen,AlleEr00,1988,2,30,PHI,Eric Allen,No,DB,DB,22,1,6,217,0,0,0,0,0,0,0,0,0,0,0,54,3,0,Arizona St.,PA
1988Ickey Woods,WoodIc00,1988,2,31,CIN,Ickey Woods,No,RB,RB,22,0,0,37,0,0,0,0,0,332,1525,27,47,397,0,0,0,0,UNLV,OH
1988Pat Carter,CartPa00,1988,2,32,DET,Pat Carter,No,TE,TE,22,0,0,154,0,0,0,0,0,0,0,0,107,1117,9,0,0,0,Florida St.,MI
1988Danny Stubbs,StubDa20,1988,2,33,SFO,Danny Stubbs,No,DE,DE,23,0,0,134,0,0,0,0,0,0,0,0,0,0,0,51.5,0,0,Miami (FL),CA
1988Shawn Patterson,PattSh20,1988,2,34,GNB,Shawn Patterson,No,DE,DE,24,0,0,48,0,0,0,0,0,0,0,0,0,0,0,11,1,0,Arizona St.,WI
1988Anthony Newman,NewmAn20,1988,2,35,RAM,Anthony Newman,No,DB,DB,22,0,0,178,0,0,0,0,0,0,0,0,1,18,0,21,1,0,Oregon,CA
1988Jumbo Elliott,ElliJu00,1988,2,36,NYG,Jumbo Elliott,No,T,T,23,0,1,197,0,0,0,0,0,0,0,0,1,3,1,0,0,0,Michigan,NY
1988Terry Williams,WillTe21,1988,2,37,NYJ,Terry Williams,No,DB,DB,22,0,0,11,0,0,0,0,0,0,0,0,0,0,0,0,0,0,Bethune-Cookman,NY
1988Tony Jeffery,JeffTo20,1988,2,38,PHO,Tony Jeffery,No,RB,RB,24,0,0,3,0,0,0,0,0,3,8,0,0,0,0,0,0,0,TCU,AZ
1988Pierce Holt,HoltPi00,1988,2,39,SFO,Pierce Holt,No,DE,DE,26,0,1,109,0,0,0,0,0,0,0,0,0,0,0,37,0,0,Angelo State (TX),CA
1988Thurman Thomas,ThomTh00,1988,2,40,BUF,Thurman Thomas,No,RB,RB,22,2,5,182,0,1,0,0,0,2877,12074,65,472,4458,23,0,0,0,Oklahoma St.,NY
1988Ken Norton,NortKe00,1988,2,41,DAL,Ken Norton,No,LB,LB,22,1,3,191,0,0,0,0,0,0,0,0,0,0,0,12.5,5,0,UCLA,TX
1988Jarvis Williams,WillJa25,1988,2,42,MIA,Jarvis Williams,No,DB,DB,23,0,0,104,0,0,0,0,0,0,0,0,0,0,0,16,3,0,Florida,FL
1988Vincent Brown,BrowVi20,1988,2,43,NWE,Vincent Brown,No,LB,LB,23,0,0,123,0,0,0,0,0,0,0,0,0,0,0,16.5,10,0,Miss. Valley St.,MA
1988Dermontti Dawson,DawsDe00,1988,2,44,PIT,Dermontti Dawson,No,C,C,23,6,7,184,0,0,0,0,0,0,0,0,0,0,0,0,0,0,Kentucky,PA
1988Gerald Perry,PerrGe20,1988,2,45,DEN,Gerald Perry,No,T,T,23,0,0,97,0,0,0,0,0,0,0,0,0,0,0,0,0,0,Saginaw Valley St.,CO
1988Flipper Anderson,AndeFl00,1988,2,46,RAM,Flipper Anderson,No,WR,WR,23,0,0,114,0,0,0,0,0,3,23,0,267,5357,28,0,0,0,UCLA,CA
1988Fred Strickland,StriFr20,1988,2,47,RAM,Fred Strickland,No,LB,LB,22,0,0,161,0,0,0,0,0,0,0,0,0,0,0,8.5,4,0,Purdue,CA
1988Quintin Jones,JoneQu20,1988,2,48,HOU,Quintin Jones,No,DB,DB,22,0,0,5,0,0,0,0,0,0,0,0,0,0,0,0,0,0,Pittsburgh,TX
1988Brian Blades,BladBr00,1988,2,49,SEA,Brian Blades,No,WR,WR,23,0,1,156,0,0,0,0,0,21,156,0,581,7620,34,0,0,0,Miami (FL),WA
1988Michael Dean Perry,PerrMi00,1988,2,50,CLE,Michael Dean Perry,No,DT,DT,23,2,6,148,0,0,0,0,0,0,0,0,0,0,0,61,0,0,Clemson,OH
1988Dante Jones,JoneDa22,1988,2,51,CHI,Dante Jones,No,LB,LB,23,0,0,92,0,0,0,0,0,0,0,0,0,0,0,4,3,0,Oklahoma,IL
1988Brett Perriman,PerrBr00,1988,2,52,NOR,Brett Perriman,No,WR,WR,22,0,0,153,0,1,0,0,0,27,180,0,525,6589,30,0,0,0,Miami (FL),LA
1988Lars Tate,TateLa00,1988,2,53,TAM,Lars Tate,No,RB,RB,22,0,0,33,0,0,0,0,0,292,1061,15,16,98,2,0,0,0,Georgia,FL
1988Brad Edwards,EdwaBr20,1988,2,54,MIN,Brad Edwards,No,DB,DB,22,0,0,122,0,0,0,0,0,0,0,0,0,0,0,18,0,0,South Carolina,MN
1988Chip Lohmiller,lohmichi01,1988,2,55,WAS,Chip Lohmiller,No,K,K,22,0,1,135,0,0,0,0,0,0,0,0,0,0,0,0,0,0,Minnesota,DC
1988Alex Higdon,HigdAl20,1988,3,56,ATL,Alex Higdon,No,TE,TE,22,0,0,3,0,0,0,0,0,0,0,0,3,60,2,0,0,0,Ohio St.,GA
1988Kevin Walker,WalkKe23,1988,3,57,CIN,Kevin Walker,No,LB,LB,22,0,0,44,0,0,0,0,0,0,0,0,0,0,0,2,0,0,Maryland,OH
1988Ray Roundtree,RounRa21,1988,3,58,DET,Ray Roundtree,No,WR,WR,22,0,0,4,0,0,0,0,0,0,0,0,0,0,0,0,0,0,Penn St.,MI
1988Kevin Porter,PortKe21,1988,3,59,KAN,Kevin Porter,No,DB,DB,22,0,0,78,0,0,0,0,0,0,0,0,0,0,0,1.5,1,0,Auburn,MO
1988Quinn Early,EarlQu00,1988,3,60,SDG,Quinn Early,No,WR,WR,23,0,0,179,0,0,0,0,0,23,172,0,460,6448,40,0,0,0,Iowa,CA
1988Keith Woodside,WoodKe00,1988,3,61,GNB,Keith Woodside,No,RB,RB,24,0,0,64,0,0,0,0,0,259,976,6,144,1248,2,0,0,0,Texas A&M,WI
1988Sheldon White,WhitSh20,1988,3,62,NYG,Sheldon White,No,DB,DB,23,0,0,72,0,0,0,0,0,0,0,0,0,0,0,11,0,0,Miami (OH),NY
1988Erik McMillan,McMiEr00,1988,3,63,NYJ,Erik McMillan,No,DB,DB,23,0,2,86,0,0,0,0,0,0,0,0,0,0,0,22,5,0,Missouri,NY
1988Matt Patchan,0,1988,3,64,PHI,Matt Patchan,No,T,T,0,0,0,0,0,0,0,0,0,0,0,0,0,0,0,0,0,0,Miami (FL),PA
1988Bernard Ford,FordBe00,1988,3,65,BUF,Bernard Ford,No,WR,WR,22,0,0,24,0,0,0,0,0,0,0,0,17,176,2,0,0,0,Central Florida,NY
1988Mike Oliphant,OlipMi00,1988,3,66,WAS,Mike Oliphant,No,RB,RB,25,0,0,26,0,0,0,0,0,23,127,1,18,133,0,0,0,0,Puget Sound,DC
1988Mark Hutson,0,1988,3,67,DAL,Mark Hutson,No,G,G,0,0,0,0,0,0,0,0,0,0,0,0,0,0,0,0,0,0,Oklahoma,TX
1988Tom Tupa,TupaTo20,1988,3,68,PHO,Tom Tupa,No,QB,QB,22,1,1,220,259,504,3430,12,25,53,187,1,0,0,0,0,0,0,Ohio St.,AZ
1988Tom Rehder,RehdTo20,1988,3,69,NWE,Tom Rehder,No,T,T,23,0,0,40,0,0,0,0,0,0,0,0,0,0,0,0,0,0,Notre Dame,MA
1988Chuck Lanza,LanzCh20,1988,3,70,PIT,Chuck Lanza,No,C,C,24,0,0,27,0,0,0,0,0,0,0,0,0,0,0,0,0,0,Notre Dame,PA
1988Al Noga,NogaAl20,1988,3,71,MIN,Al Noga,No,DE,DE,23,0,0,93,0,0,0,0,0,0,0,0,0,0,0,34.5,1,0,Hawaii,MN
1988Greg Montgomery,MontGr20,1988,3,72,HOU,Greg Montgomery,No,P,P,23,1,1,142,0,0,0,0,0,7,14,0,0,0,0,0,0,0,Michigan St.,TX
1988Ferrell Edmunds,EdmuFe00,1988,3,73,MIA,Ferrell Edmunds,No,TE,TE,23,0,2,89,0,0,0,0,0,2,-15,0,148,1894,12,0,0,0,Maryland,FL
1988James Hasty,HastJa00,1988,3,74,NYJ,James Hasty,No,DB,DB,23,0,2,206,0,0,0,0,0,0,0,0,0,0,0,45,10,0,Washington St.,NY
1988Tommy Kane,KaneTo00,1988,3,75,SEA,Tommy Kane,No,WR,WR,24,0,0,57,0,0,0,0,0,0,0,0,142,2034,9,0,0,0,Syracuse,WA
1988Chris Chandler,ChanCh00,1988,3,76,IND,Chris Chandler,No,QB,QB,22,0,2,180,2328,4005,28484,170,146,371,1310,12,2,18,0,0,0,0,Washington,IN
1988Van Waiters,WaitVa20,1988,3,77,CLE,Van Waiters,No,LB,LB,23,0,0,80,0,0,0,0,0,0,0,0,1,14,1,2,1,0,Indiana,OH
1988Ralph Jarvis,JarvRa20,1988,3,78,CHI,Ralph Jarvis,No,DE,DE,23,0,0,8,0,0,0,0,0,0,0,0,0,0,0,0,0,0,Temple,IL
1988Kevin Guidry,GuidKe20,1988,3,79,DEN,Kevin Guidry,No,DB,DB,24,0,0,17,0,0,0,0,0,0,0,0,0,0,0,0,0,0,LSU,CO
1988Bill Romanowski,RomaBi00,1988,3,80,SFO,Bill Romanowski,No,LB,LB,22,0,2,243,0,0,0,0,0,0,0,0,0,0,0,39.5,18,0,Boston Col.,CA
1988Tony Stephens,0,1988,3,81,NOR,Tony Stephens,No,DT,DT,0,0,0,0,0,0,0,0,0,0,0,0,0,0,0,0,0,0,Clemson,LA
1988Mike Piel,PielMi20,1988,3,82,RAM,Mike Piel,No,DE,DE,23,0,0,50,0,0,0,0,0,0,0,0,0,0,0,13,0,0,Illinois,CA
1988Robert Goff,GoffRo20,1988,4,83,TAM,Robert Goff,No,DE,DE,22,0,0,122,0,0,0,0,0,0,0,0,0,0,0,11.5,0,0,Auburn,FL
1988David Grant,GranDa21,1988,4,84,CIN,David Grant,No,DE,DE,23,0,0,70,0,0,0,0,0,0,0,0,0,0,0,8.5,1,0,West Virginia,OH
1988William White,WhitWi22,1988,4,85,DET,William White,No,DB,DB,22,0,0,170,0,0,0,0,0,0,0,0,0,0,0,20,3.5,0,Ohio St.,MI
1988John Bruhin,BruhJo20,1988,4,86,TAM,John Bruhin,No,G,G,23,0,0,49,0,0,0,0,0,0,0,0,0,0,0,0,0,0,Tennessee,FL
1988Tim Goad,GoadTi20,1988,4,87,NWE,Tim Goad,No,NT,DT,22,0,0,141,0,0,0,0,0,0,0,0,0,0,0,14.5,0,0,North Carolina,MA
1988Rollin Putzier,PutzRo20,1988,4,88,GNB,Rollin Putzier,No,DT,DT,22,0,0,16,0,0,0,0,0,0,0,0,0,0,0,0,0,0,Oregon,WI
1988Chuck Cecil,CeciCh00,1988,4,89,GNB,Chuck Cecil,No,DB,DB,23,0,1,95,0,0,0,0,0,0,0,0,0,0,0,16,0,0,Arizona,WI
1988Tim Rother,RothTi20,1988,4,90,RAI,Tim Rother,No,DT,DT,23,0,0,20,0,0,0,0,0,0,0,0,0,0,0,0,0,0,Nebraska,CA
1988Joe Campbell,CampJo22,1988,4,91,SDG,Joe Campbell,No,DE,DE,21,0,0,25,0,0,0,0,0,0,0,0,0,0,0,3,0,0,New Mexico St.,CA
1988Ricky Shaw,ShawRi20,1988,4,92,NYG,Ricky Shaw,No,LB,LB,23,0,0,37,0,0,0,0,0,0,0,0,0,0,0,0,0,0,Oklahoma St.,NY
1988Stacy Searels,0,1988,4,93,SDG,Stacy Searels,No,T,T,0,0,0,0,0,0,0,0,0,0,0,0,0,0,0,0,0,0,Auburn,CA
1988Dave Widell,WideDa20,1988,4,94,DAL,Dave Widell,No,C,C,23,0,0,156,0,0,0,0,0,0,0,0,0,0,0,0,0,0,Boston Col.,TX
1988Michael Brim,BrimMi20,1988,4,95,PHO,Michael Brim,No,DB,DB,22,0,0,94,0,0,0,0,0,0,0,0,0,0,0,17,1,0,Virginia Union,AZ
1988J.R. Ambrose,0,1988,4,96,KAN,J.R. Ambrose,No,WR,WR,0,0,0,0,0,0,0,0,0,0,0,0,0,0,0,0,0,0,Mississippi,MO
1988Sammy Martin,MartSa00,1988,4,97,NWE,Sammy Martin,No,WR,WR,23,0,0,48,0,0,0,0,0,2,20,0,26,424,1,0,0,0,LSU,MA
1988David Richards,RichDa20,1988,4,98,SDG,David Richards,No,G,G,22,0,0,135,0,0,0,0,0,0,0,0,0,0,0,0,0,0,UCLA,CA
1988Greg Johnson,JohnGr21,1988,4,99,MIA,Greg Johnson,No,T,T,23,0,0,1,0,0,0,0,0,0,0,0,0,0,0,0,0,0,Oklahoma,FL
1988Teddy Garcia,garcited01,1988,4,100,NWE,Teddy Garcia,No,K,K,24,0,0,28,0,0,0,0,0,0,0,0,0,0,0,0,0,0,La-Monroe,MA
1988Kevin Harmon,HarmKe20,1988,4,101,SEA,Kevin Harmon,No,RB,RB,21,0,0,9,0,0,0,0,0,3,37,0,0,0,0,0,0,0,Iowa,WA
1988Barry Helton,HeltBa20,1988,4,102,SFO,Barry Helton,No,P,P,23,0,0,50,2,2,22,0,0,2,0,0,0,0,0,0,0,0,Colorado,CA
1988Anthony Blaylock,BlayAn20,1988,4,103,CLE,Anthony Blaylock,No,DB,DB,23,0,0,71,0,0,0,0,0,0,0,0,0,0,0,6,5,0,Winston-Salem St.,OH
1988Michael Ball,BallMi20,1988,4,104,IND,Michael Ball,No,DB,DB,24,0,0,84,0,0,0,0,0,0,0,0,0,0,0,1,1,0,Saginaw Valley St.,IN
1988James Thornton,ThorJa00,1988,4,105,CHI,James Thornton,No,TE,TE,23,0,0,96,0,0,0,0,0,1,4,0,107,1338,7,0,0,0,Cal State-Fullerton,IL
1988Lydell Carr,CarrLy20,1988,4,106,NOR,Lydell Carr,No,RB,RB,23,0,0,5,0,0,0,0,0,0,0,0,0,0,0,0,0,0,Oklahoma,LA
1988Monte Robbins,0,1988,4,107,TAM,Monte Robbins,No,P,P,0,0,0,0,0,0,0,0,0,0,0,0,0,0,0,0,0,0,Michigan,FL
1988Todd Kalis,KaliTo20,1988,4,108,MIN,Todd Kalis,No,G,G,23,0,0,103,0,0,0,0,0,0,0,0,0,0,0,0,0,0,Arizona St.,MN
1988Jamie Morris,MorrJa00,1988,4,109,WAS,Jamie Morris,No,RB,RB,23,0,0,33,0,0,0,0,0,252,777,4,9,68,0,0,0,0,Michigan,DC
1988Charles Dimry,DimrCh20,1988,5,110,ATL,Charles Dimry,No,DB,DB,22,0,0,183,0,0,0,0,0,0,0,0,0,0,0,21,1,0,UNLV,GA
1988Eric Andolsek,AndoEr20,1988,5,111,DET,Eric Andolsek,No,G,G,22,0,0,61,0,0,0,0,0,0,0,0,0,0,0,0,0,0,LSU,MI
1988Greg Scales,ScalGr00,1988,5,112,NOR,Greg Scales,No,TE,TE,22,0,0,44,0,0,0,0,0,0,0,0,21,196,2,0,0,0,Wake Forest,LA
1988William Howard,HowaWi00,1988,5,113,TAM,William Howard,No,RB,RB,24,0,0,31,0,0,0,0,0,223,809,2,41,285,1,0,0,0,Tennessee,FL
1988Herb Wester,0,1988,5,114,CIN,Herb Wester,No,T,T,0,0,0,0,0,0,0,0,0,0,0,0,0,0,0,0,0,0,Iowa,OH
1988Troy Wolkow,0,1988,5,115,NWE,Troy Wolkow,No,G,G,0,0,0,0,0,0,0,0,0,0,0,0,0,0,0,0,0,0,Minnesota,MA
1988Darrell Reed,0,1988,5,116,GNB,Darrell Reed,No,LB,LB,0,0,0,0,0,0,0,0,0,0,0,0,0,0,0,0,0,0,Oklahoma,WI
1988Robert Delpino,DelpRo00,1988,5,117,RAM,Robert Delpino,No,RB,RB,22,0,0,88,0,0,0,0,0,502,1815,18,178,1769,9,0,0,0,Missouri,CA
1988Jon Carter,CartJo21,1988,5,118,NYG,Jon Carter,No,DT,DT,23,0,0,13,0,0,0,0,0,0,0,0,0,0,0,0,0,0,Pittsburgh,NY
1988Mike Withycombe,WithMi20,1988,5,119,NYJ,Mike Withycombe,No,G,G,23,0,0,30,0,0,0,0,0,0,0,0,0,0,0,0,0,0,Fresno St.,NY
1988Chris Gaines,GainCh20,1988,5,120,PHO,Chris Gaines,No,LB,LB,23,0,0,4,0,0,0,0,0,0,0,0,0,0,0,0,0,0,Vanderbilt,AZ
1988Darin Jordan,JordDa20,1988,5,121,PIT,Darin Jordan,No,LB,LB,23,0,0,59,0,0,0,0,0,0,0,0,0,0,0,1,0,0,Northeastern,PA
1988Eric Everett,EverEr20,1988,5,122,PHI,Eric Everett,No,DB,DB,22,0,0,75,0,0,0,0,0,0,0,0,0,0,0,8,1,0,Texas Tech,PA
1988Ezekial Gadson,0,1988,5,123,BUF,Ezekial Gadson,No,DB,DB,0,0,0,0,0,0,0,0,0,0,0,0,0,0,0,0,0,0,Pittsburgh,NY
1988Darrell Fullington,FullDa20,1988,5,124,MIN,Darrell Fullington,No,DB,DB,24,0,0,79,0,0,0,0,0,0,0,0,1,12,0,10,1,0,Miami (FL),MN
1988Cris Dishman,DishCr00,1988,5,125,HOU,Cris Dishman,No,DB,DB,23,1,2,199,0,0,0,0,0,0,0,0,0,0,0,43,1.5,0,Purdue,TX
1988Rodney Thomas,ThomRo22,1988,5,126,MIA,Rodney Thomas,No,DB,DB,22,0,0,46,0,0,0,0,0,0,0,0,0,0,0,3,1,0,BYU,FL
1988Carl Mims,0,1988,5,127,WAS,Carl Mims,No,DB,DB,0,0,0,0,0,0,0,0,0,0,0,0,0,0,0,0,0,0,Sam Houston St.,DC
1988Jerry Reese,ReesJe20,1988,5,128,PIT,Jerry Reese,No,DE,DE,24,0,0,15,0,0,0,0,0,0,0,0,0,0,0,1,0,0,Kentucky,PA
1988John Baylor,BaylJo21,1988,5,129,IND,John Baylor,No,DB,DB,23,0,0,74,0,0,0,0,0,0,0,0,0,0,0,8,4,0,Southern Miss,IN
1988Chris Verhulst,VerhCh20,1988,5,130,HOU,Chris Verhulst,No,TE,TE,22,0,0,28,0,0,0,0,0,0,0,0,7,61,0,0,0,0,Cal State-Chico,TX
1988Dennis Price,PricDe20,1988,5,131,RAI,Dennis Price,No,DB,DB,23,0,0,31,0,0,0,0,0,0,0,0,0,0,0,3,0,0,UCLA,CA
1988Tony Jordan,JordTo00,1988,5,132,PHO,Tony Jordan,No,RB,RB,23,0,0,22,0,0,0,0,0,144,371,5,10,44,0,0,0,0,Kansas St.,AZ
1988Troy Johnson,JohnTr22,1988,5,133,CHI,Troy Johnson,No,LB,LB,23,0,0,64,0,0,0,0,0,0,0,0,0,0,0,2,0,0,Oklahoma,IL
1988Keith Taylor,TaylKe20,1988,5,134,NOR,Keith Taylor,No,DB,DB,23,0,0,103,0,0,0,0,0,0,0,0,0,0,0,13,1,0,Illinois,LA
1988Kirk Roach,0,1988,5,135,BUF,Kirk Roach,No,K,K,0,0,0,0,0,0,0,0,0,0,0,0,0,0,0,0,0,0,West. Carolina,NY
1988Corris Ervin,0,1988,5,136,DEN,Corris Ervin,No,DB,DB,0,0,0,0,0,0,0,0,0,0,0,0,0,0,0,0,0,0,Central Florida,CO
1988James Washington,WashJa20,1988,5,137,RAM,James Washington,No,DB,DB,23,0,0,114,0,0,0,0,0,0,0,0,0,0,0,17,0,0,UCLA,CA
1988George Thomas,ThomGe00,1988,6,138,ATL,George Thomas,No,WR,WR,24,0,0,51,0,0,0,0,0,0,0,0,56,848,3,0,0,0,UNLV,GA
1988James Saxon,SaxoJa00,1988,6,139,KAN,James Saxon,No,FB,FB,22,0,0,111,0,1,0,0,1,145,533,5,69,515,0,0,0,0,San Jose St.,MO
1988Houston Hoover,HoovHo20,1988,6,140,ATL,Houston Hoover,No,G,G,23,0,0,98,0,0,0,0,0,0,0,0,0,0,0,0,0,0,Jackson St.,GA
1988Paul Jetton,JettPa20,1988,6,141,CIN,Paul Jetton,No,G,G,23,0,0,30,0,0,0,0,0,0,0,0,0,0,0,0,0,0,Texas,OH
1988Carl Painter,PainCa20,1988,6,142,DET,Carl Painter,No,RB,RB,24,0,0,27,0,0,0,0,0,32,106,0,4,42,0,0,0,0,Hampton,MI
1988Erwin Grabisna,0,1988,6,143,RAI,Erwin Grabisna,No,LB,LB,0,0,0,0,0,0,0,0,0,0,0,0,0,0,0,0,0,0,Case Western Reserve,CA
1988Nate Hill,HillNa20,1988,6,144,GNB,Nate Hill,No,DE,DE,22,0,0,4,0,0,0,0,0,0,0,0,0,0,0,0,0,0,Auburn,WI
1988David Houle,0,1988,6,145,NYG,David Houle,No,G,G,0,0,0,0,0,0,0,0,0,0,0,0,0,0,0,0,0,0,Michigan St.,NY
1988Paul Frase,FrasPa20,1988,6,146,NYJ,Paul Frase,No,DE,DE,23,0,0,139,0,0,0,0,0,0,0,0,0,0,0,11,0,0,Syracuse,NY
1988Keith Jones,JoneKe00,1988,6,147,RAM,Keith Jones,No,RB,RB,22,0,0,16,0,0,0,0,0,43,160,1,15,126,0,0,0,0,Nebraska,CA
1988Jon Phillips,0,1988,6,148,PHO,Jon Phillips,No,G,G,0,0,0,0,0,0,0,0,0,0,0,0,0,0,0,0,0,0,Oklahoma,AZ
1988Don McPherson,0,1988,6,149,PHI,Don McPherson,No,QB,QB,0,0,0,0,0,0,0,0,0,0,0,0,0,0,0,0,0,0,Syracuse,PA
1988Dan Murray,MurrDa20,1988,6,150,BUF,Dan Murray,No,LB,LB,21,0,0,4,0,0,0,0,0,0,0,0,0,0,0,0,0,0,East Stroudsburg,NY
1988Scott Secules,SecuSc00,1988,6,151,DAL,Scott Secules,No,QB,QB,23,0,0,57,108,204,1311,4,14,24,136,1,0,0,0,0,0,0,Virginia,TX
1988Cedric Figaro,FigaCe20,1988,6,152,SDG,Cedric Figaro,No,LB,LB,22,0,0,98,0,0,0,0,0,0,0,0,0,0,0,2,1,0,Notre Dame,CA
1988Melvin Bratton,0,1988,6,153,MIA,Melvin Bratton,No,RB,RB,0,0,0,0,0,0,0,0,0,0,0,0,0,0,0,0,0,0,Miami (FL),FL
1988Steve Johnson,JohnSt21,1988,6,154,NWE,Steve Johnson,No,TE,TE,23,0,0,14,0,0,0,0,0,0,0,0,1,5,0,0,0,0,Virginia Tech,MA
1988Warren Williams,WillWa00,1988,6,155,PIT,Warren Williams,No,RB,RB,23,0,0,71,0,0,0,0,0,251,1191,8,38,339,2,0,0,0,Miami (FL),PA
1988George Cooper,0,1988,6,156,MIA,George Cooper,No,RB,RB,0,0,0,0,0,0,0,0,0,0,0,0,0,0,0,0,0,0,Ohio St.,FL
1988Kurt Crain,0,1988,6,157,HOU,Kurt Crain,No,LB,LB,0,0,0,0,0,0,0,0,0,0,0,0,0,0,0,0,0,0,Auburn,TX
1988Roy Hart,HartRo20,1988,6,158,SEA,Roy Hart,No,NT,DT,23,0,0,17,0,0,0,0,0,0,0,0,0,0,0,2,0,0,South Carolina,WA
1988Stan Humphries,HumpSt00,1988,6,159,WAS,Stan Humphries,No,QB,QB,23,0,0,88,1431,2516,17191,89,84,150,356,7,1,-4,0,0,0,0,La-Monroe,DC
1988Rob Sterling,0,1988,6,160,PHI,Rob Sterling,No,DB,DB,0,0,0,0,0,0,0,0,0,0,0,0,0,0,0,0,0,0,Maine,PA
1988Lemuel Stinson,StinLe20,1988,6,161,CHI,Lemuel Stinson,No,DB,DB,22,0,0,69,0,0,0,0,0,0,0,0,0,0,0,16,0,0,Texas Tech,IL
1988Bob Sims,0,1988,6,162,NOR,Bob Sims,No,G,G,0,0,0,0,0,0,0,0,0,0,0,0,0,0,0,0,0,0,Florida,LA
1988Shawn Lee,LeexSh20,1988,6,163,TAM,Shawn Lee,No,DT,DT,21,0,0,148,0,0,0,0,0,0,0,0,0,0,0,28.5,2,0,North Alabama,FL
1988Derrick White,0,1988,6,164,MIN,Derrick White,No,DB,DB,0,0,0,0,0,0,0,0,0,0,0,0,0,0,0,0,0,0,Oklahoma,MN
1988Jeff Knapton,0,1988,6,165,RAM,Jeff Knapton,No,DT,DT,0,0,0,0,0,0,0,0,0,0,0,0,0,0,0,0,0,0,Wyoming,CA
1988Michael Haynes,HaynMi00,1988,7,166,ATL,Michael Haynes,No,WR,WR,22,0,0,147,0,0,0,0,0,8,78,0,428,6588,47,0,0,0,Northern Arizona,GA
1988Kerry Goode,GoodKe00,1988,7,167,TAM,Kerry Goode,No,RB,RB,23,0,0,15,0,0,0,0,0,63,231,0,7,68,0,0,0,0,Alabama,FL
1988Rich Romer,RomeRi20,1988,7,168,CIN,Rich Romer,No,LB,LB,22,0,0,9,0,0,0,0,0,0,0,0,0,0,0,0,0,0,Union (NY),OH
1988Jeff James,0,1988,7,169,DET,Jeff James,No,WR,WR,0,0,0,0,0,0,0,0,0,0,0,0,0,0,0,0,0,0,Stanford,MI
1988Troy Stedman,StedTr20,1988,7,170,KAN,Troy Stedman,No,LB,LB,23,0,0,5,0,0,0,0,0,0,0,0,0,0,0,0,0,0,Washburn,MO
1988Derrick Crudup,CrudDe20,1988,7,171,RAI,Derrick Crudup,No,DB,DB,23,0,0,20,0,0,0,0,0,0,0,0,0,0,0,0,0,0,Oklahoma,CA
1988Gary Patton,0,1988,7,172,NYJ,Gary Patton,No,RB,RB,0,0,0,0,0,0,0,0,0,0,0,0,0,0,0,0,0,0,East. Michigan,NY
1988Gary Richard,RichGa20,1988,7,173,GNB,Gary Richard,No,DB,DB,22,0,0,10,0,0,0,0,0,0,0,0,0,0,0,0,0,0,Pittsburgh,WI
1988Pat Kelly,KellPa21,1988,7,174,DEN,Pat Kelly,No,TE,TE,22,0,0,41,0,0,0,0,0,0,0,0,4,17,0,0,0,0,Syracuse,CO
1988Mike Perez,0,1988,7,175,NYG,Mike Perez,No,QB,QB,0,0,0,0,0,0,0,0,0,0,0,0,0,0,0,0,0,0,San Jose St.,NY
1988Todd White,0,1988,7,176,PHI,Todd White,No,WR,WR,0,0,0,0,0,0,0,0,0,0,0,0,0,0,0,0,0,0,Cal State-Fullerton,PA
1988Tim Borcky,0,1988,7,177,BUF,Tim Borcky,No,T,T,0,0,0,0,0,0,0,0,0,0,0,0,0,0,0,0,0,0,Memphis,NY
1988Owen Hooven,0,1988,7,178,DAL,Owen Hooven,No,T,T,0,0,0,0,0,0,0,0,0,0,0,0,0,0,0,0,0,0,Oregon St.,TX
1988Ernie Jones,JoneEr00,1988,7,179,PHO,Ernie Jones,No,WR,WR,23,0,0,83,0,0,0,0,0,13,76,0,215,3630,20,0,0,0,Indiana,AZ
1988Kerwin Bell,BellKe00,1988,7,180,MIA,Kerwin Bell,No,QB,QB,23,0,0,1,5,5,75,1,0,1,-1,0,0,0,0,0,0,0,Florida,FL
1988Darryl Usher,UsheDa20,1988,7,181,NWE,Darryl Usher,No,WR,WR,23,0,0,13,0,0,0,0,0,0,0,0,1,8,0,0,0,0,Illinois,MA
1988Marc Zeno,0,1988,7,182,PIT,Marc Zeno,No,WR,WR,0,0,0,0,0,0,0,0,0,0,0,0,0,0,0,0,0,0,Tulane,PA
1988Brad Beckman,BeckBr00,1988,7,183,MIN,Brad Beckman,No,TE,TE,23,0,0,24,0,0,0,0,0,0,0,0,11,102,1,0,0,0,Nebraska-Omaha,MN
1988Bo Wright,0,1988,7,184,BUF,Bo Wright,No,RB,RB,0,0,0,0,0,0,0,0,0,0,0,0,0,0,0,0,0,0,Alabama,NY
1988Ray Jackson,0,1988,7,185,SEA,Ray Jackson,No,DB,DB,0,0,0,0,0,0,0,0,0,0,0,0,0,0,0,0,0,0,Ohio St.,WA
1988Danta Whitaker,WhitDa00,1988,7,186,NYG,Danta Whitaker,No,TE,TE,24,0,0,27,0,0,0,0,0,0,0,0,9,74,1,0,0,0,Miss. Valley St.,NY
1988Tracey Eaton,EatoTr20,1988,7,187,HOU,Tracey Eaton,No,DB,DB,23,0,0,60,0,0,0,0,0,0,0,0,0,0,0,4,0,0,Portland,TX
1988Thane Gash,GashTh20,1988,7,188,CLE,Thane Gash,No,DB,DB,23,0,0,64,0,0,0,0,0,0,0,0,0,0,0,4,2,0,East Tennessee St.,OH
1988Caesar Rentie,RentCa20,1988,7,189,CHI,Caesar Rentie,No,T,T,23,0,0,5,0,0,0,0,0,0,0,0,0,0,0,0,0,0,Oklahoma,IL
1988Brian Forde,FordBr21,1988,7,190,NOR,Brian Forde,No,LB,LB,24,0,0,64,0,0,0,0,0,0,0,0,0,0,0,0,0,0,Washington St.,LA
1988Kevin Bryant,0,1988,7,191,SFO,Kevin Bryant,No,LB,LB,0,0,0,0,0,0,0,0,0,0,0,0,0,0,0,0,0,0,Delaware St.,CA
1988Garry Frank,0,1988,7,192,DEN,Garry Frank,No,G,G,0,0,0,0,0,0,0,0,0,0,0,0,0,0,0,0,0,0,Mississippi St.,CO
1988Harold Hicks,0,1988,7,193,WAS,Harold Hicks,No,DB,DB,0,0,0,0,0,0,0,0,0,0,0,0,0,0,0,0,0,0,San Diego St.,DC
1988Phillip Brown,0,1988,8,194,ATL,Phillip Brown,No,LB,LB,0,0,0,0,0,0,0,0,0,0,0,0,0,0,0,0,0,0,Alabama,GA
1988Curtis Maxey,MaxeCu20,1988,8,195,CIN,Curtis Maxey,No,DE,DE,23,0,0,5,0,0,0,0,0,0,0,0,0,0,0,0,0,0,Grambling St.,OH
1988Gary Hadd,HaddGa20,1988,8,196,DET,Gary Hadd,No,DT,DT,22,0,0,15,0,0,0,0,0,0,0,0,0,0,0,0,0,0,Minnesota,MI
1988Alfredo Roberts,RobeAl00,1988,8,197,KAN,Alfredo Roberts,No,TE,TE,23,0,0,80,0,0,0,0,0,0,0,0,48,450,2,0,0,0,Miami (FL),MO
1988Anthony Simpson,0,1988,8,198,TAM,Anthony Simpson,No,RB,RB,0,0,0,0,0,0,0,0,0,0,0,0,0,0,0,0,0,0,East Carolina,FL
1988Mike Alexander,AlexMi00,1988,8,199,RAI,Mike Alexander,No,WR,WR,23,0,0,19,0,0,0,0,0,0,0,0,16,302,1,0,0,0,Penn St.,CA
1988Patrick Collins,CollPa20,1988,8,200,GNB,Patrick Collins,No,RB,RB,22,0,0,5,0,0,0,0,0,2,2,0,2,17,0,0,0,0,Oklahoma,WI
1988Darryl Franklin,0,1988,8,201,RAM,Darryl Franklin,No,WR,WR,0,0,0,0,0,0,0,0,0,0,0,0,0,0,0,0,0,0,Washington,CA
1988Sammy Lilly,LillSa20,1988,8,202,NYG,Sammy Lilly,No,DB,DB,23,0,0,50,0,0,0,0,0,0,0,0,0,0,0,0,0,0,Georgia Tech,NY
1988Keith Neubert,NeubKe00,1988,8,203,NYJ,Keith Neubert,No,TE,TE,24,0,0,17,0,0,0,0,0,0,0,0,28,302,1,0,0,0,Nebraska,NY
1988John Hagy,HagyJo20,1988,8,204,BUF,John Hagy,No,DB,DB,22,0,0,28,0,0,0,0,0,0,0,0,0,0,0,2,0,0,Texas,NY
1988Mark Higgs,HiggMa00,1988,8,205,DAL,Mark Higgs,No,RB,RB,22,0,0,90,0,0,0,0,0,794,2959,14,40,303,0,0,0,0,Kentucky,TX
1988Tim Moore,0,1988,8,206,PHO,Tim Moore,No,LB,LB,0,0,0,0,0,0,0,0,0,0,0,0,0,0,0,0,0,0,Michigan St.,AZ
1988David Smith,0,1988,8,207,PHI,David Smith,No,RB,RB,0,0,0,0,0,0,0,0,0,0,0,0,0,0,0,0,0,0,West. Kentucky,PA
1988David Tate,TateDa20,1988,8,208,CHI,David Tate,No,DB,DB,23,0,0,142,0,0,0,0,0,0,0,0,0,0,0,11,1,0,Colorado,IL
1988Mark Nichols,0,1988,8,209,PIT,Mark Nichols,No,DT,DT,0,0,0,0,0,0,0,0,0,0,0,0,0,0,0,0,0,0,Michigan St.,PA
1988Joe Cain,CainJo20,1988,8,210,MIN,Joe Cain,No,LB,LB,23,0,0,131,0,0,0,0,0,0,0,0,0,0,0,3,1,0,Oregon Tech,MN
1988Mike Hinnant,HinnMi20,1988,8,211,PIT,Mike Hinnant,No,TE,TE,22,0,0,36,0,0,0,0,0,0,0,0,4,51,0,0,0,0,Temple,PA
1988Harry Galbreath,GalbHa20,1988,8,212,MIA,Harry Galbreath,No,G,G,23,0,0,141,0,0,0,0,0,0,0,0,0,0,0,0,0,0,Tennessee,FL
1988Jeff Wright,WrigJe21,1988,8,213,BUF,Jeff Wright,No,NT,DT,25,0,0,98,0,0,0,0,0,0,0,0,0,0,0,31.5,1,0,Central Missouri St.,NY
1988David Viaene,ViaeDa20,1988,8,214,HOU,David Viaene,No,C,C,23,0,0,21,0,0,0,0,0,0,0,0,0,0,0,0,0,0,Minnesota-Duluth,TX
1988Robert Tyler,TyleRo00,1988,8,215,SEA,Robert Tyler,No,TE,TE,22,0,0,9,0,0,0,0,0,0,0,0,14,148,0,0,0,0,South Carolina St.,WA
1988J.J. Birden,BirdJJ00,1988,8,216,CLE,J.J. Birden,No,WR,WR,23,0,0,93,0,0,0,0,0,0,0,0,244,3441,17,0,0,0,Oregon,OH
1988Harvey Reed,0,1988,8,217,CHI,Harvey Reed,No,RB,RB,0,0,0,0,0,0,0,0,0,0,0,0,0,0,0,0,0,0,Howard,IL
1988Glenn Derby,DerbGl20,1988,8,218,NOR,Glenn Derby,No,T,T,24,0,0,7,0,0,0,0,0,0,0,0,0,0,0,0,0,0,Wisconsin,LA
1988Larry Clarkson,0,1988,8,219,SFO,Larry Clarkson,No,T,T,0,0,0,0,0,0,0,0,0,0,0,0,0,0,0,0,0,0,Montana,CA
1988Louis Cheek,CheeLo20,1988,8,220,MIA,Louis Cheek,No,T,T,23,0,0,45,0,0,0,0,0,0,0,0,0,0,0,0,0,0,Texas A&M,FL
1988Darryl McGill,0,1988,8,221,WAS,Darryl McGill,No,RB,RB,0,0,0,0,0,0,0,0,0,0,0,0,0,0,0,0,0,0,Wake Forest,DC
1988James Primus,PrimJa00,1988,9,222,ATL,James Primus,No,RB,RB,24,0,0,21,0,0,0,0,0,35,95,1,8,42,0,0,0,0,UCLA,GA
1988Kip Corrington,CorrKi20,1988,9,223,DET,Kip Corrington,No,DB,DB,23,0,0,32,0,0,0,0,0,0,0,0,0,0,0,1,0,0,Texas A&M,MI
1988Azizuddin Abdur-Ra'oof,0,1988,9,224,KAN,Azizuddin Abdur-Ra'oof,No,WR,WR,0,0,0,0,0,0,0,0,0,0,0,0,0,0,0,0,0,0,Maryland,MO
1988Reuben Davis,DaviRe21,1988,9,225,TAM,Reuben Davis,No,DE,DE,23,0,0,139,0,0,0,0,0,0,0,0,0,0,0,20.5,1,0,North Carolina,FL
1988Brandy Wells,0,1988,9,226,CIN,Brandy Wells,No,DB,DB,0,0,0,0,0,0,0,0,0,0,0,0,0,0,0,0,0,0,Notre Dame,OH
1988Reggie Ware,0,1988,9,227,RAI,Reggie Ware,No,RB,RB,0,0,0,0,0,0,0,0,0,0,0,0,0,0,0,0,0,0,Auburn,CA
1988Neal Wilkinson,0,1988,9,228,GNB,Neal Wilkinson,No,TE,TE,0,0,0,0,0,0,0,0,0,0,0,0,0,0,0,0,0,0,James Madison,WI
1988Scott Tabor,0,1988,9,229,RAI,Scott Tabor,No,P,P,0,0,0,0,0,0,0,0,0,0,0,0,0,0,0,0,0,0,California,CA
1988Ralph Tamm,TammRa20,1988,9,230,NYJ,Ralph Tamm,No,G,G,22,0,0,121,0,0,0,0,0,0,0,0,0,0,0,0,0,0,West Chester,NY
1988Pat Foster,0,1988,9,231,RAM,Pat Foster,No,DT,DT,0,0,0,0,0,0,0,0,0,0,0,0,0,0,0,0,0,0,Montana,CA
1988Brian Bedford,0,1988,9,232,DAL,Brian Bedford,No,WR,WR,0,0,0,0,0,0,0,0,0,0,0,0,0,0,0,0,0,0,California,TX
1988Scott Dill,DillSc20,1988,9,233,PHO,Scott Dill,No,T,T,22,0,0,110,0,0,0,0,0,0,0,0,0,0,0,0,0,0,Memphis,AZ
1988Todd Irvin,0,1988,9,234,DET,Todd Irvin,No,T,T,0,0,0,0,0,0,0,0,0,0,0,0,0,0,0,0,0,0,Mississippi,MI
1988Carlton Bailey,BailCa20,1988,9,235,BUF,Carlton Bailey,No,LB,LB,23,0,0,142,0,0,0,0,0,0,0,0,0,0,0,10,1,0,North Carolina,NY
1988Gordie Lockbaum,0,1988,9,236,PIT,Gordie Lockbaum,No,RB,RB,0,0,0,0,0,0,0,0,0,0,0,0,0,0,0,0,0,0,Holy Cross,PA
1988Paul McGowan,0,1988,9,237,MIN,Paul McGowan,No,LB,LB,0,0,0,0,0,0,0,0,0,0,0,0,0,0,0,0,0,0,Florida St.,MN
1988Joey Howard,HowaJo20,1988,9,238,SDG,Joey Howard,No,T,T,23,0,0,9,0,0,0,0,0,0,0,0,0,0,0,0,0,0,Tennessee,CA
1988Jeff Cross,CrosJe00,1988,9,239,MIA,Jeff Cross,No,DE,DE,22,0,1,125,0,0,0,0,0,0,0,0,0,0,0,59.5,1,0,Missouri,FL
1988Neil Galbraith,0,1988,9,240,NWE,Neil Galbraith,No,DB,DB,0,0,0,0,0,0,0,0,0,0,0,0,0,0,0,0,0,0,Central Oklahoma,MA
1988David Spradlin,0,1988,9,241,HOU,David Spradlin,No,LB,LB,0,0,0,0,0,0,0,0,0,0,0,0,0,0,0,0,0,0,TCU,TX
1988Deatrich Wise,0,1988,9,242,SEA,Deatrich Wise,No,DT,DT,0,0,0,0,0,0,0,0,0,0,0,0,0,0,0,0,0,0,Jackson St.,WA
1988Jeff Herrod,HerrJe20,1988,9,243,IND,Jeff Herrod,No,LB,LB,22,0,0,153,0,0,0,0,0,0,0,0,0,0,0,14.5,5,0,Mississippi,IN
1988Danny Copeland,CopeDa20,1988,9,244,CLE,Danny Copeland,No,DB,DB,22,0,0,73,0,0,0,0,0,0,0,0,0,0,0,2,1,0,East. Kentucky,OH
1988Rogie Magee,0,1988,9,245,CHI,Rogie Magee,No,WR,WR,0,0,0,0,0,0,0,0,0,0,0,0,0,0,0,0,0,0,LSU,IL
1988Clarence Nunn,0,1988,9,246,NOR,Clarence Nunn,No,DB,DB,0,0,0,0,0,0,0,0,0,0,0,0,0,0,0,0,0,0,San Diego St.,LA
1988Brian Bonner,BonnBr20,1988,9,247,SFO,Brian Bonner,No,LB,LB,22,0,0,6,0,0,0,0,0,0,0,0,0,0,0,0,0,0,Minnesota,CA
1988Mel Farr,FarrMe20,1988,9,248,DEN,Mel Farr,No,RB,RB,22,0,0,1,0,0,0,0,0,0,0,0,0,0,0,0,0,0,UCLA,CO
1988Blake Peterson,0,1988,9,249,WAS,Blake Peterson,No,LB,LB,0,0,0,0,0,0,0,0,0,0,0,0,0,0,0,0,0,0,Mesa (CO),DC
1988Stan Clayton,ClaySt20,1988,10,250,ATL,Stan Clayton,No,G,G,23,0,0,26,0,0,0,0,0,0,0,0,0,0,0,0,0,0,Penn St.,GA
1988Kenny Gamble,GambKe00,1988,10,251,KAN,Kenny Gamble,No,RB,RB,23,0,0,19,0,0,0,0,0,6,24,1,3,-5,0,1,0,0,Colgate,MO
1988John Jackson,JackJo22,1988,10,252,PIT,John Jackson,No,T,T,23,0,0,203,0,0,0,0,0,0,0,0,0,0,0,0,0,0,East. Kentucky,PA
1988Ellis Dillahunt,DillEl20,1988,10,253,CIN,Ellis Dillahunt,No,DB,DB,23,0,0,8,0,0,0,0,0,0,0,0,0,0,0,0,0,0,East Carolina,OH
1988Paco Craig,CraiPa20,1988,10,254,DET,Paco Craig,No,WR,WR,23,0,0,8,0,0,0,0,0,0,0,0,2,29,0,0,0,0,UCLA,MI
1988Newt Harrell,0,1988,10,255,RAI,Newt Harrell,No,T,T,0,0,0,0,0,0,0,0,0,0,0,0,0,0,0,0,0,0,West Texas A&M,CA
1988Bud Keyes,0,1988,10,256,GNB,Bud Keyes,No,QB,QB,0,0,0,0,0,0,0,0,0,0,0,0,0,0,0,0,0,0,Wisconsin,WI
1988John Booty,BootJo20,1988,10,257,NYJ,John Booty,No,DB,DB,22,0,0,102,0,0,0,0,0,0,0,0,1,48,0,14,4,0,TCU,NY
1988R.C. Mullin,0,1988,10,258,RAM,R.C. Mullin,No,T,T,0,0,0,0,0,0,0,0,0,0,0,0,0,0,0,0,0,0,La-Lafayette,CA
1988Eric Hickerson,0,1988,10,259,NYG,Eric Hickerson,No,DB,DB,0,0,0,0,0,0,0,0,0,0,0,0,0,0,0,0,0,0,Indiana,NY
1988Andy Schillinger,SchiAn20,1988,10,260,PHO,Andy Schillinger,No,WR,WR,23,0,0,3,0,0,0,0,0,0,0,0,0,0,0,0,0,0,Miami (OH),AZ
1988Joe Schuster,0,1988,10,261,PHI,Joe Schuster,No,DT,DT,0,0,0,0,0,0,0,0,0,0,0,0,0,0,0,0,0,0,Iowa,PA
1988Martin Mayhew,MayhMa20,1988,10,262,BUF,Martin Mayhew,No,DB,DB,22,0,0,118,0,0,0,0,0,0,0,0,0,0,0,21,1,0,Florida St.,NY
1988Billy Owens,OwenBi21,1988,10,263,DAL,Billy Owens,No,DB,DB,22,0,0,16,0,0,0,0,0,0,0,0,0,0,0,1,0,0,Pittsburgh,TX
1988Brian Habib,HabiBr20,1988,10,264,MIN,Brian Habib,No,G,G,23,0,0,174,0,0,0,0,0,0,0,0,0,0,0,0,0,0,Washington,MN
1988Steve Wilkes,0,1988,10,265,NYG,Steve Wilkes,No,TE,TE,0,0,0,0,0,0,0,0,0,0,0,0,0,0,0,0,0,0,Appalachian St.,NY
1988Artis Jackson,0,1988,10,266,MIA,Artis Jackson,No,DT,DT,0,0,0,0,0,0,0,0,0,0,0,0,0,0,0,0,0,0,Texas Tech,FL
1988Rodney Lossow,0,1988,10,267,NWE,Rodney Lossow,No,C,C,0,0,0,0,0,0,0,0,0,0,0,0,0,0,0,0,0,0,Wisconsin,MA
1988Channing Williams,0,1988,10,268,DEN,Channing Williams,No,RB,RB,0,0,0,0,0,0,0,0,0,0,0,0,0,0,0,0,0,0,Arizona St.,CO
1988Derwin Jones,0,1988,10,269,SEA,Derwin Jones,No,DE,DE,0,0,0,0,0,0,0,0,0,0,0,0,0,0,0,0,0,0,Miami (FL),WA
1988O'Brien Alston,AlstOB20,1988,10,270,IND,O'Brien Alston,No,LB,LB,22,0,0,19,0,0,0,0,0,0,0,0,0,0,0,4,0,0,Maryland,IN
1988Marco Johnson,0,1988,10,271,HOU,Marco Johnson,No,WR,WR,0,0,0,0,0,0,0,0,0,0,0,0,0,0,0,0,0,0,Hawaii,TX
1988Brian Washington,WashBr20,1988,10,272,CLE,Brian Washington,No,DB,DB,23,0,0,124,0,0,0,0,0,0,0,0,0,0,0,27,5,0,Nebraska,OH
1988Joel Porter,0,1988,10,273,CHI,Joel Porter,No,G,G,0,0,0,0,0,0,0,0,0,0,0,0,0,0,0,0,0,0,Baylor,IL
1988Todd Santos,0,1988,10,274,NOR,Todd Santos,No,QB,QB,0,0,0,0,0,0,0,0,0,0,0,0,0,0,0,0,0,0,San Diego St.,LA
1988Tim Foley,0,1988,10,275,SFO,Tim Foley,No,K,K,0,0,0,0,0,0,0,0,0,0,0,0,0,0,0,0,0,0,Georgia Southern,CA
1988Vincent Fizer,0,1988,10,276,NOR,Vincent Fizer,No,LB,LB,0,0,0,0,0,0,0,0,0,0,0,0,0,0,0,0,0,0,Southern,LA
1988Henry Brown,0,1988,10,277,WAS,Henry Brown,No,T,T,0,0,0,0,0,0,0,0,0,0,0,0,0,0,0,0,0,0,Ohio St.,DC
1988James Milling,MillJa00,1988,11,278,ATL,James Milling,No,WR,WR,23,0,0,24,0,0,0,0,0,0,0,0,26,252,1,0,0,0,Maryland,GA
1988Frank Pillow,PillFr00,1988,11,279,TAM,Frank Pillow,No,WR,WR,23,0,0,34,0,0,0,0,0,0,0,0,23,324,1,0,0,0,Tennessee St.,FL
1988Paul Hickert,0,1988,11,280,CIN,Paul Hickert,No,K,K,0,0,0,0,0,0,0,0,0,0,0,0,0,0,0,0,0,0,Murray St.,OH
1988Danny McCoin,0,1988,11,281,DET,Danny McCoin,No,QB,QB,0,0,0,0,0,0,0,0,0,0,0,0,0,0,0,0,0,0,Cincinnati,MI
1988Danny McManus,0,1988,11,282,KAN,Danny McManus,No,QB,QB,0,0,0,0,0,0,0,0,0,0,0,0,0,0,0,0,0,0,Florida St.,MO
1988David Weber,0,1988,11,283,RAI,David Weber,No,QB,QB,0,0,0,0,0,0,0,0,0,0,0,0,0,0,0,0,0,0,,CA
1988Rick McLeod,0,1988,11,284,SEA,Rick McLeod,No,T,T,0,0,0,0,0,0,0,0,0,0,0,0,0,0,0,0,0,0,Washington,WA
1988Ed Miller,0,1988,11,285,SDG,Ed Miller,No,C,C,0,0,0,0,0,0,0,0,0,0,0,0,0,0,0,0,0,0,Pittsburgh,CA
1988Greg Harris,0,1988,11,286,NYG,Greg Harris,No,WR,WR,0,0,0,0,0,0,0,0,0,0,0,0,0,0,0,0,0,0,Troy,NY
1988John Galvin,GalvJo21,1988,11,287,NYJ,John Galvin,No,LB,LB,23,0,0,52,0,0,0,0,0,0,0,0,0,0,0,0,0,0,Boston Col.,NY
1988Izel Jenkins,JenkIz20,1988,11,288,PHI,Izel Jenkins,No,DB,DB,24,0,0,86,0,0,0,0,0,0,0,0,0,0,0,4,1,0,North Carolina St.,PA
1988Pete Curkendall,0,1988,11,289,BUF,Pete Curkendall,No,DT,DT,0,0,0,0,0,0,0,0,0,0,0,0,0,0,0,0,0,0,Penn St.,NY
1988Chad Hennings,HennCh20,1988,11,290,DAL,Chad Hennings,No,DT,DT,22,0,0,119,0,0,0,0,0,0,0,0,0,0,0,27.5,0,0,Air Force,TX
1988Keith McCoy,0,1988,11,291,PHO,Keith McCoy,No,DB,DB,0,0,0,0,0,0,0,0,0,0,0,0,0,0,0,0,0,0,Fresno St.,AZ
1988Tom Kelleher,0,1988,11,292,MIA,Tom Kelleher,No,RB,RB,0,0,0,0,0,0,0,0,0,0,0,0,0,0,0,0,0,0,Holy Cross,FL
1988George Hinkle,HinkGe20,1988,11,293,SDG,George Hinkle,No,DE,DE,23,0,0,68,0,0,0,0,0,0,0,0,0,0,0,7.5,0,0,Arizona,CA
1988Marvin Allen,AlleMa01,1988,11,294,NWE,Marvin Allen,No,RB,RB,22,0,0,37,0,0,0,0,0,94,378,2,7,57,0,0,0,0,Tulane,MA
1988Bobby Dawson,0,1988,11,295,PIT,Bobby Dawson,No,DB,DB,0,0,0,0,0,0,0,0,0,0,0,0,0,0,0,0,0,0,Illinois,PA
1988Norman Floyd,0,1988,11,296,MIN,Norman Floyd,No,DB,DB,0,0,0,0,0,0,0,0,0,0,0,0,0,0,0,0,0,0,South Carolina,MN
1988Donnie Dee,DeexDo20,1988,11,297,IND,Donnie Dee,No,TE,TE,23,0,0,17,0,0,0,0,0,0,0,0,0,0,0,0,0,0,Tulsa,IN
1988Jethro Franklin,FranJe22,1988,11,298,HOU,Jethro Franklin,No,DE,DE,22,0,0,7,0,0,0,0,0,0,0,0,0,0,0,0,0,0,Fresno St.,TX
1988Dwayne Harper,HarpDw20,1988,11,299,SEA,Dwayne Harper,No,DB,DB,22,0,0,148,0,0,0,0,0,0,0,0,0,0,0,24,1,0,South Carolina St.,WA
1988Hendley Hawkins,0,1988,11,300,CLE,Hendley Hawkins,No,WR,WR,0,0,0,0,0,0,0,0,0,0,0,0,0,0,0,0,0,0,Nebraska,OH
1988Steve Forch,0,1988,11,301,CHI,Steve Forch,No,LB,LB,0,0,0,0,0,0,0,0,0,0,0,0,0,0,0,0,0,0,Nebraska,IL
1988Gary Couch,0,1988,11,302,NOR,Gary Couch,No,WR,WR,0,0,0,0,0,0,0,0,0,0,0,0,0,0,0,0,0,0,Minnesota,LA
1988Chet Brooks,BrooCh20,1988,11,303,SFO,Chet Brooks,No,DB,DB,22,0,0,33,0,0,0,0,0,0,0,0,0,0,0,3,1,0,Texas A&M,CA
1988Richard Calvin,0,1988,11,304,DEN,Richard Calvin,No,RB,RB,0,0,0,0,0,0,0,0,0,0,0,0,0,0,0,0,0,0,Washington St.,CO
1988Curt Koch,0,1988,11,305,WAS,Curt Koch,No,DE,DE,0,0,0,0,0,0,0,0,0,0,0,0,0,0,0,0,0,0,Colorado,DC
1988Carter Wiley,0,1988,12,306,ATL,Carter Wiley,No,DB,DB,0,0,0,0,0,0,0,0,0,0,0,0,0,0,0,0,0,0,Virginia Tech,GA
1988Carl Parker,ParkCa20,1988,12,307,CIN,Carl Parker,No,WR,WR,23,0,0,6,0,0,0,0,0,0,0,0,1,45,0,0,0,0,Vanderbilt,OH
1988Aatron Kenney,0,1988,12,308,IND,Aatron Kenney,No,WR,WR,0,0,0,0,0,0,0,0,0,0,0,0,0,0,0,0,0,0,Wisc-Stevens Point,IN
1988John Driscoll,0,1988,12,309,BUF,John Driscoll,No,T,T,0,0,0,0,0,0,0,0,0,0,0,0,0,0,0,0,0,0,New Hampshire,NY
1988Victor Jones,JoneVi21,1988,12,310,TAM,Victor Jones,No,LB,LB,21,0,0,93,0,0,0,0,0,0,0,0,0,0,0,1,1,0,Virginia Tech,FL
1988Greg Kunkel,0,1988,12,311,RAI,Greg Kunkel,No,G,G,0,0,0,0,0,0,0,0,0,0,0,0,0,0,0,0,0,0,Kentucky,CA
1988Scott Bolton,BoltSc20,1988,12,312,GNB,Scott Bolton,No,WR,WR,23,0,0,4,0,0,0,0,0,0,0,0,2,33,0,0,0,0,Auburn,WI
1988David Futrell,0,1988,12,313,NYG,David Futrell,No,DT,DT,0,0,0,0,0,0,0,0,0,0,0,0,0,0,0,0,0,0,BYU,NY
1988Albert Goss,0,1988,12,314,NYJ,Albert Goss,No,DT,DT,0,0,0,0,0,0,0,0,0,0,0,0,0,0,0,0,0,0,Jackson St.,NY
1988Wayne Ross,0,1988,12,315,WAS,Wayne Ross,No,P,P,0,0,0,0,0,0,0,0,0,0,0,0,0,0,0,0,0,0,San Diego St.,DC
1988Tom Erlandson,ErlaTo20,1988,12,316,BUF,Tom Erlandson,No,LB,LB,22,0,0,4,0,0,0,0,0,0,0,0,0,0,0,0,0,0,Washington,NY
1988Ben Hummel,0,1988,12,317,DAL,Ben Hummel,No,LB,LB,0,0,0,0,0,0,0,0,0,0,0,0,0,0,0,0,0,0,UCLA,TX
1988Chris Carrier,0,1988,12,318,PHO,Chris Carrier,No,DB,DB,0,0,0,0,0,0,0,0,0,0,0,0,0,0,0,0,0,0,LSU,AZ
1988Steve Kaufusi,KaufSt20,1988,12,319,PHI,Steve Kaufusi,No,DE,DE,24,0,0,32,0,0,0,0,0,0,0,0,0,0,0,0,0,0,BYU,PA
1988Brian Kinchen,KincBr00,1988,12,320,MIA,Brian Kinchen,No,TE,TE,23,0,0,193,0,0,0,0,0,0,0,0,160,1648,7,0,0,0,LSU,FL
1988Dave Nugent,0,1988,12,321,NWE,Dave Nugent,No,DT,DT,0,0,0,0,0,0,0,0,0,0,0,0,0,0,0,0,0,0,Boston Col.,MA
1988James Earle,0,1988,12,322,PIT,James Earle,No,LB,LB,0,0,0,0,0,0,0,0,0,0,0,0,0,0,0,0,0,0,Clemson,PA
1988Brendan McCormack,0,1988,12,323,NYG,Brendan McCormack,No,DT,DT,0,0,0,0,0,0,0,0,0,0,0,0,0,0,0,0,0,0,South Carolina,NY
1988Wendell Phillips,0,1988,12,324,SDG,Wendell Phillips,No,DB,DB,0,0,0,0,0,0,0,0,0,0,0,0,0,0,0,0,0,0,North Alabama,CA
1988John Brantley,BranJo21,1988,12,325,HOU,John Brantley,No,LB,LB,22,0,0,20,0,0,0,0,0,0,0,0,0,0,0,0,0,0,Georgia,TX
1988Dave Des Rochers,0,1988,12,326,SEA,Dave Des Rochers,No,T,T,0,0,0,0,0,0,0,0,0,0,0,0,0,0,0,0,0,0,San Diego St.,WA
1988Tim Vesling,0,1988,12,327,IND,Tim Vesling,No,K,K,0,0,0,0,0,0,0,0,0,0,0,0,0,0,0,0,0,0,Syracuse,IN
1988Steve Slayden,0,1988,12,328,CLE,Steve Slayden,No,QB,QB,0,0,0,0,0,0,0,0,0,0,0,0,0,0,0,0,0,0,Duke,OH
1988Greg Clark,ClarGr20,1988,12,329,CHI,Greg Clark,No,LB,LB,23,0,0,70,0,0,0,0,0,0,0,0,0,0,0,0,0,0,Arizona St.,IL
1988Paul Jurgensen,0,1988,12,330,NOR,Paul Jurgensen,No,DE,DE,0,0,0,0,0,0,0,0,0,0,0,0,0,0,0,0,0,0,Georgia Tech,LA
1988George Jr. Mira,0,1988,12,331,SFO,George Jr. Mira,No,LB,LB,0,0,0,0,0,0,0,0,0,0,0,0,0,0,0,0,0,0,Miami (FL),CA
1988Johnny Carter,0,1988,12,332,DEN,Johnny Carter,No,DT,DT,0,0,0,0,0,0,0,0,0,0,0,0,0,0,0,0,0,0,Grambling St.,CO
1988Jeff Beathard,0,1988,12,333,RAM,Jeff Beathard,No,WR,WR,0,0,0,0,0,0,0,0,0,0,0,0,0,0,0,0,0,0,Southern Oregon,CA
